PRAGMA foreign_keys=OFF;
BEGIN TRANSACTION;
CREATE TABLE students (
    id INTEGER PRIMARY KEY AUTOINCREMENT,
    student_name TEXT NOT NULL,
    username TEXT,
    password TEXT
, class_name TEXT, section TEXT, school_id INTEGER REFERENCES schools(id), class_id INTEGER REFERENCES teacher_classes(id));
INSERT INTO students VALUES(1,'أحمد ماجد','ahmad','1234','العاشر','أ',NULL,NULL);
INSERT INTO students VALUES(2,'سارة','sara','1234',NULL,NULL,NULL,NULL);
INSERT INTO students VALUES(4,'هاشم معاذ',NULL,NULL,'العاشر','أ',NULL,NULL);
INSERT INTO students VALUES(6,'هاشم معاذ محمود نمرات',NULL,NULL,'العاشر','أ',NULL,NULL);
INSERT INTO students VALUES(7,'احمد سلامه سليمان ابو قاضوم',NULL,NULL,'العاشر ','ج',NULL,NULL);
INSERT INTO students VALUES(8,'وليد عبدالله سالم القدمان',NULL,NULL,'العاشر','ج',NULL,NULL);
INSERT INTO students VALUES(9,'محمد عبدالله حسين ابو جعيبه',NULL,NULL,'الحادي عشر ','ب',NULL,NULL);
INSERT INTO students VALUES(10,'أحمد حسن هويمل البدول',NULL,NULL,'الحادي عشر','ب',NULL,NULL);
INSERT INTO students VALUES(11,'ثامر ياسين محمد العمران ',NULL,NULL,'الحادي عشر','ب',NULL,NULL);
INSERT INTO students VALUES(12,' حاكمj سويلم ',NULL,NULL,'العاشر ','ج',NULL,NULL);
INSERT INTO students VALUES(13,'أحمد محمد سمير',NULL,NULL,'الصامن','أ',NULL,NULL);
INSERT INTO students VALUES(14,'حسين محمد حسين النجادات',NULL,NULL,'السابع','أ',NULL,NULL);
INSERT INTO students VALUES(15,'عبدالله عطا الله ',NULL,NULL,'الثامن ','ب',NULL,NULL);
INSERT INTO students VALUES(16,'علي محمد ',NULL,NULL,'الثامن ','ج',NULL,NULL);
INSERT INTO students VALUES(17,'براء علي',NULL,NULL,'الثامن','د',NULL,NULL);
INSERT INTO students VALUES(18,'ريحانه معاذ محمود نمرات',NULL,NULL,'العاشر','ج',NULL,NULL);
INSERT INTO students VALUES(19,'أحمد علي',NULL,NULL,'العاشر','أ',NULL,NULL);
INSERT INTO students VALUES(20,'سارة محمد',NULL,NULL,'العاشر','ب',NULL,NULL);
INSERT INTO students VALUES(21,'خالد يوسف',NULL,NULL,'التاسع','ج',NULL,NULL);
INSERT INTO students VALUES(22,'ليلى حسن',NULL,NULL,'التاسع','د',NULL,NULL);
INSERT INTO students VALUES(24,'محمد علي احمد',NULL,NULL,'العاشر ','أ',NULL,NULL);
INSERT INTO students VALUES(25,'بطيخه شيخه',NULL,NULL,'العاشر ','أ',NULL,NULL);
INSERT INTO students VALUES(26,'شخشخ شخشخش',NULL,NULL,'الثامن ','أ',NULL,NULL);
INSERT INTO students VALUES(27,'ممكن ينيزؤ',NULL,NULL,'الثامن ','أ',NULL,NULL);
INSERT INTO students VALUES(29,'أما بب',NULL,NULL,'الثامن ','أ',NULL,NULL);
INSERT INTO students VALUES(31,'أحمد محمد مروان',NULL,NULL,'الحادي عشر','ج',NULL,NULL);
INSERT INTO students VALUES(32,'أحمد معتز سالم',NULL,NULL,'الحادي عشر','ج',NULL,NULL);
INSERT INTO students VALUES(33,'سالم سليم محمود',NULL,NULL,'السابع ','د',NULL,NULL);
INSERT INTO students VALUES(34,'محمود سليم سالم',NULL,NULL,'السابع ','د',NULL,NULL);
INSERT INTO students VALUES(35,'صهيب محمد عوده الحويطات',NULL,NULL,'الحادي عشر ','ب',NULL,NULL);
INSERT INTO students VALUES(36,'ابراهيم سلامه',NULL,NULL,'الثامن ','أ',NULL,NULL);
INSERT INTO students VALUES(38,'محمد',NULL,NULL,'الثامن ','أ',NULL,NULL);
INSERT INTO students VALUES(39,'سلااتمه سلامه منصور',NULL,NULL,'العاشر','أ',NULL,NULL);
INSERT INTO students VALUES(40,'سلامه سلامه مهدي',NULL,NULL,'العاشر','أ',NULL,NULL);
INSERT INTO students VALUES(42,'سوسو',NULL,NULL,'التاسع','أ',NULL,NULL);
INSERT INTO students VALUES(43,'شوشاو',NULL,NULL,'التاسع','أ',NULL,NULL);
INSERT INTO students VALUES(45,'Hggcyycc',NULL,NULL,'الثامن ','أ',NULL,NULL);
INSERT INTO students VALUES(46,'نور هاي',NULL,NULL,'الحادي عشر','أ',NULL,NULL);
INSERT INTO students VALUES(47,'سامنمممي',NULL,NULL,'الحادي عشر','أ',NULL,NULL);
INSERT INTO students VALUES(50,'Meme rere',NULL,NULL,'الثامن ','د',NULL,NULL);
INSERT INTO students VALUES(51,'هاشم حبيبي',NULL,NULL,'العاشر ','أ',115,NULL);
INSERT INTO students VALUES(52,'احمد عيد عوده ابو جعيبة',NULL,NULL,'العاشر','ب',5,NULL);
INSERT INTO students VALUES(53,'احمد طلال سلامه العواسه',NULL,NULL,'العاشر','ب',5,NULL);
INSERT INTO students VALUES(54,'احمد نضال عدنان البطوش',NULL,NULL,'العاشر','ب',5,NULL);
INSERT INTO students VALUES(55,'انور محمد سالم الخضيرات',NULL,NULL,'العاشر','ب',5,NULL);
INSERT INTO students VALUES(56,'بندر عبدالله عوده النجادات',NULL,NULL,'العاشر','ب',5,NULL);
INSERT INTO students VALUES(57,'ثامر نواف سليمان النجادات',NULL,NULL,'العاشر','ب',5,NULL);
INSERT INTO students VALUES(58,'راشد خالد سليمان ابو قاضوم',NULL,NULL,'العاشر','ب',5,NULL);
INSERT INTO students VALUES(59,'راشد عبدالله محمد النجادات',NULL,NULL,'العاشر','ب',5,NULL);
INSERT INTO students VALUES(60,'راكز محمد حسين الغرابلي',NULL,NULL,'العاشر','ب',5,NULL);
INSERT INTO students VALUES(61,'رامي عبدالله فرج الصقور',NULL,NULL,'العاشر','ب',5,NULL);
INSERT INTO students VALUES(62,'سفيان حسن محمد النجادات',NULL,NULL,'العاشر','ب',5,NULL);
INSERT INTO students VALUES(63,'طلال سليمان علي المراعي',NULL,NULL,'العاشر','ب',5,NULL);
INSERT INTO students VALUES(64,'عاطف عبدالله حسين ابوقاضوم',NULL,NULL,'العاشر','ب',5,NULL);
INSERT INTO students VALUES(65,'عايد زايد محمد العمران',NULL,NULL,'العاشر','ب',5,NULL);
INSERT INTO students VALUES(66,'عبدالرحمن اكريم احمد ابو قاضوم',NULL,NULL,'العاشر','ب',5,NULL);
INSERT INTO students VALUES(67,'عبدالرحمن محمود محمد المناجعه',NULL,NULL,'العاشر','ب',5,NULL);
INSERT INTO students VALUES(68,'عبدالرحمن مدالله حميد الحساسين',NULL,NULL,'العاشر','ب',5,NULL);
INSERT INTO students VALUES(69,'عبدالله محمد دخيل الله السعيدين',NULL,NULL,'العاشر','ب',5,NULL);
INSERT INTO students VALUES(70,'عبدالله محمد عفنان النجادات',NULL,NULL,'العاشر','ب',5,NULL);
INSERT INTO students VALUES(71,'عبدالله منسي فرحان النجادات',NULL,NULL,'العاشر','ب',5,NULL);
INSERT INTO students VALUES(72,'عبيده حسن صباح الزلابيه',NULL,NULL,'العاشر','ب',5,NULL);
INSERT INTO students VALUES(73,'عمار محمد سليمان ابو قاضوم',NULL,NULL,'العاشر','ب',5,NULL);
INSERT INTO students VALUES(74,'فتحي فراس فتحي الحويطي',NULL,NULL,'العاشر','ب',5,NULL);
INSERT INTO students VALUES(75,'فهد عوده محمد ابو جعيبه',NULL,NULL,'العاشر','ب',5,NULL);
INSERT INTO students VALUES(76,'محمد بخيت قاسم المراعيه',NULL,NULL,'العاشر','ب',5,NULL);
INSERT INTO students VALUES(77,'معتز عواد علي بني عطيه',NULL,NULL,'العاشر','ب',5,NULL);
INSERT INTO students VALUES(78,'معتصم حسين نجم النجادات',NULL,NULL,'العاشر','ب',5,NULL);
INSERT INTO students VALUES(79,'وسام علي ناصر النجادات',NULL,NULL,'العاشر','ب',5,NULL);
INSERT INTO students VALUES(80,'يامن سالم قاسم النجادات',NULL,NULL,'العاشر','ب',5,NULL);
INSERT INTO students VALUES(81,'يزيد نايل دغمان النجادات',NULL,NULL,'العاشر','ب',5,NULL);
INSERT INTO students VALUES(82,'يوسف اسماعيل محمد المعاني',NULL,NULL,'العاشر','ب',5,NULL);
INSERT INTO students VALUES(83,'يمان محمد خميس عبدالرحمن',NULL,NULL,'العاشر','ب',5,NULL);
INSERT INTO students VALUES(84,'عزالدين محمد السلامات',NULL,NULL,'العاشر','ب',5,NULL);
INSERT INTO students VALUES(85,'احمد سلامه سـليمان ابو قاضوم',NULL,NULL,'العاشر','ج',5,NULL);
INSERT INTO students VALUES(86,'امجـد احـمد سلامه الـنجـادات',NULL,NULL,'العاشر','ج',5,NULL);
INSERT INTO students VALUES(87,'ايـمن عبد الله مسلم العثامنه',NULL,NULL,'العاشر','ج',5,NULL);
INSERT INTO students VALUES(88,'حاكم سويلم سلامه المداهين',NULL,NULL,'العاشر','ج',5,NULL);
INSERT INTO students VALUES(89,'جبريل حسن زايد الرياطي',NULL,NULL,'العاشر','ج',5,NULL);
INSERT INTO students VALUES(90,'خـالـد سلـيمان سلامه ابو قاضوم',NULL,NULL,'العاشر','ج',5,NULL);
INSERT INTO students VALUES(91,'رياض سالم سلامة الملاعبه',NULL,NULL,'العاشر','ج',5,NULL);
INSERT INTO students VALUES(92,'زياد حسين حامد النجادات',NULL,NULL,'العاشر','ج',5,NULL);
INSERT INTO students VALUES(93,'زيـد شاكر حـماد ابو جعـيـبه',NULL,NULL,'العاشر','ج',5,NULL);
INSERT INTO students VALUES(94,'سند راكان فتحي الحويطي',NULL,NULL,'العاشر','ج',5,NULL);
INSERT INTO students VALUES(95,'صقـر نشأت محمد ابو ناموس',NULL,NULL,'العاشر','ج',5,NULL);
INSERT INTO students VALUES(96,'عبد الرحمن عطا الله محـمد المداهـين',NULL,NULL,'العاشر','ج',5,NULL);
INSERT INTO students VALUES(97,'عبد القادر علي دخيل الله الدقادقه',NULL,NULL,'العاشر','ج',5,NULL);
INSERT INTO students VALUES(98,'عبد الله محمد عواد الطقـطقي',NULL,NULL,'العاشر','ج',5,NULL);
INSERT INTO students VALUES(99,'عبد الله محمود مسعد السعيدين',NULL,NULL,'العاشر','ج',5,NULL);
INSERT INTO students VALUES(100,'علاء يوسف حسين ابو قاضوم',NULL,NULL,'العاشر','ج',5,NULL);
INSERT INTO students VALUES(101,'عمر يوسف صالح الرياطي',NULL,NULL,'العاشر','ج',5,NULL);
INSERT INTO students VALUES(102,'عيـد ابراهيـم عيد الـصـويلحيين',NULL,NULL,'العاشر','ج',5,NULL);
INSERT INTO students VALUES(103,'فيصل ابراهيـم علي ابو جعيبه',NULL,NULL,'العاشر','ج',5,NULL);
INSERT INTO students VALUES(104,'قصي ضـيف الله ابـنـيه ابو زيتون',NULL,NULL,'العاشر','ج',5,NULL);
INSERT INTO students VALUES(105,'محمد عبد العزيز محمود الفناطسه',NULL,NULL,'العاشر','ج',5,NULL);
INSERT INTO students VALUES(106,'محمد عبدالله حميد الجراميه',NULL,NULL,'العاشر','ج',5,NULL);
INSERT INTO students VALUES(107,'مشعل محمد عبدالله النجادات',NULL,NULL,'العاشر','ج',5,NULL);
INSERT INTO students VALUES(108,'مشعل مرزوق هليل الـمداهـين',NULL,NULL,'العاشر','ج',5,NULL);
INSERT INTO students VALUES(109,'نادر علي عوده النجادات',NULL,NULL,'العاشر','ج',5,NULL);
INSERT INTO students VALUES(110,'وليـد خالد عيد الصويـلحـيـن',NULL,NULL,'العاشر','ج',5,NULL);
INSERT INTO students VALUES(111,'وليـد عبـدالله سالم الـقدمان',NULL,NULL,'العاشر','ج',5,NULL);
INSERT INTO students VALUES(112,'ابراهـيم عبـد الله جدوع العمران',NULL,NULL,'العاشر','أ',5,NULL);
INSERT INTO students VALUES(113,'احمد محمد  احمد الخضيرات',NULL,NULL,'العاشر','أ',5,NULL);
INSERT INTO students VALUES(114,'اسماعيل احمد حسين النجادات',NULL,NULL,'العاشر','أ',5,NULL);
INSERT INTO students VALUES(115,'امجد محمد سليمان النجادات',NULL,NULL,'العاشر','أ',5,NULL);
INSERT INTO students VALUES(116,'حسن علي حسن النجادات',NULL,NULL,'العاشر','أ',5,NULL);
INSERT INTO students VALUES(117,'حمزه  عاطف سند ابو شلهوب',NULL,NULL,'العاشر','أ',5,NULL);
INSERT INTO students VALUES(118,'خالد محمد  سليمان العواسا',NULL,NULL,'العاشر','أ',5,NULL);
INSERT INTO students VALUES(119,'ريان  حمزه محمد  الجعيبات',NULL,NULL,'العاشر','أ',5,NULL);
INSERT INTO students VALUES(120,'زيد صالح عوده الحويطات',NULL,NULL,'العاشر','أ',5,NULL);
INSERT INTO students VALUES(121,'سلطان  احمد ابراهيم السلامات',NULL,NULL,'العاشر','أ',5,NULL);
INSERT INTO students VALUES(122,'سند عطالله سليمان الفقير',NULL,NULL,'العاشر','أ',5,NULL);
INSERT INTO students VALUES(123,'سيف سليمان عوده العويضات',NULL,NULL,'العاشر','أ',5,NULL);
INSERT INTO students VALUES(124,'صهيب عبد الله سويلم الجعـيـبات',NULL,NULL,'العاشر','أ',5,NULL);
INSERT INTO students VALUES(125,'عبد الرحمن سالم مصلح النجادات',NULL,NULL,'العاشر','أ',5,NULL);
INSERT INTO students VALUES(126,'عبد الرحمن علي عوده النجادات',NULL,NULL,'العاشر','أ',5,NULL);
INSERT INTO students VALUES(127,'عبد الرحمن  محمد احمد السمنودي',NULL,NULL,'العاشر','أ',5,NULL);
INSERT INTO students VALUES(128,'عبد الله سليمان عوده الحويطات',NULL,NULL,'العاشر','أ',5,NULL);
INSERT INTO students VALUES(129,'عبدالله غازي حسين النجادات',NULL,NULL,'العاشر','أ',5,NULL);
INSERT INTO students VALUES(130,'عبد الله محمد عبدالله الصباحين',NULL,NULL,'العاشر','أ',5,NULL);
INSERT INTO students VALUES(131,'علي محمد علي الخـليفي',NULL,NULL,'العاشر','أ',5,NULL);
INSERT INTO students VALUES(132,'عمر احمد حمد النجادات',NULL,NULL,'العاشر','أ',5,NULL);
INSERT INTO students VALUES(133,'غـيث عاطف ناصر النجادات',NULL,NULL,'العاشر','أ',5,NULL);
INSERT INTO students VALUES(134,'فارس خليـل سليمان السعـيدين',NULL,NULL,'العاشر','أ',5,NULL);
INSERT INTO students VALUES(135,'ليث سلمان سعد القواشمه',NULL,NULL,'العاشر','أ',5,NULL);
INSERT INTO students VALUES(136,'محـمـد احـمد سالم ابو قاضوم',NULL,NULL,'العاشر','أ',5,NULL);
INSERT INTO students VALUES(137,'محمد شفيق سليمان النجادات',NULL,NULL,'العاشر','أ',5,NULL);
INSERT INTO students VALUES(138,'محمد رائد عطالله العمران',NULL,NULL,'العاشر','أ',5,NULL);
INSERT INTO students VALUES(139,'محـمد محمود محمد الزلابيه',NULL,NULL,'العاشر','أ',5,NULL);
INSERT INTO students VALUES(140,'محـمد موسى سالم النجادات',NULL,NULL,'العاشر','أ',5,NULL);
INSERT INTO students VALUES(141,'مصطـفى عـيـد نافل العواسه',NULL,NULL,'العاشر','أ',5,NULL);
INSERT INTO students VALUES(142,'ابراهيم سلامه ابنية النجادات',NULL,NULL,'الثامن','ج',5,NULL);
INSERT INTO students VALUES(143,'احمد سلمان عيد العنزي',NULL,NULL,'الثامن','ج',5,NULL);
INSERT INTO students VALUES(144,'انس مطلق نافل النجادات',NULL,NULL,'الثامن','ج',5,NULL);
INSERT INTO students VALUES(145,'اياد رائد جمعه الرياطي',NULL,NULL,'الثامن','ج',5,NULL);
INSERT INTO students VALUES(146,'ثامر اربيع عطالله النجادات',NULL,NULL,'الثامن','ج',5,NULL);
INSERT INTO students VALUES(147,'حمزه علاء حسن الصويلحين',NULL,NULL,'الثامن','ج',5,NULL);
INSERT INTO students VALUES(148,'رامي خضير نافل النجادات',NULL,NULL,'الثامن','ج',5,NULL);
INSERT INTO students VALUES(149,'زياد محمد عيد العواسه',NULL,NULL,'الثامن','ج',5,NULL);
INSERT INTO students VALUES(150,'طارق خالد سالم العواسه',NULL,NULL,'الثامن','ج',5,NULL);
INSERT INTO students VALUES(151,'عامر احمد مفيد السعيدين',NULL,NULL,'الثامن','ج',5,NULL);
INSERT INTO students VALUES(152,'عبد الرحمن سلامه سليمان الروافعه',NULL,NULL,'الثامن','ج',5,NULL);
INSERT INTO students VALUES(153,'عبدالرحمن عيد حسن الحيوات',NULL,NULL,'الثامن','ج',5,NULL);
INSERT INTO students VALUES(154,'عبدالعزيز سالم محمد المداهين',NULL,NULL,'الثامن','ج',5,NULL);
INSERT INTO students VALUES(155,'علي عبدالله علي العواسا',NULL,NULL,'الثامن','ج',5,NULL);
INSERT INTO students VALUES(156,'علي محمد سالم الغياثين',NULL,NULL,'الثامن','ج',5,NULL);
INSERT INTO students VALUES(157,'قصي محمد علي الخليفي',NULL,NULL,'الثامن','ج',5,NULL);
INSERT INTO students VALUES(158,'محمد ابراهيم عيد الصويلحيين',NULL,NULL,'الثامن','ج',5,NULL);
INSERT INTO students VALUES(159,'محمد اسماعيل محمد المغربي',NULL,NULL,'الثامن','ج',5,NULL);
INSERT INTO students VALUES(160,'محمد عبدالله حسين ابوقاضوم',NULL,NULL,'الثامن','ج',5,NULL);
INSERT INTO students VALUES(161,'مشاري فهد محمد الصويلحين',NULL,NULL,'الثامن','ج',5,NULL);
INSERT INTO students VALUES(162,'معتصم محمد سليمان الرهايفة',NULL,NULL,'الثامن','ج',5,NULL);
INSERT INTO students VALUES(163,'مؤيد علاء محمد الرياطي',NULL,NULL,'الثامن','ج',5,NULL);
INSERT INTO students VALUES(164,'نادر رائد عطالله العمران',NULL,NULL,'الثامن','ج',5,NULL);
INSERT INTO students VALUES(165,'وسام محمد سلمان العويضات',NULL,NULL,'الثامن','ج',5,NULL);
INSERT INTO students VALUES(166,'يزيد احمد مسعد القدمان',NULL,NULL,'الثامن','ج',5,NULL);
INSERT INTO students VALUES(167,'يوسف عيد سلمان ابو قاضوم',NULL,NULL,'الثامن','ج',5,NULL);
INSERT INTO students VALUES(168,'ابراهيم راكان فتحي الحويطي',NULL,NULL,'الثامن ','ب',5,NULL);
INSERT INTO students VALUES(169,'ابراهيم عبد العزيز سليمان الحساسين',NULL,NULL,'الثامن ','ب',5,NULL);
INSERT INTO students VALUES(170,'احمد حسين محمد الصويلحين',NULL,NULL,'الثامن ','ب',5,NULL);
INSERT INTO students VALUES(171,'احمد محمد سالم الطرشان',NULL,NULL,'الثامن ','ب',5,NULL);
INSERT INTO students VALUES(172,'سامر ذياب حسن الحيوات',NULL,NULL,'الثامن ','ب',5,NULL);
INSERT INTO students VALUES(173,'عبد الرحمن سليم محمد الزلابية',NULL,NULL,'الثامن ','ب',5,NULL);
INSERT INTO students VALUES(174,'عبدالرحمن صالح سليمان الكبيش',NULL,NULL,'الثامن ','ب',5,NULL);
INSERT INTO students VALUES(175,'عبدالله عبدالقادر عبدالله الغرابلي',NULL,NULL,'الثامن ','ب',5,NULL);
INSERT INTO students VALUES(176,'عبدالله عطالله سويلم القريات',NULL,NULL,'الثامن ','ب',5,NULL);
INSERT INTO students VALUES(177,'عبدالله علي خليل الدرابيع',NULL,NULL,'الثامن ','ب',5,NULL);
INSERT INTO students VALUES(178,'علي سلامه علي الصويلحين',NULL,NULL,'الثامن ','ب',5,NULL);
INSERT INTO students VALUES(179,'علي عاطف علي ابوقاضوم',NULL,NULL,'الثامن ','ب',5,NULL);
INSERT INTO students VALUES(180,'علي محمد علي النجادات',NULL,NULL,'الثامن ','ب',5,NULL);
INSERT INTO students VALUES(181,'عمر محمد محمود الهلالات',NULL,NULL,'الثامن ','ب',5,NULL);
INSERT INTO students VALUES(182,'عون حسين سليمان الرهايفه',NULL,NULL,'الثامن ','ب',5,NULL);
INSERT INTO students VALUES(183,'غيث علي محمد الجرامية',NULL,NULL,'الثامن ','ب',5,NULL);
INSERT INTO students VALUES(184,'فارس سالم عطالله ابوقاضوم',NULL,NULL,'الثامن ','ب',5,NULL);
INSERT INTO students VALUES(185,'قيس ساري احمد ابو قاضوم',NULL,NULL,'الثامن ','ب',5,NULL);
INSERT INTO students VALUES(186,'محمد احمد حمد النجادات',NULL,NULL,'الثامن ','ب',5,NULL);
INSERT INTO students VALUES(187,'محمد عيد حسن الحيوات',NULL,NULL,'الثامن ','ب',5,NULL);
INSERT INTO students VALUES(188,'محمد خالد خليل الدرابيع',NULL,NULL,'الثامن ','ب',5,NULL);
INSERT INTO students VALUES(189,'مشعل سليمان سالم المحاميد',NULL,NULL,'الثامن ','ب',5,NULL);
INSERT INTO students VALUES(190,'معتز عبدالله سالم النجادات',NULL,NULL,'الثامن ','ب',5,NULL);
INSERT INTO students VALUES(191,'ياسين احمد سالم ابوقاضوم',NULL,NULL,'الثامن ','ب',5,NULL);
INSERT INTO students VALUES(192,'يامن يحيى صالح الرياطي',NULL,NULL,'الثامن ','ب',5,NULL);
INSERT INTO students VALUES(193,'يزن نور الدين محمد المعاني',NULL,NULL,'الثامن ','ب',5,NULL);
INSERT INTO students VALUES(194,'احمد عيد سالم العواسه/النجادات',NULL,NULL,'الثامن ','أ',5,NULL);
INSERT INTO students VALUES(195,'احمد فهد سـليمان البلوي',NULL,NULL,'الثامن ','أ',5,NULL);
INSERT INTO students VALUES(196,'احمد محمد عواد النجادات',NULL,NULL,'الثامن ','أ',5,NULL);
INSERT INTO students VALUES(197,'احمد محمود عبدالله النجادات',NULL,NULL,'الثامن ','أ',5,NULL);
INSERT INTO students VALUES(198,'ادم خالد سلامه العواسا',NULL,NULL,'الثامن ','أ',5,NULL);
INSERT INTO students VALUES(199,'ايهم ممدوح سلامه العواسا',NULL,NULL,'الثامن ','أ',5,NULL);
INSERT INTO students VALUES(200,'جواد احمد عبدالله الحويطي',NULL,NULL,'الثامن ','أ',5,NULL);
INSERT INTO students VALUES(201,'حسن ياسر حسن الهواشلة',NULL,NULL,'الثامن ','أ',5,NULL);
INSERT INTO students VALUES(202,'راشد دحيلان سليمان النجادات',NULL,NULL,'الثامن ','أ',5,NULL);
INSERT INTO students VALUES(203,'زيد عبدالله فرج الصقور',NULL,NULL,'الثامن ','أ',5,NULL);
INSERT INTO students VALUES(204,'زيد عبدالله ناجح النجادات',NULL,NULL,'الثامن ','أ',5,NULL);
INSERT INTO students VALUES(205,'سلطان خالد محمد الزلابية',NULL,NULL,'الثامن ','أ',5,NULL);
INSERT INTO students VALUES(206,'عبد العزيز محمد مفرج الجهالين',NULL,NULL,'الثامن ','أ',5,NULL);
INSERT INTO students VALUES(207,'عبد الكريم حمد نصار الكبيش',NULL,NULL,'الثامن ','أ',5,NULL);
INSERT INTO students VALUES(208,'عبدالحميد عيد سعد القواشمة',NULL,NULL,'الثامن ','أ',5,NULL);
INSERT INTO students VALUES(209,'عبدالرحمن محمد جدوع البدول',NULL,NULL,'الثامن ','أ',5,NULL);
INSERT INTO students VALUES(210,'عبدالرحمن محمد مفرج الجهالين',NULL,NULL,'الثامن ','أ',5,NULL);
INSERT INTO students VALUES(211,'عبدالله ضيف الله حسين ابوجعيبه',NULL,NULL,'الثامن ','أ',5,NULL);
INSERT INTO students VALUES(212,'عمار ابراهيم علي السلامات',NULL,NULL,'الثامن ','أ',5,NULL);
INSERT INTO students VALUES(213,'عمر عطالله حسين ابو زيتون',NULL,NULL,'الثامن ','أ',5,NULL);
INSERT INTO students VALUES(214,'فيـصل احمد علي العواسا',NULL,NULL,'الثامن ','أ',5,NULL);
INSERT INTO students VALUES(215,'فيصل حسين صباح الزلابية',NULL,NULL,'الثامن ','أ',5,NULL);
INSERT INTO students VALUES(216,'كرم عمر خضير الصقور',NULL,NULL,'الثامن ','أ',5,NULL);
INSERT INTO students VALUES(217,'محمد ابراهيم عيد النجادات',NULL,NULL,'الثامن ','أ',5,NULL);
INSERT INTO students VALUES(218,'محمد اعتيق علي المراعية',NULL,NULL,'الثامن ','أ',5,NULL);
INSERT INTO students VALUES(219,'محمد إحسان هويمل الشياهين',NULL,NULL,'الثامن ','أ',5,NULL);
INSERT INTO students VALUES(220,'محمد ناصر عيد القحافي',NULL,NULL,'الثامن ','أ',5,NULL);
INSERT INTO students VALUES(221,'يامن عبدالعزيز عيد الحويطي',NULL,NULL,'الثامن ','أ',5,NULL);
INSERT INTO students VALUES(222,'يامن عيسى  سالم النجادات',NULL,NULL,'الثامن ','أ',5,NULL);
INSERT INTO students VALUES(223,'يوسف عودة سالم الخضيرات',NULL,NULL,'الثامن ','أ',5,NULL);
INSERT INTO students VALUES(224,'اسلام عوض محمد ابو هلاله',NULL,NULL,'الحادي عشر اكاديمي ','ج',5,NULL);
INSERT INTO students VALUES(225,'انس حسن مطلق المراعية',NULL,NULL,'الحادي عشر اكاديمي ','ج',5,NULL);
INSERT INTO students VALUES(226,'حسام موسى احمد الرياطي',NULL,NULL,'الحادي عشر اكاديمي ','ج',5,NULL);
INSERT INTO students VALUES(227,'خالد محمد سالم الطرشان',NULL,NULL,'الحادي عشر اكاديمي ','ج',5,NULL);
INSERT INTO students VALUES(228,'سائد عاطف محمد النجادات',NULL,NULL,'الحادي عشر اكاديمي ','ج',5,NULL);
INSERT INTO students VALUES(229,'سهم غانم سالم العواسه',NULL,NULL,'الحادي عشر اكاديمي ','ج',5,NULL);
INSERT INTO students VALUES(230,'عبد الرحمن حسن منسي النجادات',NULL,NULL,'الحادي عشر اكاديمي ','ج',5,NULL);
INSERT INTO students VALUES(231,'عبد الرحمن ماجد احمد ابو جراد الحويطات',NULL,NULL,'الحادي عشر اكاديمي ','ج',5,NULL);
INSERT INTO students VALUES(232,'عبدالله خالد جخيدم النجادات',NULL,NULL,'الحادي عشر اكاديمي ','ج',5,NULL);
INSERT INTO students VALUES(233,'عبدالله ناصر عيد القحافي',NULL,NULL,'الحادي عشر اكاديمي ','ج',5,NULL);
INSERT INTO students VALUES(234,'عدي ساري نزال الشوشه',NULL,NULL,'الحادي عشر اكاديمي ','ج',5,NULL);
INSERT INTO students VALUES(235,'عدي سلامه عوده العواسه',NULL,NULL,'الحادي عشر اكاديمي ','ج',5,NULL);
INSERT INTO students VALUES(236,'علي سالم حسين القدمان',NULL,NULL,'الحادي عشر اكاديمي ','ج',5,NULL);
INSERT INTO students VALUES(237,'علي عيد سالم ابو قاضوم',NULL,NULL,'الحادي عشر اكاديمي ','ج',5,NULL);
INSERT INTO students VALUES(238,'علي فلاح علي النجادات',NULL,NULL,'الحادي عشر اكاديمي ','ج',5,NULL);
INSERT INTO students VALUES(239,'عمر عطالله رجا النجادات',NULL,NULL,'الحادي عشر اكاديمي ','ج',5,NULL);
INSERT INTO students VALUES(240,'فارس عطالله محمد العويضات',NULL,NULL,'الحادي عشر اكاديمي ','ج',5,NULL);
INSERT INTO students VALUES(241,'ليث نضال نايف الحويطي',NULL,NULL,'الحادي عشر اكاديمي ','ج',5,NULL);
INSERT INTO students VALUES(242,'محمد رائد عايد أبو هلاله',NULL,NULL,'الحادي عشر اكاديمي ','ج',5,NULL);
INSERT INTO students VALUES(243,'محمد سليمان غضيان العواسه',NULL,NULL,'الحادي عشر اكاديمي ','ج',5,NULL);
INSERT INTO students VALUES(244,'محمد منسي حمد  الخضيرات',NULL,NULL,'الحادي عشر اكاديمي ','ج',5,NULL);
INSERT INTO students VALUES(245,'محمود حمد نصار الكبيش',NULL,NULL,'الحادي عشر اكاديمي ','ج',5,NULL);
INSERT INTO students VALUES(246,'معاذ عدنان سويلم السعيديين',NULL,NULL,'الحادي عشر اكاديمي ','ج',5,NULL);
INSERT INTO students VALUES(247,'معتز محمد سالم القرياوي',NULL,NULL,'الحادي عشر اكاديمي ','ج',5,NULL);
INSERT INTO students VALUES(248,'موسى احمد سالم الخضيرات',NULL,NULL,'الحادي عشر اكاديمي ','ج',5,NULL);
INSERT INTO students VALUES(249,'موسى حمد نصار الكبيش',NULL,NULL,'الحادي عشر اكاديمي ','ج',5,NULL);
INSERT INTO students VALUES(250,'ناصر عبدالله عيد النجادات',NULL,NULL,'الحادي عشر اكاديمي ','ج',5,NULL);
INSERT INTO students VALUES(251,'وسام عطالله حسن الرياطي',NULL,NULL,'الحادي عشر اكاديمي ','ج',5,NULL);
INSERT INTO students VALUES(252,'ياسر عبدالله سالم النجادات',NULL,NULL,'الحادي عشر اكاديمي ','ج',5,NULL);
INSERT INTO students VALUES(253,'ابراهيم زكريا ابراهيم الرياطي',NULL,NULL,'الحادي عشر اكاديمي ','أ',5,NULL);
INSERT INTO students VALUES(254,'احمد حسن هويمل البدول',NULL,NULL,'الحادي عشر اكاديمي ','أ',5,NULL);
INSERT INTO students VALUES(255,'بدر خالد سلامه الصقور',NULL,NULL,'الحادي عشر اكاديمي ','أ',5,NULL);
INSERT INTO students VALUES(256,'ثامر ياسين محمد العمران',NULL,NULL,'الحادي عشر اكاديمي ','أ',5,NULL);
INSERT INTO students VALUES(257,'جسيم صالح عمير السلامات',NULL,NULL,'الحادي عشر اكاديمي ','أ',5,NULL);
INSERT INTO students VALUES(258,'حازم سالم محمد الروافعه',NULL,NULL,'الحادي عشر اكاديمي ','أ',5,NULL);
INSERT INTO students VALUES(259,'سائد عبدالله علي العواسا',NULL,NULL,'الحادي عشر اكاديمي ','أ',5,NULL);
INSERT INTO students VALUES(260,'سلمان علي حسن العواسه',NULL,NULL,'الحادي عشر اكاديمي ','أ',5,NULL);
INSERT INTO students VALUES(261,'صهيب محمد عوده الحويطات',NULL,NULL,'الحادي عشر اكاديمي ','أ',5,NULL);
INSERT INTO students VALUES(262,'طارق ابراهيم سالمان حسين',NULL,NULL,'الحادي عشر اكاديمي ','أ',5,NULL);
INSERT INTO students VALUES(263,'عامر عوده سويلم ابو جعيبه',NULL,NULL,'الحادي عشر اكاديمي ','أ',5,NULL);
INSERT INTO students VALUES(264,'عبد الرحمن احمد نافل العواسه',NULL,NULL,'الحادي عشر اكاديمي ','أ',5,NULL);
INSERT INTO students VALUES(265,'عبد الرحمن علي عفنان النجادات',NULL,NULL,'الحادي عشر اكاديمي ','أ',5,NULL);
INSERT INTO students VALUES(266,'عبد الرحمن عوض سلمان العويضات',NULL,NULL,'الحادي عشر اكاديمي ','أ',5,NULL);
INSERT INTO students VALUES(267,'عبد العزيز محمد سلامه البدول',NULL,NULL,'الحادي عشر اكاديمي ','أ',5,NULL);
INSERT INTO students VALUES(268,'عيد محمد هليل الصقور',NULL,NULL,'الحادي عشر اكاديمي ','أ',5,NULL);
INSERT INTO students VALUES(269,'قصي احمد عبدالله الحويطي',NULL,NULL,'الحادي عشر اكاديمي ','أ',5,NULL);
INSERT INTO students VALUES(270,'قصي غازي مفلح المراعيه',NULL,NULL,'الحادي عشر اكاديمي ','أ',5,NULL);
INSERT INTO students VALUES(271,'محمد حسن جلال العويضات',NULL,NULL,'الحادي عشر اكاديمي ','أ',5,NULL);
INSERT INTO students VALUES(272,'محمد حسين سليمان العواسا/النجادات',NULL,NULL,'الحادي عشر اكاديمي ','أ',5,NULL);
INSERT INTO students VALUES(273,'محمد عبدالله حسين ابو جعيبة',NULL,NULL,'الحادي عشر اكاديمي ','أ',5,NULL);
INSERT INTO students VALUES(274,'محمد مدالله محمد النجادات',NULL,NULL,'الحادي عشر اكاديمي ','أ',5,NULL);
INSERT INTO students VALUES(275,'محمد نايف سالم ابو قاضوم',NULL,NULL,'الحادي عشر اكاديمي ','أ',5,NULL);
INSERT INTO students VALUES(276,'هاشم زعل نجم النجادات',NULL,NULL,'الحادي عشر اكاديمي ','أ',5,NULL);
INSERT INTO students VALUES(277,'يامن قاسم فرج الزلابية',NULL,NULL,'الحادي عشر اكاديمي ','أ',5,NULL);
INSERT INTO students VALUES(278,'يعقوب جمال محمود حشكي',NULL,NULL,'الحادي عشر اكاديمي ','أ',5,NULL);
INSERT INTO students VALUES(279,'يونس سليمان سالم العواسه النجادات',NULL,NULL,'الحادي عشر اكاديمي ','أ',5,NULL);
INSERT INTO students VALUES(280,'يوسف اسماعيل محمد المعاني',NULL,NULL,'العاشر','ب',5,NULL);
CREATE TABLE attendance (
    id INTEGER PRIMARY KEY AUTOINCREMENT,
    student_id INTEGER NOT NULL,
    date TEXT NOT NULL,
    status TEXT NOT NULL, school_id INTEGER, teacher_id INTEGER,  -- 'present', 'late', 'absent'
    FOREIGN KEY(student_id) REFERENCES students(id)
);
INSERT INTO attendance VALUES(38,1,'2025-09-13','present',NULL,NULL);
INSERT INTO attendance VALUES(40,2,'2025-09-13','absent',NULL,NULL);
INSERT INTO attendance VALUES(42,3,'2025-09-13','present',NULL,NULL);
INSERT INTO attendance VALUES(43,6,'2025-09-13','absent',NULL,NULL);
INSERT INTO attendance VALUES(44,4,'2025-09-13','present',NULL,NULL);
INSERT INTO attendance VALUES(45,7,'2025-09-13','absent',NULL,NULL);
INSERT INTO attendance VALUES(46,8,'2025-09-13','present',NULL,NULL);
INSERT INTO attendance VALUES(47,1,'2025-09-14','late',NULL,NULL);
INSERT INTO attendance VALUES(48,7,'2025-09-14','late',NULL,NULL);
INSERT INTO attendance VALUES(49,6,'2025-09-14','late',NULL,NULL);
INSERT INTO attendance VALUES(50,8,'2025-09-14','late',NULL,NULL);
INSERT INTO attendance VALUES(51,2,'2025-09-14','late',NULL,NULL);
INSERT INTO attendance VALUES(52,4,'2025-09-14','late',NULL,NULL);
INSERT INTO attendance VALUES(53,9,'2025-09-14','late',NULL,NULL);
INSERT INTO attendance VALUES(54,10,'2025-09-14','late',NULL,NULL);
INSERT INTO attendance VALUES(55,11,'2025-09-14','late',NULL,NULL);
INSERT INTO attendance VALUES(56,6,'2025-09-15','present',NULL,NULL);
INSERT INTO attendance VALUES(57,11,'2025-09-15','present',NULL,NULL);
INSERT INTO attendance VALUES(58,9,'2025-09-15','present',NULL,NULL);
INSERT INTO attendance VALUES(59,8,'2025-09-15','present',NULL,NULL);
INSERT INTO attendance VALUES(60,4,'2025-09-15','present',NULL,NULL);
INSERT INTO attendance VALUES(61,1,'2025-09-15','absent',NULL,NULL);
INSERT INTO attendance VALUES(62,2,'2025-09-15','absent',NULL,NULL);
INSERT INTO attendance VALUES(63,12,'2025-09-15','present',NULL,NULL);
INSERT INTO attendance VALUES(64,13,'2025-09-15','present',NULL,NULL);
INSERT INTO attendance VALUES(65,14,'2025-09-15','present',NULL,NULL);
INSERT INTO attendance VALUES(66,16,'2025-09-15','present',NULL,NULL);
INSERT INTO attendance VALUES(67,17,'2025-09-15','present',NULL,NULL);
INSERT INTO attendance VALUES(68,18,'2025-09-15','present',NULL,NULL);
INSERT INTO attendance VALUES(69,23,'2025-09-15','present',NULL,NULL);
INSERT INTO attendance VALUES(70,10,'2025-09-15','present',NULL,NULL);
INSERT INTO attendance VALUES(71,12,'2025-09-16','present',NULL,NULL);
INSERT INTO attendance VALUES(72,1,'2025-09-16','present',NULL,NULL);
INSERT INTO attendance VALUES(73,17,'2025-09-16','present',NULL,NULL);
INSERT INTO attendance VALUES(74,1,'2025-09-16','present',NULL,NULL);
INSERT INTO attendance VALUES(75,29,'2025-09-19','present',NULL,NULL);
INSERT INTO attendance VALUES(76,29,'2025-09-19','present',NULL,NULL);
INSERT INTO attendance VALUES(77,36,'2025-09-19','present',NULL,NULL);
INSERT INTO attendance VALUES(78,26,'2025-09-19','present',NULL,NULL);
INSERT INTO attendance VALUES(79,15,'2025-09-19','present',NULL,NULL);
INSERT INTO attendance VALUES(80,15,'2025-09-19','present',NULL,NULL);
INSERT INTO attendance VALUES(81,15,'2025-09-19','present',NULL,NULL);
INSERT INTO attendance VALUES(82,16,'2025-09-19','present',NULL,NULL);
INSERT INTO attendance VALUES(83,16,'2025-09-19','present',NULL,NULL);
INSERT INTO attendance VALUES(84,38,'2025-09-19','present',NULL,NULL);
INSERT INTO attendance VALUES(85,38,'2025-09-19','present',NULL,NULL);
INSERT INTO attendance VALUES(86,38,'2025-09-19','present',NULL,NULL);
INSERT INTO attendance VALUES(87,27,'2025-09-19','present',NULL,NULL);
INSERT INTO attendance VALUES(88,12,'2025-09-19','absent',NULL,NULL);
INSERT INTO attendance VALUES(89,45,'2025-09-19','absent',NULL,NULL);
INSERT INTO attendance VALUES(90,12,'2025-09-20','present',NULL,NULL);
INSERT INTO attendance VALUES(91,12,'2025-09-20','present',NULL,NULL);
INSERT INTO attendance VALUES(92,19,'2025-09-20','present',NULL,NULL);
INSERT INTO attendance VALUES(93,19,'2025-09-20','present',NULL,NULL);
INSERT INTO attendance VALUES(94,1,'2025-09-20','present',NULL,NULL);
INSERT INTO attendance VALUES(95,1,'2025-09-20','present',NULL,NULL);
INSERT INTO attendance VALUES(96,45,'2025-09-20','present',NULL,NULL);
INSERT INTO attendance VALUES(97,45,'2025-09-20','present',NULL,NULL);
INSERT INTO attendance VALUES(98,12,'2025-09-21','late',NULL,NULL);
INSERT INTO attendance VALUES(99,12,'2025-09-21','late',NULL,NULL);
INSERT INTO attendance VALUES(100,51,'2025-09-21','present',115,NULL);
INSERT INTO attendance VALUES(101,112,'2025-09-22','present',5,451);
INSERT INTO attendance VALUES(102,112,'2025-09-22','present',5,451);
INSERT INTO attendance VALUES(103,168,'2025-09-22','present',5,451);
INSERT INTO attendance VALUES(104,142,'2025-09-22','present',5,451);
INSERT INTO attendance VALUES(105,142,'2025-09-22','present',5,451);
INSERT INTO attendance VALUES(106,143,'2025-09-22','present',5,451);
INSERT INTO attendance VALUES(107,143,'2025-09-22','present',5,451);
INSERT INTO attendance VALUES(108,112,'2025-09-22','absent',5,452);
INSERT INTO attendance VALUES(109,112,'2025-09-22','absent',5,452);
INSERT INTO attendance VALUES(110,168,'2025-09-22','late',5,452);
INSERT INTO attendance VALUES(111,168,'2025-09-22','late',5,452);
INSERT INTO attendance VALUES(112,253,'2025-09-22','present',5,452);
INSERT INTO attendance VALUES(113,253,'2025-09-22','present',5,452);
INSERT INTO attendance VALUES(114,142,'2025-09-22','present',5,452);
INSERT INTO attendance VALUES(115,52,'2025-09-22','present',5,5);
INSERT INTO attendance VALUES(116,253,'2025-09-22','late',5,5);
INSERT INTO attendance VALUES(117,253,'2025-09-22','late',5,5);
INSERT INTO attendance VALUES(118,146,'2025-09-23','present',5,5);
INSERT INTO attendance VALUES(119,146,'2025-09-23','present',5,5);
CREATE TABLE student_tracking (
    id INTEGER PRIMARY KEY AUTOINCREMENT,
    student_id INTEGER NOT NULL,
    date TEXT NOT NULL,
    homework INTEGER DEFAULT 0,
    book INTEGER DEFAULT 0,
    participation INTEGER DEFAULT 0,
    misbehavior INTEGER DEFAULT 0,
    note TEXT, tracking_date TEXT, class_id INTEGER REFERENCES teacher_classes(id), teacher_id INTEGER REFERENCES teachers(id), school_id INTEGER,
    FOREIGN KEY(student_id) REFERENCES students(id)
);
INSERT INTO student_tracking VALUES(1,1,'2025-09-14',0,1,1,1,'راىىرؤئع احسنت',NULL,NULL,NULL,NULL);
INSERT INTO student_tracking VALUES(2,4,'2025-09-14',1,1,1,0,'مشاغب',NULL,NULL,NULL,NULL);
INSERT INTO student_tracking VALUES(3,2,'2025-09-14',1,1,1,0,'جيد',NULL,NULL,NULL,NULL);
INSERT INTO student_tracking VALUES(4,6,'2025-09-14',1,1,1,0,NULL,NULL,NULL,NULL,NULL);
INSERT INTO student_tracking VALUES(5,6,'2025-09-14',1,1,1,0,'جيد ومؤدب',NULL,NULL,NULL,NULL);
INSERT INTO student_tracking VALUES(6,8,'2025-09-14',0,0,1,0,'ممتاز',NULL,NULL,NULL,NULL);
INSERT INTO student_tracking VALUES(7,7,'2025-09-14',1,1,1,0,NULL,NULL,NULL,NULL,NULL);
INSERT INTO student_tracking VALUES(8,12,'2025-09-15',1,0,0,0,'شرب الماء في الصف دون اذن',NULL,NULL,NULL,NULL);
INSERT INTO student_tracking VALUES(9,13,'2025-09-15',0,1,0,0,NULL,NULL,NULL,NULL,NULL);
INSERT INTO student_tracking VALUES(10,13,'2025-09-15',0,0,0,0,'تكرار عدم إحضار الكتاب ',NULL,NULL,NULL,NULL);
INSERT INTO student_tracking VALUES(11,14,'2025-09-15',1,0,1,0,'مجتهد ',NULL,NULL,NULL,NULL);
INSERT INTO student_tracking VALUES(12,14,'2025-09-15',0,1,1,0,'مجتهد ',NULL,NULL,NULL,NULL);
INSERT INTO student_tracking VALUES(13,15,'2025-09-15',0,1,0,0,NULL,NULL,NULL,NULL,NULL);
INSERT INTO student_tracking VALUES(14,16,'2025-09-15',1,0,0,0,'خرج من الصف دون اذن ',NULL,NULL,NULL,NULL);
INSERT INTO student_tracking VALUES(15,16,'2025-09-15',0,0,1,0,'خرج من الصف دون اذن ',NULL,NULL,NULL,NULL);
INSERT INTO student_tracking VALUES(16,17,'2025-09-15',1,0,0,0,'خروج من الخبيس',NULL,NULL,NULL,NULL);
INSERT INTO student_tracking VALUES(17,10,'2025-09-15',1,1,1,1,'Mmmmm',NULL,NULL,NULL,NULL);
INSERT INTO student_tracking VALUES(18,18,'2025-09-15',1,1,0,0,'حبيبتي',NULL,NULL,NULL,NULL);
INSERT INTO student_tracking VALUES(19,23,'2025-09-15',1,1,1,1,'ناصر',NULL,NULL,NULL,NULL);
INSERT INTO student_tracking VALUES(20,19,'2025-09-15',0,0,0,1,'Ahmad',NULL,NULL,NULL,NULL);
INSERT INTO student_tracking VALUES(21,19,'2025-09-15',0,0,0,1,'Ahmad',NULL,NULL,NULL,NULL);
INSERT INTO student_tracking VALUES(22,35,'2025-09-16',1,0,1,0,'جيد',NULL,NULL,NULL,NULL);
INSERT INTO student_tracking VALUES(23,7,'2025-09-16',0,1,0,0,NULL,NULL,NULL,NULL,NULL);
INSERT INTO student_tracking VALUES(24,17,'2025-09-16',0,0,0,0,'Vvfg',NULL,NULL,NULL,NULL);
INSERT INTO student_tracking VALUES(25,19,'2025-09-16',1,0,0,0,'جيد جدا',NULL,NULL,NULL,NULL);
INSERT INTO student_tracking VALUES(26,29,'2025-09-19',1,0,0,0,NULL,NULL,NULL,NULL,NULL);
INSERT INTO student_tracking VALUES(27,36,'2025-09-19',1,0,0,0,NULL,NULL,NULL,NULL,NULL);
INSERT INTO student_tracking VALUES(28,26,'2025-09-19',1,0,0,0,NULL,NULL,NULL,NULL,NULL);
INSERT INTO student_tracking VALUES(29,15,'2025-09-19',1,0,0,0,NULL,NULL,NULL,NULL,NULL);
INSERT INTO student_tracking VALUES(30,27,'2025-09-19',0,0,0,1,NULL,NULL,NULL,NULL,NULL);
INSERT INTO student_tracking VALUES(31,38,'2025-09-19',0,0,0,0,'هه',NULL,NULL,NULL,NULL);
INSERT INTO student_tracking VALUES(32,16,'2025-09-19',0,1,0,0,NULL,NULL,NULL,NULL,NULL);
INSERT INTO student_tracking VALUES(33,38,'2025-09-19',0,1,0,0,NULL,NULL,NULL,NULL,NULL);
INSERT INTO student_tracking VALUES(34,12,'2025-09-19',1,1,1,1,'حاكم',NULL,NULL,NULL,NULL);
INSERT INTO student_tracking VALUES(35,45,'2025-09-19',1,1,1,0,'ةلاا',NULL,NULL,NULL,NULL);
INSERT INTO student_tracking VALUES(36,45,'2025-09-19',0,1,0,1,'ةلاا',NULL,NULL,NULL,NULL);
INSERT INTO student_tracking VALUES(37,12,'2025-09-20',1,0,0,0,'Mmmmm',NULL,NULL,NULL,NULL);
INSERT INTO student_tracking VALUES(38,29,'2025-09-20',1,0,0,0,NULL,NULL,NULL,NULL,NULL);
INSERT INTO student_tracking VALUES(39,36,'2025-09-20',1,0,0,0,NULL,NULL,NULL,NULL,NULL);
INSERT INTO student_tracking VALUES(40,45,'2025-09-20',1,0,0,0,NULL,NULL,NULL,NULL,NULL);
INSERT INTO student_tracking VALUES(41,15,'2025-09-20',1,0,0,0,NULL,NULL,NULL,NULL,NULL);
INSERT INTO student_tracking VALUES(42,26,'2025-09-20',1,0,0,0,NULL,NULL,NULL,NULL,NULL);
INSERT INTO student_tracking VALUES(43,16,'2025-09-20',1,0,0,0,NULL,NULL,NULL,NULL,NULL);
INSERT INTO student_tracking VALUES(44,27,'2025-09-20',1,0,0,0,NULL,NULL,NULL,NULL,NULL);
INSERT INTO student_tracking VALUES(45,38,'2025-09-20',1,0,0,0,NULL,NULL,NULL,NULL,NULL);
INSERT INTO student_tracking VALUES(46,12,'2025-09-21',0,0,0,0,'اابببيس',NULL,NULL,NULL,NULL);
INSERT INTO student_tracking VALUES(47,45,'2025-09-21',0,1,0,0,NULL,NULL,NULL,NULL,NULL);
INSERT INTO student_tracking VALUES(48,51,'2025-09-21',1,0,0,0,'حبيبي',NULL,NULL,NULL,115);
INSERT INTO student_tracking VALUES(49,194,'2025-09-22',1,0,0,0,NULL,NULL,NULL,451,5);
INSERT INTO student_tracking VALUES(50,195,'2025-09-22',1,0,0,0,NULL,NULL,NULL,451,5);
INSERT INTO student_tracking VALUES(51,142,'2025-09-22',1,0,0,0,NULL,NULL,NULL,451,5);
INSERT INTO student_tracking VALUES(52,143,'2025-09-22',1,0,0,0,NULL,NULL,NULL,451,5);
INSERT INTO student_tracking VALUES(53,112,'2025-09-22',1,0,0,0,NULL,NULL,NULL,452,5);
INSERT INTO student_tracking VALUES(54,168,'2025-09-22',1,0,0,0,NULL,NULL,NULL,452,5);
INSERT INTO student_tracking VALUES(55,253,'2025-09-22',1,0,0,0,'Gfff',NULL,NULL,452,5);
INSERT INTO student_tracking VALUES(56,142,'2025-09-22',0,0,0,1,'Hhggg',NULL,NULL,452,5);
INSERT INTO student_tracking VALUES(57,280,'2025-09-22',0,0,0,1,'التطبيل على الدرج ',NULL,NULL,NULL,5);
INSERT INTO student_tracking VALUES(58,52,'2025-09-22',1,1,1,1,'Fffdd',NULL,NULL,NULL,5);
INSERT INTO student_tracking VALUES(59,168,'2025-09-23',1,0,0,0,NULL,NULL,NULL,NULL,5);
INSERT INTO student_tracking VALUES(60,168,'2025-09-23',0,0,0,0,NULL,NULL,NULL,NULL,5);
INSERT INTO student_tracking VALUES(61,171,'2025-09-23',0,0,0,0,NULL,NULL,NULL,NULL,5);
CREATE TABLE schools (
        id INTEGER PRIMARY KEY AUTOINCREMENT,
        school_name TEXT NOT NULL,
        admin_username TEXT NOT NULL,
        admin_password TEXT NOT NULL
    );
INSERT INTO schools VALUES(1,'مدرسة النور','admin_nour','scrypt:32768:8:1$HCY3ngTtBgS2HnfN$63eb68e173b16529d2ab85ab4b788d2e5ae86cde45c3c092bf6be8c14e96f303d866bc029fe84c3bb1b74e3cc24a503520cb5ae374bfd9b0ad49dffba47dce64');
INSERT INTO schools VALUES(2,'مدرسة الأمل','admin_amal','scrypt:32768:8:1$W4yjmJaBpZx8qiRe$4eb45136c1876e3ed7d54e83660a83e6e6e26fafdf24faa90ead0c09c48d490fbaf85f69a1fa7c1e71d924690630e7ac1ed2f8dd764ee0d0b7cda27a8dbd26ce');
INSERT INTO schools VALUES(3,'مدرسة النور','admin_nour','scrypt:32768:8:1$7r6ymM08Qw6RwnqL$0715b3c4a0f6354fe3b533313aa551a54e5f2eee85ec857f184deef5283ee01efd12512ae9fb1f37566c49aae3a77646d4c09cdeb70aeb8d352c647e4a2ffb9b');
INSERT INTO schools VALUES(4,'مدرسة الأمل','admin_amal','scrypt:32768:8:1$yZeXKKPbuy9NYy50$03eab936048985ea915b0455b3b81d312c2bb0dec1540693cd81bca598da2e63e528a69d0a6fbb577c01b88e1b61f90f8edb816850f48e8d57018a8a5cff866b');
INSERT INTO schools VALUES(5,'مدرسة الربيع','admin_rabea','scrypt:32768:8:1$GxTuQDxJxU1DrndG$26f7d28b4c0eb22cd20cb759e8f8a4bc6155ee6c464caa70c7edc52429308d2ba9bf4b4241334420d9b212bf3c9f0905e5f34a0e245557496a077621bf18df33');
INSERT INTO schools VALUES(6,'مدرسة النور','admin_nour','scrypt:32768:8:1$DN4otQ5z5VshHcT1$e163f1f3ecc7af89eeb4d22e3c7cc08f91457e5bfb2467ad3f84eed1ec25ba6b714592fc180f2ab81bc91f326aac16ddb15cb27c97aaa9d574e2ec88ebcc022b');
INSERT INTO schools VALUES(7,'مدرسة الأمل','admin_amal','scrypt:32768:8:1$YSI5Dm6NZWqB7I7R$c33b07af06e156ecf6bb0c7cd4774d615a1e23ea63156425a0ebf16e353ca62bb4d4e774fb81bd577b9132820e2fc532d4485b53377bea42fcc81d23187e178f');
INSERT INTO schools VALUES(8,'مدرسة النور','admin_nour','scrypt:32768:8:1$nWwuNyDryp6sa7ht$67ca2b5e2d4964ecb0ac91b729ba2f309ab04aa49a89fab52ba34b245c06cc31ead65918fa99fd918bf72dae6185dd4f79d73955fcaf2fd61f983148671b091f');
INSERT INTO schools VALUES(9,'مدرسة الأمل','admin_amal','scrypt:32768:8:1$0YwdYgeG7ovGncG2$abebd850b449920e0a4f946653eb6ff0d266e192be1d7e4ab0e2494568aebcdb031aed2e22346a7cbadb80d7cbbf894af1e045fda80ad85cf4861963670409bc');
INSERT INTO schools VALUES(10,'مدرسة النور','admin_nour','scrypt:32768:8:1$qDwOYMJu8VEqZsKd$dbc0d887cce2421bf820cf25750309cc2037b4472bae0b9e25019415723d1feddae969a8ef1c190fb065178295f2d848ac25452cb09fa7f382c3376b54359241');
INSERT INTO schools VALUES(11,'مدرسة الأمل','admin_amal','scrypt:32768:8:1$qqv2muYVXN5tFp6n$196ad4f1d2e12f581d32b4d152e799bd3c8c1d417485f861ce40ee9e05e90b52693d75af1f74737a2878df1c5b188f95ff7da19021f4d3c07eec1a884676d200');
INSERT INTO schools VALUES(12,'مدرسة النور','admin_nour','scrypt:32768:8:1$LrOFKhsHPUFxUQuX$50abfb9ccc579d01aecfb3ceb4dbe31ce42868d9657fecfb3129821719703d760687afa1e6928a9ca47704f7dec24c57649caa925f60ca60514e62b639a1ff58');
INSERT INTO schools VALUES(13,'مدرسة الأمل','admin_amal','scrypt:32768:8:1$cZD5SsQ6bTZZLAB0$cbba8700483e2725f8c882e2146a234ba2b6b4fa26c0454374f3dd82e5ea6a48c0484190a379957eb75b5b07bf060452310931cb2fe026179531b95069fb91fa');
INSERT INTO schools VALUES(14,'مدرسة النور','admin_nour','scrypt:32768:8:1$ap1lSQXXAE5Dkw8y$ffe9cae3c1a96a228fccf40a78b2028e5a2ef7bd506d0aa824e23d34deec1a4448eb3ed1d638f0503a4135206f860cf3aa8b543767852e99f30c5bb180bfd93a');
INSERT INTO schools VALUES(15,'مدرسة الأمل','admin_amal','scrypt:32768:8:1$u3HvWCtJIdhgytQM$02b92a5de282b0c7999e2285b0f59d0bfef1bf1043887e194231eb5393aae0bfafe2e0bdbcdae6826344c9827227e84df7f64bdb464e33b3332ec656398b2368');
INSERT INTO schools VALUES(16,'مدرسة النور','admin_nour','scrypt:32768:8:1$hPOtjecCnBYHV7Vq$7d1dba2121eb2cbb6bd47178b8aa89c37b7a784706c52beb8ccf4b4f132518613e2f9732f5e105cd8963f82d4195ae2056384afe23834eb941a6fe83d93d482d');
INSERT INTO schools VALUES(17,'مدرسة الأمل','admin_amal','scrypt:32768:8:1$QUFBqFsvrzPk5e1D$d056c596dfc82ca7103319077c0960a84ae47347d20a768d8425453eabaa503b543de545ef5af5b8124117f33dea4b4866f8d30a1278e209ce30b610de4dbe03');
INSERT INTO schools VALUES(18,'مدرسة النور','admin_nour','scrypt:32768:8:1$v06B2OTyTH36wVzc$51a86d7ac74c7fe0458a3fded6d83af6c3df92e7ad24f5acf33765783a7a06c0f9ff023dd574e7137a32999f658836aaf190b1897bb4c9a58ca58ced13a80920');
INSERT INTO schools VALUES(19,'مدرسة الأمل','admin_amal','scrypt:32768:8:1$CmYAZy9iC6x9brwZ$8b90d18d4b50389c505aad30e2185841dbe7a2e0a41b560be77117826fc7d88bf13c6037c38dd5c897d1c790d833fd58dcc456ea37f3b953c3c06f08cae0f3ad');
INSERT INTO schools VALUES(20,'مدرسة النور','admin_nour','scrypt:32768:8:1$PSxSDW7aDOouH983$17f854b6ce9e25c7b1742ea5eb0f30f53521ce55f17e0600ef27d3a422e0320289ffdd5f31d0446e13fb1756c4a23e64ce4dc4d7e440aa33784915adfed3c441');
INSERT INTO schools VALUES(21,'مدرسة الأمل','admin_amal','scrypt:32768:8:1$wlQqZy7N9vY2RNHL$2754bee4771e210c02bdb2957d60eecbe02e9620aae8a1adbc3f221224c7dd3222e17a169b6aa07246e95d0875562bf9e3311a920217d55cc0e9ad36a6fa6036');
INSERT INTO schools VALUES(22,'مدرسة النور','admin_nour','scrypt:32768:8:1$SDXceW40h5ThxLpF$c1a75c5f56324af2294fb4e81668da84aa2bb1dc995da7f6a1ecbdab5f2e8d5d0fab7197c1952991aff83099ba1aea998fb95dfa669df65808028518426e96a6');
INSERT INTO schools VALUES(23,'مدرسة الأمل','admin_amal','scrypt:32768:8:1$lxLvBN0zgB2oDWfV$982edde145a2502c3f8ed4c08edeb06b419ee7eda6d78f14b433ae03a3cd17d5998b87f9e436694034776cdc5f20f9cb1c61d6c79721ffc57f0dd6b3737194d5');
INSERT INTO schools VALUES(24,'مدرسة النور','admin_nour','scrypt:32768:8:1$mOTOSE7waC8XOPei$c904b21db4cdc65522929a2e557799d2eaf30062f28bc7e2c2b28ec420ec3fd08b745db0f63df962ecfad561c93b363fe6ca0dac7e2f0684a01717fd186085aa');
INSERT INTO schools VALUES(25,'مدرسة الأمل','admin_amal','scrypt:32768:8:1$4kGM8RANhT2DP5wR$5af22747f84e467fb4a9ba46cc7620f8def9c46996ef329906aca664d39a431181159a48b5970d759848f3656bd7ffd9c3a80a0caa070f62121b7efcdf337b73');
INSERT INTO schools VALUES(26,'مدرسة النور','admin_nour','scrypt:32768:8:1$ZmAcpCzZSLuDf1ne$6dbfebe585943e82c3198d86f9eb978145018ab14b6dbdef7b4060ed1f211eb143b220b3d02335aa51a292bcfe8cd1bb76fe8cf959bfd7007d3cd34ddd6a0aef');
INSERT INTO schools VALUES(27,'مدرسة الأمل','admin_amal','scrypt:32768:8:1$DNQsJjxy5hy72kW0$26b636b97264683a7d9866de382bfc9ac4b2da12def2031c07851e1a05c4ab87dd8d78db8e5d6c6446bac37b3ceb9655886c4074b5ceebf460fcec7186ba0b9a');
INSERT INTO schools VALUES(28,'مدرسة النور','admin_nour','scrypt:32768:8:1$LlTL5RTP47KPmVle$29d416537af544cd8a0451fd0e36ea3d27784d9596e00583e86335426cb0c40d23ee9401379476f7ba8e0a2fa8ead5d34f99a62507189d760336892ddfeac6b8');
INSERT INTO schools VALUES(29,'مدرسة الأمل','admin_amal','scrypt:32768:8:1$fxYkVS7kEHLExRX0$0fdc98037fc28b2efc77f6161e0ccf22534dbed89c3e957d5dafb0c1be68714f4eda1d39cca522dc89247b58a133a76343832f4829932c0220051b479c8a0654');
INSERT INTO schools VALUES(30,'مدرسة النور','admin_nour','scrypt:32768:8:1$R1yJQJjovDlkFw9b$5309e42e90edde5424fc0092c539083243e77497a35cefd4964037abec6cf6616ccacc5d2d7fe9d9b010996ae29f8f8b9fd191383decfd3d38e22431f0cb09f3');
INSERT INTO schools VALUES(31,'مدرسة الأمل','admin_amal','scrypt:32768:8:1$1TJFKrh2EPF6N023$8981547965bc78b9f4cf38f7748b4b127eeb76d244cea786eedda7644de8e2512a951838ed30dee7b3aca5c09fed8c0bca2a01692eb0b0b329e1aa1d33bdc450');
INSERT INTO schools VALUES(32,'مدرسة النور','admin_nour','scrypt:32768:8:1$Lz6wmlX4mskqLSwu$b34b2aa3d6dc7e9d4e5094125a62ef3445a04abace9f9cab03f191dd19ff137f8e96bfcb677d84feaa6daa73a028961024d2e499ec65d32483393f3336c7406c');
INSERT INTO schools VALUES(33,'مدرسة الأمل','admin_amal','scrypt:32768:8:1$rx2U1dYKPRhQj0xZ$7e2d8d29d26eceeeddf621c123b78f309ceb90cd2a2eca007c967aeb2be2b089777546612665e9747c533073f6194c6783c019aed6bfd9c23af469e51e071648');
INSERT INTO schools VALUES(34,'مدرسة الربيع','admin_rabea','scrypt:32768:8:1$0sb57qIyjnKvQBWt$8bcbd49f38a51ff2f2899cfdb22c6f6b738279bf885bf6513e94d0cb5992d639252605d6576c3e487d5b79f57d7913db8327afeba48cbe342b2f6427afe9d380');
INSERT INTO schools VALUES(35,'مدرسة النور','admin_nour','scrypt:32768:8:1$QetTNeQEq3pA4F9x$e984b77f80ad2406dc2a5facd9424345c7fb9fb24e85e240197a973c0e7472d6f3c4b940560f24c9f9d08b9eb48001b79a399d7f608dcad942553ece9a57383d');
INSERT INTO schools VALUES(36,'مدرسة الأمل','admin_amal','scrypt:32768:8:1$5koeOlkhoZrVOmgh$05accbd7b6ea3107fef86c62efb79fc31aad954e8e9c38a8b5b5088f61ea4934d2e0a0f849db948bb57014263aba48800c9f7b4dc8fb91f07a2dab682558dd90');
INSERT INTO schools VALUES(37,'مدرسة النور','admin_nour','scrypt:32768:8:1$7qx33Q5PbbTQSDRf$568253074799a7437a46ee58e4e4b4c4002419ba3b33fabef0ef71b0ae7ce852ee91a591a74b524104515ae4aa65adb35bf115df96361144a034a9d4ae42e4fd');
INSERT INTO schools VALUES(38,'مدرسة الأمل','admin_amal','scrypt:32768:8:1$IwUeDiQkuKtwAwIW$a3ea99e998ba8852d078797d8d37740598e071a382e7e48f6428a75da59a58a7de86d3d8eb7679143be7b1220a51b6e604abba39ac7489cfaa393d58b82f2192');
INSERT INTO schools VALUES(39,'مدرسة النور','admin_nour','scrypt:32768:8:1$AcqFTvKAtHErE6CT$c67f6091ba9e55be8d078f43730a3cb8488ebc8211a93586d4b14c09e60edfeeaaa97cc1dafe416a617b6c131548f43cb362cbb62397d62288082bf2c1385f0f');
INSERT INTO schools VALUES(40,'مدرسة الأمل','admin_amal','scrypt:32768:8:1$Qlp2cTyOkBSXVRvh$d5a984db713fd7e567d1bd42d9aa7f40ec21ae5f80788bf351c11a078625380a3977a9d747f1db7702c5ca01e69b8872687d014a7236c3be4135d5b35845b670');
INSERT INTO schools VALUES(41,'مدرسة النور','admin_nour','scrypt:32768:8:1$uhEfag9zSR7nLNwd$5627ca553762d19926f412bc91df5b131b12c63d13cd70f96359ef018a2e1d684f5d8220fda346d9c1f19f3d7b0fb7c997736ee108ed0af17da28ca234d683e4');
INSERT INTO schools VALUES(42,'مدرسة الأمل','admin_amal','scrypt:32768:8:1$3fq5D28xQ67SH0NP$3aa98a73d7aa271c0cd9a26c95d525a3ee53f04f67ab5b36c4058dc2b41de5b3918b12c92e95a52f12f36e04f54d957e53e1e14d34652f15e8b9ed52d932f949');
INSERT INTO schools VALUES(43,'مدرسة النور','admin_nour','scrypt:32768:8:1$8Vkj0XgdAhEvBnwM$0c73a98160460e34eeeaeb4733e9419cf6be4d5fce0b88ea4aac506bb392d5a710dbc5c7916f9753138a9178a3220844ebe04ec5d1afd915c3d94e6bb661c8d1');
INSERT INTO schools VALUES(44,'مدرسة الأمل','admin_amal','scrypt:32768:8:1$drKJrsKedO57otEY$7ae4dfab7bfa09ef97893ad9c24c7ab6be2865327fd11801197091117e50356fc42014fa8a47a74f0ca734d7b11986474189d466e593244572ea37ef0585b8ca');
INSERT INTO schools VALUES(45,'مدرسة النور','admin_nour','scrypt:32768:8:1$kwcrKR06sUEbgXre$5940efb13427094721450e0ddc44050b9901aad28570b5ae4827e3b9b3547485fdb82614d66c1c0ed107d0ec75782f2840305cd133b5abd0e306be59018c1a2f');
INSERT INTO schools VALUES(46,'مدرسة الأمل','admin_amal','scrypt:32768:8:1$cFc3YG3sAZY4ZIt3$26c4a22dade0be5adc679d9b57218bf3c36f8757b85d91b28dc21e756a62952e13846f4786bb65cbba5773337091855edad08182aedaf8109870ad0a44dff426');
INSERT INTO schools VALUES(47,'مدرسة النور','admin_nour','scrypt:32768:8:1$Dlof9N80xD5bIpEb$2f6886c232f48ee3f1e3d7579d633d917720dd2d50469a8805a9b8377f74d16765601ec0f1a5bd0bd6ac83c930d795a39df3c3a73a49e57c0a9ff7a767cac6bf');
INSERT INTO schools VALUES(48,'مدرسة الأمل','admin_amal','scrypt:32768:8:1$EPYLui2uhCxyxyUl$7b6964137763a1cd6b64323a481d243fd8810930ce638c64dfca66a0dc4a8e97d9636a310474228d5647c8ea78482e07ed641ff622aef382317b2f32dca60d2d');
INSERT INTO schools VALUES(49,'مدرسة النور','admin_nour','scrypt:32768:8:1$8YBKUI0GA0LJhLz8$8c9eaa7b432051eb88aaff18d2110c9549b91baff87e63470e414973ed6a1824d1ead49cada38442f672c081d31423a598ca3d848984da30385d5b3eed6ce3e6');
INSERT INTO schools VALUES(50,'مدرسة الأمل','admin_amal','scrypt:32768:8:1$n7qWFNdBaiVQIV4A$681ae1a21f01a9e0947eb6ff26b01de4563b5433a642b092c23c17229a0adf45ffef58e72e19acd656974dad04afa0581298e6173c0f412e6fb3b31faa87200f');
INSERT INTO schools VALUES(51,'مدرسة الربيع','admin_rabea','scrypt:32768:8:1$iWncu5K0gzNu0mSv$b4b92e1333c9b0187f3dcb18072dddb7ee30514f9f5450fa87c5f89dd0d5e9c966f29584dacb33dc42e53da505548d11fced8dac845e69ed7d74d4603e6fabc9');
INSERT INTO schools VALUES(52,'مدرسة النور','admin_nour','scrypt:32768:8:1$Gwy3wuHVYMqhPg68$9566bc6675cdaf593bcd1bfc7b644c8a9166198eaac5c4e9745cae229d02280dfbc2192d4b4942fc2f24a8b698b5c24f4b9e3f01a46ba6ebb5c85bfc14ccf673');
INSERT INTO schools VALUES(53,'مدرسة الأمل','admin_amal','scrypt:32768:8:1$m46e4MLmAak8ujZ8$d4bbd52280cfc25ccbf0255a23e1b0399d0b609e8f531c771351d393d50418dabf8fc961ba040039676fe25370905d64d4a84c2e5eefe3cf50b28110ac8e4cdd');
INSERT INTO schools VALUES(54,'مدرسة النور','admin_nour','scrypt:32768:8:1$1SAFSwoOVFObEsKL$e46be617e1687d18673bbc7c4d83372dda40760aaf50db1c89ce6e0cc207681de8602f89cbc2af96fd27c119b0a536f1be7af9eee2e52c490705f93ff088d9fb');
INSERT INTO schools VALUES(55,'مدرسة الأمل','admin_amal','scrypt:32768:8:1$Bsmf2laRPFifcffh$3e0375b4c2594479b66f8e1f7170e9b8ac316f80bb842246fe1b15d29e64796158673ead31cd008681d3df7234ee853d50885ac10505f11cd6fa8214b537cf3b');
INSERT INTO schools VALUES(56,'مدرسة النور','admin_nour','scrypt:32768:8:1$hzbeZIBAm1khhrj0$2d12867e45d3310a2684ef5a1d64c1e56bd4b984d945ac9e29167909d784588c79dadf6087979a595aecbef7a33312ee4c24b8a7cac6c2b8ddbb6fb17b10e09c');
INSERT INTO schools VALUES(57,'مدرسة الأمل','admin_amal','scrypt:32768:8:1$GrtB7XjICmshn9ob$d305365ba4da9c89795536a7032eaef3a4bf978a7eced33e6da9257b4bf69fb611151a9a72edecabbc8b453f17901b96cd544b4ed086c881a5623694451015f8');
INSERT INTO schools VALUES(58,'مدرسة النور','admin_nour','scrypt:32768:8:1$T6in8yyqEtBdVssX$31cd385477e80c1a769f2d6774284d6b683c999ef3be6bdcab97895c79305b3bc02ba963742659c498c63a18c6631da9d56e8793d2f4a8b0969426429e23c806');
INSERT INTO schools VALUES(59,'مدرسة الأمل','admin_amal','scrypt:32768:8:1$GxMta3DHwhr9iFco$6b6b846f42fc818d251ac81aee50e172600f2bdac6ced1d6f951298b01b0a3696190a0b4fa0a6bdf7a68c570ba0dc2247366323756d6b25dca5af039243cc93a');
INSERT INTO schools VALUES(60,'مدرسة النور','admin_nour','scrypt:32768:8:1$JoDSnbkN8enWUBXL$e393d064c2954d171c00f8cc69d8c6b7899fdbe7c7c3ab541b7fe9bc74125863da1caf7ee7b0e601d606b34bdb3417e36de8e85e90b9373d306e3910b8d547c1');
INSERT INTO schools VALUES(61,'مدرسة الأمل','admin_amal','scrypt:32768:8:1$Bn0YxrL68FYnuwxd$3f7689c45ce01def1fc08b6542f28f9e41dc2a45c36cfbce9b36d4b1c11b6f2e3d77f6c00f8e8f97acaf8f2cc8a8ef3baaae75538140f45bd00684ce35845ba4');
INSERT INTO schools VALUES(62,'مدرسة النور','admin_nour','scrypt:32768:8:1$a5zOsyGrGbuJaT4N$a4be25ef72b62ba0109f5dd07b4559ffc6da877c891e40df4df93e4c8d094cee332007006f0f2759b4e9a4a8edfa346bd96a0f681a2982b21c5d8e6675f294da');
INSERT INTO schools VALUES(63,'مدرسة الأمل','admin_amal','scrypt:32768:8:1$JCbnOKgHFWobQUA9$659436d7ac30c53009a74cd3271ea65bdac3a468d7790a48253eda4f15aed4ddacef9ff9ac33e027c7452b5b40ed0a7649c4ae670cc4dda62a951b3fc16f6407');
INSERT INTO schools VALUES(64,'مدرسة النور','admin_nour','scrypt:32768:8:1$guLGx8rf2n5UArqG$8e637743ad23f43e995525142afd5c7016f7b06bf61fa0d11c586df94d34d4417bd71c98f1058fbda3024075c6b29fc837f12a49785455299b789b9559031155');
INSERT INTO schools VALUES(65,'مدرسة الأمل','admin_amal','scrypt:32768:8:1$JjLgw9XGKhOde54I$47d51b777292dbdce0b27e56a6fb44fb384ab2f748bf26d3195341fd0bf7a8eb95a15b64e05c7a17a81da15ff20ede590d2df68f0773c4a11c956556675ed317');
INSERT INTO schools VALUES(66,'مدرسة النور','admin_nour','scrypt:32768:8:1$wMHpNXqf0SI25lz9$ef2d4c31a35e173d946726c92bf9a0affa6f0289b33004c25315b22b6c1d53e6cb8e0eea7f583bd1354435a5d26cbe2ccf8dd660fb3b4f60110956ec10652b48');
INSERT INTO schools VALUES(67,'مدرسة الأمل','admin_amal','scrypt:32768:8:1$d4aMFYXKidfXGRxM$da642736cb607c2d9d9cdbbe187eda529cca4dea1b30bfe7596b7280f24fc67e0cc67942d0b488c436c301ab50696ec4076bf18d9300bf03f529f3906a9b9435');
INSERT INTO schools VALUES(68,'مدرسة النور','admin_nour','scrypt:32768:8:1$C7b56edtBqPdQKSw$1c7ff4ec9b8eb960f8a24ea006ef53f825446dea4909199b2436071f5a7bcf72eefb8e2090844c2ba7595920294df68fd2cc65b70e1406c5e5b8b6a7fa3513be');
INSERT INTO schools VALUES(69,'مدرسة الأمل','admin_amal','scrypt:32768:8:1$e5U0SNG7XgWEizOQ$33554b45a1a49ef1fcb5ac7eb17ce01ee51140bf3bfbe4a0482bf4130fd74b6748ffa9aed56c9f6ae37eb34000bcfb55127f8805cca8a8e165a7d0b0c916b32b');
INSERT INTO schools VALUES(70,'مدرسة النور','admin_nour','scrypt:32768:8:1$TxeEXeionWazit7T$003ca0b1d33f2a6f118e0360deabbe15519637374f3447761a0aff53c6d168e88eb7a7d5ecc5b6c213ac9572e9c858979c9adeb2ae94cd0875799866ddf9c8b4');
INSERT INTO schools VALUES(71,'مدرسة الأمل','admin_amal','scrypt:32768:8:1$xO8BqyP8DETnJsnk$987c36808f6f9d06ed0a1fd477cdf6aae0e567d1dbbacff79ca0e9da936db38b2955ffcb54e14fcb42955f7b2c20aeb4a1ea8eb962d69e8adac9c37ce49b7f1e');
INSERT INTO schools VALUES(72,'مدرسة النور','admin_nour','scrypt:32768:8:1$8yqtRROFBOgQ7ul0$511ed26869e98befd4581dbc15c9eb62fcf55855aa4f1f500cc724658016d14e577eee0a4aac9dc6020546c63e2ff8cfd5246119f6e401739a747696f39c75ef');
INSERT INTO schools VALUES(73,'مدرسة الأمل','admin_amal','scrypt:32768:8:1$h9adlHX2xQZKswsF$c8a649f485222a1e76f9d898a0b0df7ee11b14a6e5f76a3806b97f1b9689221665144bcd86ca295cde42a63e5369a1423c641cc546859c8370a86e172dde9a0e');
INSERT INTO schools VALUES(74,'مدرسة النور','admin_nour','scrypt:32768:8:1$MC293pTinOpgwzTS$38bd09b5872337da8262e067b960cceecdf69b4597eea46d47e3db9babdf13de7853859b0bf84f37419e77702e03a05dff40ef1983396064a9a1ff7d5b767765');
INSERT INTO schools VALUES(75,'مدرسة الأمل','admin_amal','scrypt:32768:8:1$Z0pSRJxATU1cxRjG$237838c39af8d1cebd308fac2e0ecc93bd7a5898cd7bea5b865bf8e80eb38946183f0efcc74b08935e0f3dec0f75902959b572c34b66b37c8ed78537b7496a55');
INSERT INTO schools VALUES(76,'مدرسة النور','admin_nour','scrypt:32768:8:1$jc58kgn1xMjMK5yf$70668b3293b030587173311b0cc4abf0a29d4a365cdfb014cf8b37cefe2c52054da19df163056b738595a5bc93440d0e730cc8505eb0a7d3c7a9b5f76bb7ef8e');
INSERT INTO schools VALUES(77,'مدرسة الأمل','admin_amal','scrypt:32768:8:1$QgHGJxzE9nlZjef7$43451f6528662232c77922b5661887c4f69ea1c32c20f2301142da494ffdf43ca87d5889331005196bf040f37aa30f3b8ae714454354fe343cfe8375aa74a63b');
INSERT INTO schools VALUES(78,'مدرسة النور','admin_nour','scrypt:32768:8:1$QgaVbm0LcOCUxd9V$dda7de229baaff03002f32829a9ed449360b10187e07de04015a0b4419d21651268226d42dcc8b4a0c3ec5c9fb81477010c6f213d72152dbf386c2455f300ce6');
INSERT INTO schools VALUES(79,'مدرسة الأمل','admin_amal','scrypt:32768:8:1$13nNmPzbRBztWnJE$dcc5cb292d79a385a44fd8400ef46c608e2c8d1c35d533c86aef978868b388965d42c99967f4e17d35d70072c081e3a17ab9f2e2364a890a70f616b0ebec65d2');
INSERT INTO schools VALUES(80,'مدرسة النور','admin_nour','scrypt:32768:8:1$NAVAjR1sts8DrKgu$e1697f47f9f4cc961a794840d55e228c8e9570eb9957a2c9c01aab282b4d8f012b298b3c472c09dac67fa50e534e88457bde141948e9ebcfe73119790b2b1f7b');
INSERT INTO schools VALUES(81,'مدرسة الأمل','admin_amal','scrypt:32768:8:1$0Wn7bGtLdCoy2jWn$7a881a119e293a2f4fe3d6f14df3138d5fda0dd22e12a1fdc45e607d775aac7d46367a7503f5af766580de1a3c1deef91c660b826b2a3653d4d183624df7cb10');
INSERT INTO schools VALUES(82,'مدرسة النور','admin_nour','scrypt:32768:8:1$ZZMbIh5FwhIbbGzB$47ea31ab8a616cbb831cebdd11b4c180474e19ae82da2718f82c1162d415686e59da3a867952a216eca7e509d69e5370b558776923ac04a7016df0d1284a94fd');
INSERT INTO schools VALUES(83,'مدرسة الأمل','admin_amal','scrypt:32768:8:1$yOEvbsQKnch7jF2y$c0dca0bc0b186ed394ab47275198cea9d518b0cb6cf4d025af8f0d819a6e554dde124df9ce09588a5c975f47c8f398ca75f70d1270f4c48c0ef6da211e3d6814');
INSERT INTO schools VALUES(84,'مدرسة النور','admin_nour','scrypt:32768:8:1$3birx0bEKP9KWfws$5f588a6b4816c6acc8def6e43fda1f1730b3d20181df4d12cae8c520999c335afd0976b62d68017d031dace488ab7327f0971f016bbbc9a84ac522c9069007e6');
INSERT INTO schools VALUES(85,'مدرسة الأمل','admin_amal','scrypt:32768:8:1$OOFjbNCQ8Yk6R5hy$7e83290be208de5ef41b7168cfb1b2e793cf1e6e3024dc2192aa75d88e473c92213a4b6200f00ec672bcbfc9c1f938803ebb7e31d6a36dcc23e6babab69934d7');
INSERT INTO schools VALUES(86,'مدرسة النور','admin_nour','scrypt:32768:8:1$P40o0GYLMCEFes6u$4024dbb180e67d8e515bf9fd926158ecdc43e335b18024d066b763ac2bc2a8aa1ec9cb01175960fb492b31d0f9112b22f10d22167b9e747cbb53edcb15e8ef92');
INSERT INTO schools VALUES(87,'مدرسة الأمل','admin_amal','scrypt:32768:8:1$Yo6wvPbZ1t6EJiR6$d2ff791c3fa2ea247fc079c5b9c173cba1c62e07a456eb6119e6337c2ac805694f4a8cc69c1ad200beec24e8ff328ea143bd939d5f82c4a9000d9dc8c74e8f71');
INSERT INTO schools VALUES(88,'مدرسة النور','admin_nour','scrypt:32768:8:1$Rc3zzeMmkYotPYzI$5ba5b3b29981b4c987a92ea9296cdbea7510db1187c6b895bd76829d8fa1a23d73efd83a2140652a07b2f1578a1c7643e908186673a01312b9a1d4e8e8bc36f1');
INSERT INTO schools VALUES(89,'مدرسة الأمل','admin_amal','scrypt:32768:8:1$ix46NOy4PwweQLIr$d5da7bd52a00790ca6bcff7eea221653dd0efc5e86632382b1617dceab8fd83ae599f2a187bff950c8cb9db16062e54163694153d0c0a4a1acc4568ac4d8f15a');
INSERT INTO schools VALUES(90,'مدرسة النور','admin_nour','scrypt:32768:8:1$rn907Z9yNWZT7Uov$230a0b50ce5d00c4fcbfe2e6748a1f26e256b0e1ceb8bbeee943b94e9caf6c4703da672ce0dd6600c1ef67cac2951ebb5b1513ac8975ddfd1946bbc99ea4cc91');
INSERT INTO schools VALUES(91,'مدرسة الأمل','admin_amal','scrypt:32768:8:1$r3engURfgweLeaAR$335fbfa9f2def0ed1e97cd1f0406b647fe2409f5140f72956bdad8f9f5c4758e57eba3c495e6a2aa8897b835eea45d1ac68e3eaf69c512ac073ee7515b1d0ed8');
INSERT INTO schools VALUES(92,'مدرسة النور','admin_nour','scrypt:32768:8:1$2Mr7z72ABlvZJh6l$9d67cc9d95c510d3f082470c3fdca9b3c3928a51db2ce4658d1026ccc52288c418b94ec2baa34bdfa9690ca49c2a286000e74539ef58c373c1d8dd854380bee2');
INSERT INTO schools VALUES(93,'مدرسة الأمل','admin_amal','scrypt:32768:8:1$6SMOLq0DnQLIdAx1$cfaa9e41501940a149e27e71995c3c18a5b584e337b2534ee0e938387db059ea54489e62d6925d4729478c36d2daaeaf4d0d0c698c899027418cf11a459f8264');
INSERT INTO schools VALUES(94,'مدرسة النور','admin_nour','scrypt:32768:8:1$HFCitXwJ9rNcH76t$718f201195984e9056c7cb5b2a29b787f8cb6a2a393478cf57e692f5276a6954b8090031bb3c8fe72594c21922d1767552e63756ef3fbb01b5c2315abfacd896');
INSERT INTO schools VALUES(95,'مدرسة الأمل','admin_amal','scrypt:32768:8:1$11v0avIpUZktpVvx$f3894f77320911b8d27b2d3a8646b00adf8f72ffbce769ca4bbd6865a949cc6ab9a54bb695f10d5e9a18c5058326d58834c6417aa9eceaf55936a5a56294175b');
INSERT INTO schools VALUES(96,'مدرسة النور','admin_nour','scrypt:32768:8:1$11LSKjQyrzKQLAGY$956a13acfaa4354e8e6bcf6bd2ddb593a292ddf6621c740263eed6aad052079328313e5b4460ccf6e0f415c6e96b1565b27ba0306aafacd06325e62f674a350d');
INSERT INTO schools VALUES(97,'مدرسة الأمل','admin_amal','scrypt:32768:8:1$36s2Lq8VTmrsTUxg$069e79f8e36e6e59c3fb87c748b9a6b80bddf0655d23cadf84fcf69402ecef8a23da0ebec6546d8805f94545cec595cf6f08dd3d6c3644bdf27a7db9b45fc62f');
INSERT INTO schools VALUES(98,'مدرسة النور','admin_nour','scrypt:32768:8:1$AcCbxFx7okmKwYmb$060d261de1faa3c43b40ea666df9e848d62750b389216d7ceb7442bfd451e6b6dcf95d5a5ce3d60e636c0478d1895b7ffd7f7caca27198378bcf3a30838b171d');
INSERT INTO schools VALUES(99,'مدرسة الأمل','admin_amal','scrypt:32768:8:1$JD1XJMLeuWZtfikY$ce017dbf1c1f144aa2270ce14727d8c6a579f206048073f6993dc38743902244a101ba864f486acae5d63286785b132098fec929c1f1e633831fc537fa04de45');
INSERT INTO schools VALUES(100,'مدرسة النور','admin_nour','scrypt:32768:8:1$8B0NlBJqlb6EoTtx$77f8d50d277b891e8c266d65a365d18a495b89cb110e65560fc86d88d8bcff85e0ff114d5cfb2340f46f9b89e025d27f1c7bf4e108699bfc0e88fec87a72cbbe');
INSERT INTO schools VALUES(101,'مدرسة الأمل','admin_amal','scrypt:32768:8:1$twF7mbfwJkBHHLUt$b6c0278185461843132fae666fdc7cf7e1650c316b15128c532a21e46f034d04ffa8227ca30ddb7ad842de3d6c8a9891afd615a1c2e4d6f62701b4d11f0fdb03');
INSERT INTO schools VALUES(102,'مدرسة النور','admin_nour','scrypt:32768:8:1$aHY9MOc3cXYgb8uz$11a232d4af25161e7dbfb9daa0551db095812e4cdb4714e586be1606b9f0ac152c8330f0126ccbd15ffe7ee1cc05587438ccf7607cc9a3514bbe739a9553682e');
INSERT INTO schools VALUES(103,'مدرسة الأمل','admin_amal','scrypt:32768:8:1$oEiZ30jfaLpbOZ7S$944de1d2176453e698b0cb38ed177bafd7604c77b3cc6bd1b5bb510d7830d02b6ead5418842a0f485c04ab4d206ce4c40aa4dc19bd68b7531b696ab52fd16707');
INSERT INTO schools VALUES(104,'مدرسة النور','admin_nour','scrypt:32768:8:1$3yieFDTLdCcSWEeb$0a5e8b3b5a3641cb414f11dcc8c4abaa2a6d0b6e4d24105edf503ad67c493cd798b2ff4af0b41da321fcffd8205e367c955979a0daeb87fd73ffe4c27d2fc763');
INSERT INTO schools VALUES(105,'مدرسة الأمل','admin_amal','scrypt:32768:8:1$opkvLS8GY58EqjsK$85a182940251da5450f7231aab06e295303a125f5c20e0a29a270fe03902648980ec690620c83cf183b10d2f8b39083e74ba0f007edb9cd85f158434dd58643e');
INSERT INTO schools VALUES(106,'مدرسة النور','admin_nour','scrypt:32768:8:1$kOxhmpHZ10AGEmKe$f9846de588be701a47428982227712b08161f01bd6018bef674c90823e13c07ccd42eb90e1f69dd728add25e5c3b3ad395a8b13680a8e4283d7a84fcd7df05bd');
INSERT INTO schools VALUES(107,'مدرسة الأمل','admin_amal','scrypt:32768:8:1$eObEtQNDihpuJuSP$cded83d5cfa8ff13e150dfa035a270bf302508a9cd8fd177590ee0aa0d1edf50fb7183d668d49f5af74b9f0663bfe475964334a66364f3bf1385aabc5755970f');
INSERT INTO schools VALUES(108,'مدرسة النور','admin_nour','scrypt:32768:8:1$Cv3dBR0rwbbO8sDK$740d5f5548942993d9f3bce7a72938cb6c73fd12893b2a808a3e56c1dbca1766511404d27d54e1761827a7d46a882dbba5313769ec52a82f8ac4720aca4a607e');
INSERT INTO schools VALUES(109,'مدرسة الأمل','admin_amal','scrypt:32768:8:1$X1A4MDeoy7im3oDZ$a46090a671cec492997556487c3d106a69b8db879d5667eef57632239af100e981294660c05af4db45c107cda9e664bb6be04a023c434d53b83f1d3a6982d423');
INSERT INTO schools VALUES(110,'floor','floor','scrypt:32768:8:1$rdgEuEsezjFNAOTR$a988c05ac5eedfe4576c4790509ac849ee8a0ba4a3302cb540816d1a7caf1f4748d28535c6b5ffe0b265aa2bea148b8c8e12aa19a972516ab8c9a2a0d4b3a63e');
INSERT INTO schools VALUES(111,'مدرسة النور','admin_nour','scrypt:32768:8:1$ifU9ZCNiWLGmoh2x$22bbe9ac15c2756b83b885a4509cdd63f3076ab88fdc767d5eba3b96ccbdcf3661b17fa6fbb8254e386e948659e33f7a93592f220a627325fd10db3c8e6a3df4');
INSERT INTO schools VALUES(112,'مدرسة الأمل','admin_amal','scrypt:32768:8:1$WPXGAuwAU3K96l2J$e90e6f88bccb917d34197e5d6c4b1eaca6eee32d603614708917ca420ab3055db7a992399929d1457836d1bab7d3caf269385c383e39805e00aff2fcb7f852c1');
INSERT INTO schools VALUES(113,'مدرسة النور','admin_nour','scrypt:32768:8:1$DSE27als1K7HHypY$0d8f19e39760da5e02fff078aa620c17185d8265a34e95a49a28ee0e00fcc96ba38c295a4e7d36548628b61e07b5d7c116968794397c9ab856a3e75e4f28e3c1');
INSERT INTO schools VALUES(114,'مدرسة الأمل','admin_amal','scrypt:32768:8:1$xgBaZRsVnuFhNvGP$fc0ab9226072582b0717cf6a1f4357b8a76c24c56ea0fa9c76f8a5b0763f08b9c0338698f1c36fafe729189c5684504c869d2a1438cb1179beb805314705898c');
INSERT INTO schools VALUES(115,'So','so','scrypt:32768:8:1$99Kqmbvo5Srg4lCo$0a0d3ff25d40aa9eb83c71323954ea7bfb09e3a9266a79c5d50c7a45360f62378aae426896e216afa11006e26b2ae65d730cba69cc1900e08ba6f15e3d88b230');
INSERT INTO schools VALUES(116,'مدرسة النور','admin_nour','scrypt:32768:8:1$U01k3WGNjG0UZAdo$eafd8265d6f9f9c37ba19068a5f0f63df265ee9099524289babea5ddbb5c91d670a7f93ae62dce9df10f17b54a32b4aaab54d512b658e6f528e5ea7e256a7ef0');
INSERT INTO schools VALUES(117,'مدرسة الأمل','admin_amal','scrypt:32768:8:1$i9RQmfBYzwP6c2hD$dd1427d26d12f0d7a7c948f7dd38e16d219ecbfa1d3e86d46611aa9683273f02b3b22f892deaf505b7bca4b2604767373da62c4150e5cf0621fbdc5e60272209');
INSERT INTO schools VALUES(118,'مدرسة النور','admin_nour','scrypt:32768:8:1$5hfEGW19Yka1ifED$f263eea3ca5dd24eda8c9e50334cbb2f61451bf191c5562e99ab9ce662161952c71633eeefa29204727f532268cfd128e8815b53e63b2ebdf6232933abb8d76a');
INSERT INTO schools VALUES(119,'مدرسة الأمل','admin_amal','scrypt:32768:8:1$v1qdAXMslqUYLpQw$b2d9d5ad5a32a9ba0b8e989dc44a550ae6918f707ef63200b3417bc97a2996c5e1da9a98e914bef87bf6b87e6b0ee258775e11026e8d5f4a47d14470eab0ad46');
INSERT INTO schools VALUES(120,'مدرسة النور','admin_nour','scrypt:32768:8:1$DTKZjbnyoxuIDzXG$3139cb77c28bbd6d97c30e01115b5ded6a5cee1fcd184444c1a471e481886ed8f8e88d6ff328a9d5e1c1abc7d457cf68d2b4d04edde8fc5efa45551aec136657');
INSERT INTO schools VALUES(121,'مدرسة الأمل','admin_amal','scrypt:32768:8:1$bfaMyjersZeXGhNQ$064744709ac972734c3fb751b103f72f4b56b4d94705ed4e5fb16059ac4e39497fe96def5d0622f9129f4a75598e226bd7140efa88eeb4f8caa2b22130fdae68');
INSERT INTO schools VALUES(122,'مدرسة النور','admin_nour','scrypt:32768:8:1$5kmlOMZqPxRUTklv$c15fa0da5545f393d4e2f853eea35bde14c68f23334430c4fc3b11f76cc9496d3a71fe02e827e22ae36c193fe392c1441942de7507b3a0d0b151f1ea7ecabdec');
INSERT INTO schools VALUES(123,'مدرسة الأمل','admin_amal','scrypt:32768:8:1$WpW6i1RRI0V7maeQ$22a43713fe45dede9976dcc07dcd35b5cf59493ec8f4b686408b61bed1a4ae4863b51db5d748ba439ef840ac0ac1f219cafadbbad2f04eb4bcf29fce41e40229');
INSERT INTO schools VALUES(124,'مدرسة النور','admin_nour','scrypt:32768:8:1$lS9Gxt56HhHwBC2B$f7174b05775fd3679a12345e6a0efd72dd4cd45362a76c9887795543682d861ad247cce6535008e8ffb9caab0035035ff9f9ef752822807641c49a1d10e2829c');
INSERT INTO schools VALUES(125,'مدرسة الأمل','admin_amal','scrypt:32768:8:1$vircrR9Uvv5nvzyk$ea26b1be4beb80471421e44f31d0a2404d10e1fca551d5c4f2a540dc65c7fb90ee2cf4119883e5029753bc551096453c5233ee06c479664949ffd7ac2ebcf36f');
INSERT INTO schools VALUES(126,'مدرسة النور','admin_nour','scrypt:32768:8:1$uRpFSzsWmVCq3qHZ$3eba12238330d2dfb9d1ac26139a94266b8d82b22d5d7795482e5b17baf546eca58fc6a8f6ed8bbe3636c97b4db638596f5ef01e9c8f9311d9f46230454cfe59');
INSERT INTO schools VALUES(127,'مدرسة الأمل','admin_amal','scrypt:32768:8:1$RwV4xI3dmTEUol4b$5cb454968e3053ad80ed7ddf8706d900aa55ce7a20f08fe6d3a76453c48e8dedb5a88690d7e0f55aac390034cb65b0329c45fe5dc58cb0d3d42978a8ac8a3bbe');
INSERT INTO schools VALUES(128,'مدرسة النور','admin_nour','scrypt:32768:8:1$jZLcIGKczZ2pZAQn$2d0a2386c387ac98db5ba48736a9f182431884f2f1c81c99d64f6d218ff02fccb0a66b4e8bacd447c43e9d93d3782137f26ca883be252ce89a1e4dd736484fd0');
INSERT INTO schools VALUES(129,'مدرسة الأمل','admin_amal','scrypt:32768:8:1$lRnBysli1YUdvTiG$cab321428c2735f948251903ccd2916e77639a4a078574401c455d15df01774036f6c34b72444357489a812627068ebf2ef9289e6e87994f48ada6c930dbe5b2');
INSERT INTO schools VALUES(130,'مدرسة النور','admin_nour','scrypt:32768:8:1$AVCNyZQdEVLC30s6$854296fb8b4d2c3905ea1798ba60d4c78128c8728dfff9583f09d5682b17418d0bfc07091f73ce711b1d4ebc38de86da7f188060d258363b25026764816a8f06');
INSERT INTO schools VALUES(131,'مدرسة الأمل','admin_amal','scrypt:32768:8:1$fd55aHlDf1KxujvU$b60c829eea09c9e40f469889b3365ab749e935507687b1be25924edcb2715732e081542dd79901cc907215d387232116016e7d772d3db25c14e43bd77e3e5f2b');
INSERT INTO schools VALUES(132,'مدرسة النور','admin_nour','scrypt:32768:8:1$kCOiaqNI4lvCrMmV$919ee6186a6aae37c2aa882c7abf508a9855b2cdcc8e00393b24eebfb6c4e458afd835ed98e13940165cf197e8e16435f2525038c909274c16927a7ad5f5c27d');
INSERT INTO schools VALUES(133,'مدرسة الأمل','admin_amal','scrypt:32768:8:1$bbpou5B4uLEZ1gYS$14dfd37630cc0f71099dd12746a1009b30c8b2226deec2b8128502b4d50c224a7a5d4ba6dc3a4f562db7e5f6bc629362b900a5ac285841febb9211c304a6f37e');
INSERT INTO schools VALUES(134,'مدرسة النور','admin_nour','scrypt:32768:8:1$4P2TIome519wkTxa$fd2834a9a3cbd587bfc0b87876c58a6302177ae80687f261ef67fbf29665993e3efe10c87809024f8f6cabfd21604bb278b3a7f7a9f27cb01cac9d178611dd70');
INSERT INTO schools VALUES(135,'مدرسة الأمل','admin_amal','scrypt:32768:8:1$tLgeArvaSAp2GX2E$1da0faa8465d416e428c44ccd88219a31b2ed696710bf9b391659d100467ed237a4ae809de16df0ffcd51c0e9caec4adb83b743a6362d3480039f3128e538320');
INSERT INTO schools VALUES(136,'مدرسة النور','admin_nour','scrypt:32768:8:1$dMQwg1FfpYNWLDMi$7e417fb9acde50dee04d9dde3b2675a6ca2d6f52e934a7cef3f005a72edf0eff7251679b6868ad3e0baeca47f572d15a1f310a808051ee1a52f4bf35463b4206');
INSERT INTO schools VALUES(137,'مدرسة الأمل','admin_amal','scrypt:32768:8:1$vZXCY4SwfUvZnU6G$2f65e9a2bed1d18b60cdd034a9d1b7d83e629414f8c0de3f9752d295d66233e4119c2c83a219cf90de87bbb8e9ddecfe9df09983a503068b54dcf4149f389ed1');
INSERT INTO schools VALUES(138,'مدرسة النور','admin_nour','scrypt:32768:8:1$RQ72vGZlLeNM4izX$ae2f25d584cb854e90310b57a250ba1d884a5ee60525affe9e585d949885e8241878927bafe33b48abb73d3dd9afd076a47f947037807dc97bf0efae2ca36f04');
INSERT INTO schools VALUES(139,'مدرسة الأمل','admin_amal','scrypt:32768:8:1$hY56C44vNFDqvHzz$85996bc8f7e0b162cec07097e56de69552d62b481a66bf2abe07926c68217fa75dcbb4b607bef5897ec2a0cfe104d13997c48901341e0c47e660cd14bcc067ba');
INSERT INTO schools VALUES(140,'مدرسة النور','admin_nour','scrypt:32768:8:1$CXAKGRAhLnfWEO1G$5b0738bc50761e0976052abfd47ad20dfe9fb2d7eb365738215fa103cd373e0f5b41a258c9deea9c35359779eef7c741bd5f9e6b82381af5a9d5c15173991f0c');
INSERT INTO schools VALUES(141,'مدرسة الأمل','admin_amal','scrypt:32768:8:1$PSowji8lhLrGATlT$38c8c521028ca51984d44d37209852fd1eeea267a9cab49b34782eaa0550d01284002bab166e098d8b2a60a62ac78e241b384c48af7f3da53ada5f205c4116d2');
INSERT INTO schools VALUES(142,'مدرسة النور','admin_nour','scrypt:32768:8:1$pNlIKBbWGWn5VzEk$e9f93f18199a6afe62f2c1e38b29e4b29867f503c1d39e914b5103e0a4c5da8dd6e6f050a8fd835cc3a5d640694cafad0ccd9a2b6c5acf6210d132d43a3be0d1');
INSERT INTO schools VALUES(143,'مدرسة الأمل','admin_amal','scrypt:32768:8:1$BtTdyYW2ZeHR6mbn$1393178c922292f1f000afe46c4e0074a47d18e27cfc174b4aba4a7479d3c8de8e1d509b3dc9285118d4a27bc8a17cb986ead767d357dafe6ad89efdc9693753');
INSERT INTO schools VALUES(144,'مدرسة النور','admin_nour','scrypt:32768:8:1$QyjlIayITND7bgyi$f7d6a2af5565ab2a421117b5e8fa46eab4a99b8f233a45652c27e61a6d57c58639c587bdc2b514426c2dcd304f1849495e6a10c521675c2450c99edfc5ad4961');
INSERT INTO schools VALUES(145,'مدرسة الأمل','admin_amal','scrypt:32768:8:1$3PJRYDgEzh0piUZv$96fe518f917d3f00bac965f9cf4af4f1b34cd847516b15eaa8f1ade6515be285b247d02d2efa133059cf2b0f139806e88e7266dbce33599609372c4893f3488f');
INSERT INTO schools VALUES(146,'مدرسة النور','admin_nour','scrypt:32768:8:1$mjYjKPivOtqCAAjV$2965cea928a78c9ea7480498a63b464f26753df173a311bf21d8f8ce23c961d0cf56205c904d6023fe4c07bef9ad0f1d06d38f62513e1cd075d92dcde7e95f1f');
INSERT INTO schools VALUES(147,'مدرسة الأمل','admin_amal','scrypt:32768:8:1$mXDFEydEedv23IZW$c61f800f3766f686df4b88591d4c741922a7d522e944ea18cf1c56ac910edebd2fd76d2dd96196ab0a1405792fc79b8c57234edbb13e15f89b9c12c1f24ebd95');
INSERT INTO schools VALUES(148,'مدرسة النور','admin_nour','scrypt:32768:8:1$XovKAM79zPotpfOj$b2008f76915c538c7f6d7a08852ad4d7c349253f0ec0ac8ee92e1b413ad25f680c618d473560a090c522009e4914210384e415eded5c8a891dc8ec66034dff4b');
INSERT INTO schools VALUES(149,'مدرسة الأمل','admin_amal','scrypt:32768:8:1$qAkKJixl7EUjqrGk$cd15db4d9025ad5133d331101f14e7966f8bf8c5ffd0de32dc72ce38f98185f000ae397950cd438d7417946c6a988089bf106647938ba4e74a19f98d8201713f');
INSERT INTO schools VALUES(150,'مدرسة النور','admin_nour','scrypt:32768:8:1$cqUZnD4J0X84RYKP$c103deffc0045feaa49ce54e4584f1017f217f14bd96d1a9defb1f0238cc97c75739b5cb224bec8754ef8e099e22c9b2f7215b4b7a16e24124d434bd58750cb1');
INSERT INTO schools VALUES(151,'مدرسة الأمل','admin_amal','scrypt:32768:8:1$pXkjWybqa7fQ4d5e$3ee4757b2d1e67f9a749dd4e4ed1eff72643699af9ce919714dd5c496bf7875a462fe8f36b53feac188580d77b02ef98dc8902f7f41a483b6286319d635dfe62');
INSERT INTO schools VALUES(152,'مدرسة النور','admin_nour','scrypt:32768:8:1$z3cZK9j8w1WZPUEZ$e51dc29fb831bb5da5300cba5126f84288ffa1ff4ace13b4f9adc12fca9aaecb85d71db289c04341dcc7f810143847cdc9b241753f55d4a97c750e22482f84ae');
INSERT INTO schools VALUES(153,'مدرسة الأمل','admin_amal','scrypt:32768:8:1$rngC820ux95NDasT$9ec2fae86a70abcec68d544f38727abebc15870dc39e0cabc523509ee9b16f79af5a1fa198b23af45c48a747fb93e43d9fde962fa482c42ccb3f0dcf760de59d');
INSERT INTO schools VALUES(154,'مدرسة النور','admin_nour','scrypt:32768:8:1$w9gibyKqlt7iZCnr$912346a7e12db1a7cb15577240346b73632fe00b3b416789036d241b776737a322b9a9b82cae165b83eb7b0e177c5faeb4275bb3ad4b33352419969e69f79942');
INSERT INTO schools VALUES(155,'مدرسة الأمل','admin_amal','scrypt:32768:8:1$9UNNydrV8ZixoMhI$693abd49a13a3f9dd89f225f3cad55bd488ccf8a28216236c90efd43af2d08b9dc385b93f2949bd680900d4062365942e65bc57d619d555e9db4444cb8809c78');
INSERT INTO schools VALUES(156,'مدرسة النور','admin_nour','scrypt:32768:8:1$8VzuEELknmTpfJAC$b47e8ac738dd9b4f6c7e80762d869c3842fbbff3d5f579b94e3e6706e633b4c3d5751bf98cf5da936381643f6895ad02db81e0eacab57bdf2ed98718902e6fe1');
INSERT INTO schools VALUES(157,'مدرسة الأمل','admin_amal','scrypt:32768:8:1$V4T7rjeQIExZQgIJ$57d7c297421354811524e002a25028f1bdacacb5a92ebb658c3a480ac0ae0092a9adc70a3f466130b9b74837f398ba119a554d54a709d23681fa21522fce1176');
INSERT INTO schools VALUES(158,'مدرسة النور','admin_nour','scrypt:32768:8:1$i5io46KlwgVMgyLE$738eb53b698742f145dde91294b73effb431b5f0608e611a00850da0c1b9917ed989e5c65c7ade9a2b77c275ada849616166b2d3fc9a174816bfda720cd36cad');
INSERT INTO schools VALUES(159,'مدرسة الأمل','admin_amal','scrypt:32768:8:1$t3lyQX9PUcbmycX7$cbb885f26cb7fcf11887956e4ae0fd23d22241ea5de507bf6ce8516f02646d585771bced7d108b511c5b93775c069bfa4757e58ad7e472597d8d7c6f567536fc');
INSERT INTO schools VALUES(160,'مدرسة النور','admin_nour','scrypt:32768:8:1$pxHM972cdbOTPlhJ$8f45b8d9ace9c8ba8a1b0949d4437700f6f73da409e90eae9abb9a0d16f965fa127ead891f9d832631a0915d98ae6c451b0b560971eb38c6bcce22a51d91aec8');
INSERT INTO schools VALUES(161,'مدرسة الأمل','admin_amal','scrypt:32768:8:1$sG9XiH5TXqloE5d2$795017d11f9c4c49b13463097bf724c4fd60c13e743ca0c558098d4af90937487312f579b52ed2d5f0fc5602c26c10a396c3e9afaec421ee64f8d55d04600559');
INSERT INTO schools VALUES(162,'مدرسة النور','admin_nour','scrypt:32768:8:1$OrnLunXicHe0AcbG$7978a5d0eb4c3c671c5eb3b4c5e6e20341051182ba38f864757b7ded3600ca7bce778887746085eba9657390d84fb93ed8a8e67a668e387f28c642b7049420ab');
INSERT INTO schools VALUES(163,'مدرسة الأمل','admin_amal','scrypt:32768:8:1$zt8uoYrfEph1Bm0h$37d99bd82bacc71aae156c18539d61e96262abf2c7edb0c0953dcacf4610bd871c1c80e1d8b4b4646a3b80a9ada60bf458168698cfee7b4988ba61f0efd5c6dc');
INSERT INTO schools VALUES(164,'مدرسة النور','admin_nour','scrypt:32768:8:1$vNoC04yQsgXQwOxO$d503ba32a92383f96e566fdd890a23b09a093eb1a22e5bb04da9cea1955cc69fd32e6274bc0c1f974c567433f447ecb72c6a90d7631230445bd4ea2ff8503330');
INSERT INTO schools VALUES(165,'مدرسة الأمل','admin_amal','scrypt:32768:8:1$z69T56xFPzBjNdV1$c3a754b823929077a86dc9d36ee002134eca7d72e84d851c6f6a1b3e0e1f3d3bc07d83e0a411a74efbb37136d90e462a3d202254a4ccd3b0f71edefcdd3603b6');
INSERT INTO schools VALUES(166,'مدرسة النور','admin_nour','scrypt:32768:8:1$n6qCkFKBgwTvEW78$7179df7dd6d07269c4f93309c75ee1172238825bb0369c48e71b6d96249630687058927f19fde3a394c8cd1d11ea7bfed23ab1fe7da1927b18a10d2b9950af45');
INSERT INTO schools VALUES(167,'مدرسة الأمل','admin_amal','scrypt:32768:8:1$ECeh5Uh77cpzoWuZ$3534a2e09d7e03a8f68988d4697267cb7c253a55dfb107ed3eb724cecf4ac0c954c55c5679d5cf45797df3c1eb40863960a11ad0b5c54c3a3d9362b453b364ae');
INSERT INTO schools VALUES(168,'مدرسة النور','admin_nour','scrypt:32768:8:1$8f7ZmBoSaX54dFpN$d8fea7b59785836136d7d9f448cea888a388e50121567f7b7b9ef65355be394509469d1335d8c6e711c850ff7588559cb018afb0754927dbc018908715b45c79');
INSERT INTO schools VALUES(169,'مدرسة الأمل','admin_amal','scrypt:32768:8:1$cXZqyMpI7g0LVmFC$39b0027642931bfe55d9907a20e7e5ec03f1cfd5f39b958670dea7cd4c3bc42f34378c77ab422715204f20552ab044cc788c5b3bdfe3ccef724d032ee339a081');
INSERT INTO schools VALUES(170,'مدرسة النور','admin_nour','scrypt:32768:8:1$j5MXzmzDvaqEnx1H$3b7cce8caf062b0731269ace6ea8044292557efe1e4364f82602b440f8679ac5484db6279de1b982ca5009e2ab4d30e9d292861cd35c9d9bc3bc508dd70fdee5');
INSERT INTO schools VALUES(171,'مدرسة الأمل','admin_amal','scrypt:32768:8:1$SePgkjMeTct5M3l3$31c15d0d7a6dda88dd9db61a11b16ae2641b2ec01ffee6a1e03aefb40377f17601553a413ba610e915874476b434348c39af7095c8d8ec1a6000e0dda59490a6');
INSERT INTO schools VALUES(172,'مدرسة النور','admin_nour','scrypt:32768:8:1$CxANzc5GB5ZGHaLH$cc947b44851ce08af52f16253e6d36906569f4a44cc30cbbc61182c1c86e4cec6015b1f6c1dba1240cf7036c7c772c81383b3879a9c77c5702cb57668f0a478d');
INSERT INTO schools VALUES(173,'مدرسة الأمل','admin_amal','scrypt:32768:8:1$PXtmEJE6deFUzOy2$b96b92875edd031d47d74cfd874ef994490a9362a4d9995aa1c7eba24a447d587156634079cc9cc4b6529bdb69be6579c88f707200f279789701a8857666f171');
INSERT INTO schools VALUES(174,'مدرسة النور','admin_nour','scrypt:32768:8:1$OxZadGURTQOrn0qt$8e8bbfce8055cbb8385a4b0db2896ef7d84cdcf7b7d6364fd404b8303bb6c6f8f19d29234c9d9a2a12e510880dde458c9eb5109fcd494602a666c4c6b12e4b4b');
INSERT INTO schools VALUES(175,'مدرسة الأمل','admin_amal','scrypt:32768:8:1$RB5UNk4yiOtmiD6z$3282b4309ee9bca5b37ed48f1cfbbcdb1b2855d0343f87409b56e9d79bd8f705c089ad10857962f400517e84ac04edee551d2a95ea927f390bc7e432402f13ce');
INSERT INTO schools VALUES(176,'مدرسة النور','admin_nour','scrypt:32768:8:1$Q7qvKTy012TDac7S$311f23dbb7eea281d7126e327fec292aff55cccc074bbf6ae54a28be6a9c42f4bd0f0cb175e037464021971276e00955f7b466241d72feb88f82a0c4cdc0f1bd');
INSERT INTO schools VALUES(177,'مدرسة الأمل','admin_amal','scrypt:32768:8:1$RhdqdYZX33JTb18h$c487d703cd6bfe669d433be365a81e56d15aa1aa1710dc5b2ceb3ce10f6ecf27b845551e30a8165eff803a930980f2439082bf86b6ed0e0ae58d8575b2579a48');
INSERT INTO schools VALUES(178,'مدرسة النور','admin_nour','scrypt:32768:8:1$So9PilpwZ3rTOfwO$41db0d47bf3729baa72dce53727365031f36bfaa6ea07e4aaa242071eb71e6369544cf395d0c3e48ad8d67d11edca85ce5552bb2e5e65fe1d779acd9d0d00784');
INSERT INTO schools VALUES(179,'مدرسة الأمل','admin_amal','scrypt:32768:8:1$lZRkNk8FSLBxuShe$dc60a96f0a69f507005d92d7a0dc1a86dce54a2199291545ddbaad07f3d687d226e43957fefed709909472ddb477c14fee27f32f794fed53b476d47c3e6399bf');
INSERT INTO schools VALUES(180,'مدرسة النور','admin_nour','scrypt:32768:8:1$Q1loeq9mc8Ikony6$a590cbc51abf12b1ef3f19d3ddc4205e08de83c943b2e3a10f69846e66d2238d2a8e392c622f43b0e4caca67207d9b38e96c08b04dfc4cec63c4bb87ce3f9ba5');
INSERT INTO schools VALUES(181,'مدرسة الأمل','admin_amal','scrypt:32768:8:1$39hnPkEg5sRICHkk$d5735fcd46c3b21dc76d01fabba1664f336641b37c4d7a32cece6385615da7afdd9525c2edcb7f066aa0854fdcbdbfa969bd34ed045cdc39f522d9fc45ff23e2');
INSERT INTO schools VALUES(182,'مدرسة النور','admin_nour','scrypt:32768:8:1$m4EgIFkkXqklZUm6$a57c04a0faaf2cbd8f926fe328b2c6f6f867a34b9fb0de6f19fa04fb0b3e0e5a8660df49a29408ccac88213c6c5292de309f07f5f1190ecc66cf1c367c7db909');
INSERT INTO schools VALUES(183,'مدرسة الأمل','admin_amal','scrypt:32768:8:1$1tEgtCPJ0fdkI65A$81777859312096324e1237a0d15e95a0777aff06971ab2b33d3f5b8ee73f3028432640ae326dd29eed1a19f3630aa2417464cfbd12b3169f4dabd0f06df574ca');
INSERT INTO schools VALUES(184,'مدرسة النور','admin_nour','scrypt:32768:8:1$ENt7JXfAZIioxP3G$8a55ee491659a7ab7d12c3a8dc0be2c58db40d9defb9e13190b0590949356ff5ed8dfedb0e0c4532abc478db2177d96affbdd798301b354ad12e80eeb1b47c29');
INSERT INTO schools VALUES(185,'مدرسة الأمل','admin_amal','scrypt:32768:8:1$yzl9rBJtkSSJYncR$c2bc1f32e2c0de6442ad35c7fcfbcef71f50b47162b88274b22c45900f92beadaa1d19fb030561d8a28b02dde685ebff8e4d32bc502980c26f66a296a8480c01');
INSERT INTO schools VALUES(186,'مدرسة النور','admin_nour','scrypt:32768:8:1$snHWjLFVX0WZEgWy$a856c93ccf9e47c90886354f5898e61957d1f2740883bfee507491e8889371d7c89a6823a8dd900ab95744be4b059e76de83e42937d1dc47e0f62a00ddc7fae2');
INSERT INTO schools VALUES(187,'مدرسة الأمل','admin_amal','scrypt:32768:8:1$QLizdfzjZ0u2CpbU$30fb352aba640602a4bbe80efa110cb872f1b5e16b559531317abcf650dba680ab00b45493b565e629b28274cd8c42eb6aa35300c71e9c4051fe73560d69ad10');
INSERT INTO schools VALUES(188,'مدرسة النور','admin_nour','scrypt:32768:8:1$T2OVDBuzflJxZi24$89ca4c8542f507733f96cdd5bfc1cfa6a3e8985c25b3bf9bfb5c2b5a38a6a1bf9268835840ab661f9d84b40e64c3f789b6ddcb2d73c6f4680da2c1386b37a698');
INSERT INTO schools VALUES(189,'مدرسة الأمل','admin_amal','scrypt:32768:8:1$yqU65GqlDrttyHdd$3c46e65d68c435818fc7972c29df864021726f3582763c4a543ed5a54411897fcdb3c1998aadf950ca2fd8c5dc8474ca9f5d340a077b49932a0a3356306ef12b');
INSERT INTO schools VALUES(190,'مدرسة النور','admin_nour','scrypt:32768:8:1$6iSAW9GmmYwVNL5s$6d813cc161db9688771ce610cdee386a0bc79ab83307e2215e800038999f154c4dd14fb1d12476796e1c598e94ad010068eda47c1e3fab0b94b8a12029ece0f3');
INSERT INTO schools VALUES(191,'مدرسة الأمل','admin_amal','scrypt:32768:8:1$dOp1LBpOjN0eZx5T$d31857b5b55e24a30bb629e5d8ba80550a800ede38406e613f402363111f09eca8291ea5a538ce13e29aa96e3088b9c5bea850d310095501b1b97e828a1e6d0f');
INSERT INTO schools VALUES(192,'مدرسة النور','admin_nour','scrypt:32768:8:1$k4iU6huttpeTXrOz$b4f090a0b130227ad9a7cb801c53a7e849bc4bd623b6ab8f6ca5487c0a5be6e2a0367b8b9023446c437924eb7fb7bbe4b5e7893a313470ef09e6fb3ea46e476e');
INSERT INTO schools VALUES(193,'مدرسة الأمل','admin_amal','scrypt:32768:8:1$sRzMkaOkXC5CMd7R$7c1be21c5f30fbcaed03c9ac4605d38b2754b65a7b5b618dce5507b7677411186dda55aef860c28a2322f47d25ee67e9d2e6072922c3ed69a134e3fe6083c262');
INSERT INTO schools VALUES(194,'مدرسة النور','admin_nour','scrypt:32768:8:1$vsYh9xhFMSXAv26H$6b451207f995b2c356c5a2c1261d4c378fbeb1f45a7874f043783507a19d1f0bd4947975607300241bf7c4ab8d3a7d499a60fafccc92679bee59a5d877929e7b');
INSERT INTO schools VALUES(195,'مدرسة الأمل','admin_amal','scrypt:32768:8:1$FyqiWRK1k6nkows2$5f6d2c535e06b4ed0e4bf11e2fd4c54713777d8164c85eed969de4c5bf1d20df4c60e95db4d9dfe1c7dc1772f32e235b08b13282455c9643b2a10d7b8defa566');
INSERT INTO schools VALUES(196,'مدرسة النور','admin_nour','scrypt:32768:8:1$OnZnXLJGcYbvcEKr$2e1edb17e4951a32f2791645d05637db9da3a2091d52439cdbff7e698fd230af35abb7f118b07eafcdeac2b472f8a2b8502e80132a48cae13f9e91d8a9d8bbf9');
INSERT INTO schools VALUES(197,'مدرسة الأمل','admin_amal','scrypt:32768:8:1$dhR0iNucUR26wGfC$2ab7beb418a74700667aefff77913f79328b4326191f194602877b36bb13ac3f432493c589bea6eaf0bbfd813fa5e23c5b51434ddcaa410c520f29b7ffaead4e');
INSERT INTO schools VALUES(198,'مدرسة النور','admin_nour','scrypt:32768:8:1$0Jd3M7mNu3mvpaP4$de83ca05c535d9013c3a90a7143364407ad753ea278cbba7908abf3f0100407e41e8738306c41f6bf3ab219b316adaedad3ee7f191d865aae0b75967fae941ad');
INSERT INTO schools VALUES(199,'مدرسة الأمل','admin_amal','scrypt:32768:8:1$g8mHYgvJIcllH4XD$6d500667c9ca33ae20e314ae774113c0a6c0c8e7b344af8f6e17f89355b3316ee591669dee2b08eb8cd961c50a7791488a7fcf8004dca709a93c8cd341c9abe4');
INSERT INTO schools VALUES(200,'مدرسة النور','admin_nour','scrypt:32768:8:1$W6X3xGSNnE4tkJvM$5ea64e2a2782d2d9ef659c50813d22f96b957bd31d3a8a71a1ceeba50946aec078e3c763f3d2ea8d57efb97e06d3a9e66197060c72634226a3d27ae361965f54');
INSERT INTO schools VALUES(201,'مدرسة الأمل','admin_amal','scrypt:32768:8:1$n4Rm5GIgLZtiMxw4$bf7dbdcdbed4442a08f161af0072e025ee73e208b61ee0fad91d84b52cb4d76191dbf1c853ca39282aad7a680fdebaa4799f782c455a665e76328a390db50310');
INSERT INTO schools VALUES(202,'مدرسة النور','admin_nour','scrypt:32768:8:1$MxgPRWZ6WTHWsNOt$1e383b683442a43377c4ff6b0241444dab768af841f7ec1857621027ae33ca73b2a35e2c0decb5abfddd52cebe1cf8d3d6488aa386983961ff848982d00caef4');
INSERT INTO schools VALUES(203,'مدرسة الأمل','admin_amal','scrypt:32768:8:1$o3hrIbgwDYrV0tCC$19146f4913113ccc49b3465a924892d991acaec52b9ff9e7ddb5bbba0adc5a3c0450afc72f0b24833a23019ba1039b4d2378d21cd12d9f96a03b078813cd8aff');
INSERT INTO schools VALUES(204,'مدرسة النور','admin_nour','scrypt:32768:8:1$dVdY58muXRkiJDKz$89801bccf6b11f16ba8cca91f5c1fc59847c390701ce1524deeba4adeccfbbe838a278cc5365fd156f437f3a908a8e0c1b33531681c697fcbf3a7c5f61d83b4b');
INSERT INTO schools VALUES(205,'مدرسة الأمل','admin_amal','scrypt:32768:8:1$AHOQqZsuOq8zWaHA$2b6f59d167dd6d069c3db23a0756b6d287d65b5eee404eba154ae19ad58d0cceddfe4c2e4631928be9cf45ca74367cd82e989bc4817b74b069d5ba302929d317');
INSERT INTO schools VALUES(206,'مدرسة النور','admin_nour','scrypt:32768:8:1$ay8ZpTxxqEvKD8XA$3165b1ae26b1debfe7bff62410b411cd9b8078a1bdb3715a1cec988c191b5b418239b85b6ce229f2d5c050c677336b9d4defd6ae35fcfa18b2ff31bd18ee3861');
INSERT INTO schools VALUES(207,'مدرسة الأمل','admin_amal','scrypt:32768:8:1$8oSKaiTj2ea8tT1j$442da994d563cf1e38ec63e42fbe0b161c65327ee42143bbda1fd90177b524d811cba6adfea66fd6eb73fee6eacbdbb1489dd399284dcb3a4f6f1b4a274780f8');
INSERT INTO schools VALUES(208,'مدرسة النور','admin_nour','scrypt:32768:8:1$j3znMsHwpLpmzK62$51c013edf3f67ddfdd7b73547d4b96b6d1a5e9d55b388f8485611ede53d2526f49309322ecc9bbe3acd2f92c5daebdb1e9c035abdc3b73c2c0df8a2dc48d6330');
INSERT INTO schools VALUES(209,'مدرسة الأمل','admin_amal','scrypt:32768:8:1$tGf5w6oysksk2Q72$c36a6694c33d3d3b854ca1adbb756b5c8d5c74fab96efbed58f126855a438087d0c65b6b8419fde9d65fe87ff28af500ce62bac29985ddf2b63abcd6f470e688');
INSERT INTO schools VALUES(210,'مدرسة النور','admin_nour','scrypt:32768:8:1$cwUk8I3jO8Kb9zoE$fc609665016616ca9812012f109f7701b6985c2a8f117997e9cc56ce7aaf7d04955d7d0002ad226231ca7e8591e018fee58ea0a3f0396dd0cdedc3884bd6911f');
INSERT INTO schools VALUES(211,'مدرسة الأمل','admin_amal','scrypt:32768:8:1$59nfnmsT1ijmgTeV$5291e040ebb575d4104385011cea380f93914a2038947f90d36b0076f9f807aa1d962298b15450a9a78ce1fb503e8da02bb75132fc52f51295bfb29d1732b169');
INSERT INTO schools VALUES(212,'مدرسة النور','admin_nour','scrypt:32768:8:1$04PmIURsUH0uKPTI$fac160dd9d0b7c122ca16cc58508cda8b6e0b30b120c9944da2f3f79c4d0414291a708a583ee9b92ef4cd986c062c85029542b6ea61dd8c6897507502b484996');
INSERT INTO schools VALUES(213,'مدرسة الأمل','admin_amal','scrypt:32768:8:1$Z2NNUT1ZNpmZNRHL$44f5d5fad5dcfb86c96e16055df7af23c93c571b6b852603b7ff505209b3d9d07b2522601ed9bf198e8741cdbad2f50c0aed9dbe8796fdfe7db597ffa1f87ac2');
INSERT INTO schools VALUES(214,'مدرسة النور','admin_nour','scrypt:32768:8:1$LFhOvKuELokxehcj$4eaa6fbc91853abc2a21a44837b3adf1cee7666018b07d0cd535df12cff0b1ca5a0c4255bcd7680a1b7abc44f2a9ab5695565096032255473d5a001d5f524e23');
INSERT INTO schools VALUES(215,'مدرسة الأمل','admin_amal','scrypt:32768:8:1$Ouxtha2CwtKRWHf1$0f9cb41a87f20df26cbed648331fb753794bde230b6312e3f988f277b4adc597b689116782bd0ecec662522070bedeba942a8b9ecdd0524d9251d49b4c79de43');
INSERT INTO schools VALUES(216,'مدرسة النور','admin_nour','scrypt:32768:8:1$lXHanDzUJJdS0jpa$7b1a3cba12aeaa3d113c2c496c6feab6c653bb47345fe793f7c60d7d497059468768de91f9e7d41ea7a9ce4f0155413a1f5e746a6a1d2f127de89df43e8b2c5b');
INSERT INTO schools VALUES(217,'مدرسة الأمل','admin_amal','scrypt:32768:8:1$I5wG0ill6rZc9wl6$1e4214f8f209cc12f84e9470a0bc65f825cdc74f35041710e05de19997cc0b59fcdbd4baa84df630d19c45a6be41ada529b1ec797987e23d49d5f850b188f47a');
INSERT INTO schools VALUES(218,'مدرسة النور','admin_nour','scrypt:32768:8:1$r6KIkDrAqM3XrlvE$0987963ef6db0545f57e6ef822a7765acd253ad7b4f5e31a2e0776e76785f5eb10796f3b7c98dd486e4f2301ab8c3a3a1421db0ce7cc1136306d01e7e434d44a');
INSERT INTO schools VALUES(219,'مدرسة الأمل','admin_amal','scrypt:32768:8:1$TY9LSj93IDmvigKh$97dfd9eb574c21ca66e5218431e16961a4435c87eaed8d03ee1baeb802c5a27df43e938f28a9410c30eea7daf66ca977d7ee0f496367490209c51c244216de20');
INSERT INTO schools VALUES(220,'مدرسة النور','admin_nour','scrypt:32768:8:1$CKOB8vix1Rkv0dzd$35ec20b62ca2ae97a7a237c239686b3e887d2f8ebea2a34c714c6cfe08e1ccf22b95d5da492f8bc81b0579d703f757aabaf831a7cfcd691b5b5e036a1711527f');
INSERT INTO schools VALUES(221,'مدرسة الأمل','admin_amal','scrypt:32768:8:1$MGofy8hKQ9BS11Bz$b9042b8af82b574ff92b084844b3bc29b2acc45ca37fcf19464577795e20f7f437ed14bcb2cc9a733cba32b9e6acc03c9f63d76912b83b88cb71a5fa70846b72');
INSERT INTO schools VALUES(222,'مدرسة النور','admin_nour','scrypt:32768:8:1$pkdsyjF7YefQeOp1$b13d234cf6576f2d2621f466e6d44f421de763583cbd0810fc2f9aa12d3333286b974df7e67dd23fb99adf7fae8e23edef66f0bd171f502f2e678ee5aa532042');
INSERT INTO schools VALUES(223,'مدرسة الأمل','admin_amal','scrypt:32768:8:1$r0hqLSNyeeFSIfPT$47c30f983512f1d4ec3dd1fca7a6cdb73a0b5402bed7e00a5c6299820628d5946c1a83ecaa5cd5adcafb6e336b8daf3507cebfe8d5f55443dc3190c276bc5556');
INSERT INTO schools VALUES(224,'مدرسة النور','admin_nour','scrypt:32768:8:1$x2Ovknb7BW193tDq$4e2a02ff858549d0035b22f5d66b26e5876c54d3413f8831beb2113a023229a7950725ed49e6ac4234702ec64da6aaf545c6dd5f25126e7d6f586bf819c7ce3d');
INSERT INTO schools VALUES(225,'مدرسة الأمل','admin_amal','scrypt:32768:8:1$H3pYHrQMQRoaO88l$59b54f71d23af19765b1c1476af50070d1e441c7bda54470f704a2f2d091166c97b9e6870971bdafa487421dd78eff7ee10f162170d09495a3f7b87be6f2f445');
INSERT INTO schools VALUES(226,'مدرسة النور','admin_nour','scrypt:32768:8:1$Ofe9KGnIJoV9RpgH$a021ce94fb68036fa8e2383e4dba6af2a2dfda25e8cabb323f28f748418ba24bc414c956b51a56b79e91cdcc624309fd8ba426c6a81fa09496672143f8486faf');
INSERT INTO schools VALUES(227,'مدرسة الأمل','admin_amal','scrypt:32768:8:1$oT4WVExnVxCaW5et$a113a3ac501b26f31f938f34c4b9ae756a12cd1dccc41d9c19e7e4d7cac298e39562f49365b494cd7298da24a40c8f96a26ded95ef497ec2d9b05f30ee7bf9b5');
INSERT INTO schools VALUES(228,'مدرسة النور','admin_nour','scrypt:32768:8:1$BES0kKCOjnX76ZB9$9d4c486ccb41a5087e397c56f9ff1e5c0c4f8abaa6aa3a6573e545ec25277e483e97391a1632740718d1f3bd880acae705ad5cc2ab41a17f097503c5222236b0');
INSERT INTO schools VALUES(229,'مدرسة الأمل','admin_amal','scrypt:32768:8:1$M0pniv7tplboLSL2$e5650e32b81311f9d94c53f4b7cbb19095c5fdcdc070c29eaa435d136f1ffd8b13ab648b3532f3633be6556dedea6afe9504930909ba4939fb1e54853a5930cb');
INSERT INTO schools VALUES(230,'مدرسة النور','admin_nour','scrypt:32768:8:1$KaYRB9Ipc2YvnBEI$3f42f3ebfdcc6009812749c5ee55320ec7c836e59a1a9ec717e2fe0926de8b86daf1b4eab233ee53975e01f59904355bc2ba31ee1d6ebb2da47d4d6b0679ed98');
INSERT INTO schools VALUES(231,'مدرسة الأمل','admin_amal','scrypt:32768:8:1$L7Y9sqJxbrQETp6P$4512b49ef4a9ef75b93aee2f233eae16ebe11e6f85b84f5cdffa9d5b998f4e395a89e474dca5e7fe1499a58f739973835ae22a00626ee85f374fe1dad8130ec3');
INSERT INTO schools VALUES(232,'مدرسة النور','admin_nour','scrypt:32768:8:1$0h2LH7l8STwemq0Q$eff86c9b1f210613d7c86fcfcbb4c898da9a7259001b6343b8606745bed4d97d7450f4b2134f9f52e3a1ac7842e5bef4e9d1d8a70d9d1ba70aaea1fcfde91b34');
INSERT INTO schools VALUES(233,'مدرسة الأمل','admin_amal','scrypt:32768:8:1$clh0Ekos4rZi7eGo$ea3d3537dd89a998c2372daf5501da9ed7548efc98eb440c3cc0a26b773c9a769956a8afccc6888ca32c914e25dc8ad055fbbdd66315f48c2c79543cc13dc759');
INSERT INTO schools VALUES(234,'مدرسة النور','admin_nour','scrypt:32768:8:1$A51rBPszCwQ88wmw$7686dde77394633bd847a5b75b51385974b1a5e46dd2584675dc98c868a4a210eeb18c07c6e3c221172ae8b4e385c3073011c48484c1db98d19267effe7ec743');
INSERT INTO schools VALUES(235,'مدرسة الأمل','admin_amal','scrypt:32768:8:1$n3IZgu2p0Sz30idc$db81be4878a6e425f16a1ae3058af489fe5e5fd6fff3325eaa4d47918437ee32eb802cc776c122a58387cfbaf770d2f728d44ab5a77939b6f639f1e07e3e655a');
INSERT INTO schools VALUES(236,'مدرسة النور','admin_nour','scrypt:32768:8:1$ylfiGN6xd6KjAeX6$6f944870455609dec1d33af297ff235cc4648261c96fc2e4f4a42cf7383eaa1df2ac647cbfe371e6cc4291c76ed2c8e54c33164f34cc90df5be258a07b90e7bf');
INSERT INTO schools VALUES(237,'مدرسة الأمل','admin_amal','scrypt:32768:8:1$IdQdg2pVbAQv2PRD$f57fdaa6325556fe902c52ea12b058acd68480d3329f800e1f0efb3c205174cd17f8c2fb84c15607936e4c7593de98f7b012b1d9293589e823fdc60a401cb53a');
INSERT INTO schools VALUES(238,'مدرسة النور','admin_nour','scrypt:32768:8:1$1lxP3FR1oYMLwt1k$fc7d9162790a6ddce5e202c8c82987693b30a21587f31be11b92ad73c613d5539099cf96a353cb5e7e22aaf239f73e6913958b93257c8c33a5ddd8b478bcd7a4');
INSERT INTO schools VALUES(239,'مدرسة الأمل','admin_amal','scrypt:32768:8:1$CK522llpm8EdvuQP$dfd65a5f441f70a8a26fb73827e48ac7bf948f24cdad2611e03616a2f1747e6cde052b4ad97686b2d0fe4ffc5332aa722879c8a4c02f07d53e23a7c29418d726');
INSERT INTO schools VALUES(240,'مدرسة النور','admin_nour','scrypt:32768:8:1$Kenb8Zs3bKLYlQ8Q$1136157cf8db6f04189284d84731e7e74c3c3dcdcd3c7ea309793de7e67b94f0388f6900c3a5323756e22bf35ee644e7d0682ab8b7e3b56747f82df0d92f1678');
INSERT INTO schools VALUES(241,'مدرسة الأمل','admin_amal','scrypt:32768:8:1$mQKuejdpa7XJSH4Z$0de080f0b45d0a6534009fffebe4d81d78932da137b47f44e92f930a06bec3a9158c979217b0a3fa662ff0940672ade06ebb413fcca8a5eef3885a25a673a746');
INSERT INTO schools VALUES(242,'مدرسة النور','admin_nour','scrypt:32768:8:1$uFUSkFUdx0cdKsU1$c7baeccf1445060d1c8c626cacac20e5b8bd9b717cf7047ee07bd6e832b85872818bc380dc0f6f49c1fb549b17568e1524bf27f41e010895d4ceae0755873a3a');
INSERT INTO schools VALUES(243,'مدرسة الأمل','admin_amal','scrypt:32768:8:1$cguYkh4wjjkRRqyH$cb95e405b9060ff4751b76460f3aa786737e991b47245e5dd6cbae2507abd5858733dc93cb7bc0cf440e3b81728a7e0795833c4c0c759087d5df81c1d92ebf91');
INSERT INTO schools VALUES(244,'مدرسة النور','admin_nour','scrypt:32768:8:1$NlxqMKxbZlv31htp$2bd19707d89f884e2cca905e06c5b37cc526175e9107a8a1fcdf0cdfd9137a5f8482f9e6a47d3ab996e3e6affcdd8c5ab83497cedf041f28809ab61027bd3a25');
INSERT INTO schools VALUES(245,'مدرسة الأمل','admin_amal','scrypt:32768:8:1$B0droFYX4A6yFMo3$b96dd3e70918c58cf3a07004fad6b2516473c02bda0312517c86d609ab69ec5342bef985c1a663b0f164b631b9e9ccca67ca7ea2fbd25dfa31f2c9f5ce1bcf00');
INSERT INTO schools VALUES(246,'مدرسة النور','admin_nour','scrypt:32768:8:1$CMf0uhvo5GorSb7m$a7601c89d6c8f20f177fe692b5355fb7e4943cad17dfed93ae2833137aafbcce10b4d841ea281658d36b350f3c326468e54c7796a1719725a6099efd65e71502');
INSERT INTO schools VALUES(247,'مدرسة الأمل','admin_amal','scrypt:32768:8:1$B2Tm3elDiwteKwTq$647329964e79c44a954468387cc15c9fd312b37167874f5cdb6496ea37533681a0a8469891ce825821c442c60297afe86f336c55508a9af41f8f241fb0f2b9c3');
INSERT INTO schools VALUES(248,'مدرسة النور','admin_nour','scrypt:32768:8:1$ZfQfz9CZpdgPqTnW$842ce54c932066cf0235e72e5836b454522784c1fd834e5581241766b37ac46ce65103ef384caf5aa4e723c5c8f53a306abb92fc0e510a20dbd70b291796beff');
INSERT INTO schools VALUES(249,'مدرسة الأمل','admin_amal','scrypt:32768:8:1$MD3ZxZue8b8ZP9fi$69875410429b64c5ac0d2402fee58028ed313ec5012e3c2942e4fbd6d8afab2b2e1dd4cdc56bd3c4f07f291f20b0cf230e2f4f171213f2ed1e7f2015fa34c5c5');
INSERT INTO schools VALUES(250,'مدرسة النور','admin_nour','scrypt:32768:8:1$FtJZ2iiBsypEmy8W$28c6f67d0317f01b3631d8874ead0a685341cb0dff4600a5a1bb9bc1c9dd7fe8e1ef3a250062846b80a436fe106c58213f4a34319391e82e3fc83472b6478e9a');
INSERT INTO schools VALUES(251,'مدرسة الأمل','admin_amal','scrypt:32768:8:1$pbnclaOikjxbUiKs$d17a1918bdf7b9016bde21969dad8df3d1da0e0b40f3f120a3918938b8ab11c3f543f1020b1ec7c80485b909ad483f36d3bb9058d9ad75bf131fd1f30df1e62f');
INSERT INTO schools VALUES(252,'مدرسة النور','admin_nour','scrypt:32768:8:1$vaglAGBrsKj69zVe$0442182dff1e1bc0dc678655142f7e4e9b8bf659c9045130901ec5963e4d49844960ab6bb13361a6e3b8f2f00fcb8d48b2a731752b61e2fe9c25ebf99c9957e8');
INSERT INTO schools VALUES(253,'مدرسة الأمل','admin_amal','scrypt:32768:8:1$UFOnBNeUUdize24U$6ffde1bd246e3c47025a2c7e8aa498f51527b6e752b43bd6f7016cfd80592af817cab8e875fc766feca5222ff60909975843ade641dad76ade36759eb0daf7e0');
INSERT INTO schools VALUES(254,'مدرسة النور','admin_nour','scrypt:32768:8:1$zDXA8PXQNctO12AK$ed5c93e2a0653db642469bebc6743532d40f502cf5682ef54de8fc50becb032ad7cfba01cac436969ddfffcde2aed2d5dbdd3e5142499ae6bd75ef5feed6ac7a');
INSERT INTO schools VALUES(255,'مدرسة الأمل','admin_amal','scrypt:32768:8:1$c1HLSpJVXM3AKkF6$0cc750fe9b4b044809756a4503d1316ade3dda3618d575ab2a7bf0211dab0ef1b4eaabc0e231bb9ff9c1dba7df4ffc882f76a2be0bc3e31579eff636832a12bd');
INSERT INTO schools VALUES(256,'مدرسة النور','admin_nour','scrypt:32768:8:1$73gc1KGY74mv3N2M$8481ed154c94c2a0b767bb01ac4d0a4fcced165c890ee767e08c2010f6ff34652f55d993f5722348aa58870004d14e5a70daa10fcdcb5e58a0bbe2edc8a67d08');
INSERT INTO schools VALUES(257,'مدرسة الأمل','admin_amal','scrypt:32768:8:1$SqWiAEb0FYOSYrW4$64a93b79b6ac3e3c1fd368332e0800c54f67e195bfb3720527f1d319b38a08526154e8eba74171e0cc8eac8beb659b19a2a6a4b13464d705d7310143d7f82886');
INSERT INTO schools VALUES(258,'مدرسة النور','admin_nour','scrypt:32768:8:1$pWqJHfyWSzQpdXRA$1c6f2bf295187a380741338aeb4eb5212ad1ac6e74351932ecc7b2b11e90768d167e9f75ce224f7ccb7d5b675089fb460e656da05fb2e192a433e9771ab5d105');
INSERT INTO schools VALUES(259,'مدرسة الأمل','admin_amal','scrypt:32768:8:1$AOx39gSJjTSS9udQ$aea73472c1004869ab7932b84e93e807975af395ceff472ce44e2da8221d9b9b9d4aa7581abb949b2e8b856bd985ff0636d79b04b34428bbb3027769db0f9434');
INSERT INTO schools VALUES(260,'مدرسة النور','admin_nour','scrypt:32768:8:1$xjnFhpTMeNM2CYco$6a0fb253da6dbb2bea30ec7aff2e31fbb4fa7047c69dd944c8dc81aa1afc4ae048a0a7c6e36fd021ec853ddc42e927f171bb594b36b1b11fcd220db7ccea4416');
INSERT INTO schools VALUES(261,'مدرسة الأمل','admin_amal','scrypt:32768:8:1$8Z9BICPxW7jFkemb$98bbdbcefd4e867a4ef36daa648897e7389c673c1c6b4b60c05bbc5612d49d2f9eaceb6fbe24ac8e473b5357562ab02b353f05f7d44656d04baec56d9da89b43');
INSERT INTO schools VALUES(262,'مدرسة النور','admin_nour','scrypt:32768:8:1$egyMVx6cBVQWHYAX$60b56a6f8ce5dd4367e8dbf1ca034a5a82e117d79e9c93699058fab011db06dc0e5dc6162593d768ecaa7145c1e9f71c370045a63a6415450ec4b681afe71d6a');
INSERT INTO schools VALUES(263,'مدرسة الأمل','admin_amal','scrypt:32768:8:1$YpNxCWaTRo5cT0xy$5aec743131574091b4d06c4bbe041ba6ac25505a2b9cd5191ad9475d9eb26bbf9b7965b3f0abc9b18e59c44e9727c74d530603a05effb328dfef7fbadce3debd');
INSERT INTO schools VALUES(264,'مدرسة النور','admin_nour','scrypt:32768:8:1$NpHzcpf8kRXNj3Jk$0c3522bbbc9e1a8414b1f60fd3b199b63c71b7d7481bd564f8200e7c6bd9a464814972b9814fc5fc2b6e01fb207fc9c72ad533608cf1b9f65e4e733b196bdb5d');
INSERT INTO schools VALUES(265,'مدرسة الأمل','admin_amal','scrypt:32768:8:1$D6yueTYghERuyf0n$bacb63d50c4b8d478e555a2e056dd4bee129a570ec7b7bdf368be3a4f1da0b89d5a29d1b7b9e619e110a7b684937e0b93e0cdf2c92de848c19f312aa7a07700b');
INSERT INTO schools VALUES(266,'مدرسة النور','admin_nour','scrypt:32768:8:1$QUykRPecr8N6JPjQ$d974467f5f82f02537539e92838876413e30bf420d4aa85b9e5cbf91eed1b17257093948e5c41116017eaa20004980a8633c11b424aff0d5efcd9a676f878004');
INSERT INTO schools VALUES(267,'مدرسة الأمل','admin_amal','scrypt:32768:8:1$MN5ZPRgRC94AvANY$148f7bd16d12be684c86af97197f6a0121c15ae24d283a5f7f160e064f8265ed130c858b3785f11a2d632f549f04dfda98ce9c08b40868a2b7b08e6ce390cc57');
INSERT INTO schools VALUES(268,'مدرسة النور','admin_nour','scrypt:32768:8:1$5BblBLXPjkTHtpOm$8c0e190798086b5f379fdd76f204aab7a628fc2c2862a6bfd5682d8d67b8f0e0fbc08ff74558cb176e7b01c171271b48efd474603ac7ea70920aa264048bb035');
INSERT INTO schools VALUES(269,'مدرسة الأمل','admin_amal','scrypt:32768:8:1$6tbhgROHrB5i5Dd0$2a62bd11bbfa481d70b31582274ec4e25087178e13ca6e761501bc49bb6b4607be3fdfc253ac946328c6e0021e0b64d4ac5e69d4d563495f24a468c6ed02ae34');
INSERT INTO schools VALUES(270,'مدرسة النور','admin_nour','scrypt:32768:8:1$2Ebl89OuuDxCSLeU$c12961438f24a7907cce93c2290a9a5c9de20489d478e5d21e5eaccf7cebfe32332a92e6d96000c23e09bc74b2663fc4998b97dc7b1da748d53017d31df8769c');
INSERT INTO schools VALUES(271,'مدرسة الأمل','admin_amal','scrypt:32768:8:1$E3dwDhc98kKCL8f5$8ea0e46fbecd4730511b30b8f7d639356abfa54f12790a243cfe747185629fcbde1381740a0f75424e1e7452703c077533c40f12d49c7746f7ca3049df87f51b');
INSERT INTO schools VALUES(272,'مدرسة النور','admin_nour','scrypt:32768:8:1$HlYu8iJpr41xi0K4$0dfb7a64ddd353caba9852c445c6983e49cae9cc917dd63b57a734694e7127ae13b8446a56647878eaaff32637dab5f179e391f2f65c86bc1144170e59079a55');
INSERT INTO schools VALUES(273,'مدرسة الأمل','admin_amal','scrypt:32768:8:1$arcXZB2X1fv6uQ0o$8fc3f4b22164cca2cce3ceb1c9a513e3d998592eafe4db7f567faa0a2b17a214b7e27d431463732c1e9208a733906a98623651cf57cb04f014135fba28baef24');
INSERT INTO schools VALUES(274,'مدرسة النور','admin_nour','scrypt:32768:8:1$Kbs5LqyCWtgORR46$98b5fea9fbb622ee95db4378501c5b17222c5ce05bee464576670c184594514d1ff78965bc948de011f2fbc56fdccb5833972bb9e868620400ab14b9795fb6c0');
INSERT INTO schools VALUES(275,'مدرسة الأمل','admin_amal','scrypt:32768:8:1$EgO6vXK7Dz4ZVSOg$a491702785f0976cb4a91bddefe2279caf9ccb285b1de6953a074dc3966abccb2990eddb3a716d7639ada95b7beddbe52ad8764996ec75a07fefc60ce23893a2');
INSERT INTO schools VALUES(276,'مدرسة النور','admin_nour','scrypt:32768:8:1$xKgiFya4oCCahvob$a537bf216a8c8df5e0f9ddff3ff172e948ba657b84a4982e57cce216926bf7b3eeddf8c78dd0cf2f9024adb269651878c21170df34cb8517006bc36e5280bfb5');
INSERT INTO schools VALUES(277,'مدرسة الأمل','admin_amal','scrypt:32768:8:1$WzVWbTeg1qci374j$3bdfbb2ee3c9fd027fd198a5529724894d45ae13475aabcd11d5b7c253ddf66fb5a2c75597c117b481c3af82957eb01050879a386863b2b8c79e2673e5709847');
INSERT INTO schools VALUES(278,'مدرسة النور','admin_nour','scrypt:32768:8:1$NOOoo9gVqUeac9cA$b9083d4dade21aacfa6cbf7ba7719335b42fa08988729d3536b66aace90210bbdc9305d2bf0090ae74b360d6ba8da64fb36ec2a6ea4c210bee1417c9cbe0e2a7');
INSERT INTO schools VALUES(279,'مدرسة الأمل','admin_amal','scrypt:32768:8:1$zGQAOhmkKxlSQuES$44bc92e117b917d129bb00cb95c32f1d651e4eed5bf1efae2e076e02405eab00c9fffc3beba376e7cbed43497561f913bba912129c5ca494f67e907dcf3cfac5');
INSERT INTO schools VALUES(280,'مدرسة النور','admin_nour','scrypt:32768:8:1$JGd5WUwxlkm5rgip$ccbb088226a57136f2f8fea27bff9193632459da7edb726a78aaa5b3c1316b28d82991e68caf68e5db0925fd7d3cce570e4bc06c864da4cfd4de1aae47fc710c');
INSERT INTO schools VALUES(281,'مدرسة الأمل','admin_amal','scrypt:32768:8:1$sm5Sr21sVRxj6gQ7$f1e8554a48a3399b238832264d4a4efe0f71b06ec1a1a85edce4db53504adad17c2e2baffa5553cfbe05c6614b1f40120f89c2382ae0700f2dbb1d16ed50aff8');
INSERT INTO schools VALUES(282,'مدرسة النور','admin_nour','scrypt:32768:8:1$yf6yHkrSBdFfm8yl$cfffcd75b88b3e8ec8c8b0c32375671473abc619b5f3ed6e59930fdeddcaac5db73dc8b0239dcbfa5ed6c6c3cb903ecefd1a6db069fd85d769e0c15c54feca86');
INSERT INTO schools VALUES(283,'مدرسة الأمل','admin_amal','scrypt:32768:8:1$7scxjsfVKnAzfC88$2e13d58862417a6726b6f1306d7e6f2b779d2d74a7a10093a54fa70d0b84ff5d44afdab19a71381e35ad04283b3c422cac79d48f4e96266d97fec3081675342f');
INSERT INTO schools VALUES(284,'مدرسة النور','admin_nour','scrypt:32768:8:1$ZDRT9atuPrN78bpi$cf1feaa1b34bc08473527acd6e5d1ff24e99d477141c355c497216df6f2eb6ed8f5ca615fbab83b3312b1873d62af26a60b345669dd9585bace19dd45d895506');
INSERT INTO schools VALUES(285,'مدرسة الأمل','admin_amal','scrypt:32768:8:1$8b9I6Zfw8xvw8cl4$c0c48e964110acf0241062ff72f69920b49d3454a6d92d2502d09afbd42ab994ef132b4f9dd0ac9808654e2240fd8a409a50029bddb2fa4122985a7f600c30fb');
CREATE TABLE teachers (
        id INTEGER PRIMARY KEY AUTOINCREMENT,
        teacher_name TEXT NOT NULL,
        username TEXT NOT NULL,
        password TEXT NOT NULL,
        school_id INTEGER NOT NULL,
        FOREIGN KEY(school_id) REFERENCES schools(id)
    );
INSERT INTO teachers VALUES(1,'أحمد','ahmed','scrypt:32768:8:1$dg8QeRh7z4ci8GYW$1afd3cc87128d9037f50fef20d12d7faaf36cafe6df8a1cdb349f9f4190814596a3aa039fdf19ff4958f0cc914ec18083b2bb789f7eb733f29c0dd14b50f7db8',1);
INSERT INTO teachers VALUES(2,'سعاد','suad','scrypt:32768:8:1$m8WyyektMggUkMrT$9a80a2994e5aff5c59ad50dafaab82659abfce99d9c61925328b3f972dde196b25a8c0f8e4cdc8715defd6c2884d2065651db3359994a8c8ae52718ae8086226',1);
INSERT INTO teachers VALUES(3,'محمود','mahmoud','scrypt:32768:8:1$U3uON5jDwPUi5xga$2f8163c1222d946a6197589e70d63c1f2f7f7f19ac1c8031283c3ba2a7e1483a1dcde562d0be3f9ce35cfc1a8015359a3392b7b4ee14a78dcd0527eec0910add',2);
INSERT INTO teachers VALUES(4,'منى','mona','scrypt:32768:8:1$9gAojx07NUUO97Oj$68647934929a725216f7e27f43a273c46e979c7e8dbf0f5679393d73db5f249b49590e511ef34c1824c2abe5dd0a2df89ab88644440753e9588e1522a4e7fb00',2);
INSERT INTO teachers VALUES(5,'أحمد','ahmed','scrypt:32768:8:1$6OZof0ZxtZaSJpik$321d80f6b7b9f23a2aaca5858e40bec3934f58a97d3e390bad85558c022e2dcb135e71cb790a37c42b0739b1cc4c09b693bf71c6fd23c90d9e059cca0bbb518d',1);
INSERT INTO teachers VALUES(6,'سعاد','suad','scrypt:32768:8:1$wsO3Z0Au7zPX5NKz$2f897d3ea2e1b23d6c0bb64e5ff0a495ef40abc29b24fb802ea5022fb431841fe67d8e537e00633c688207d89a777f47c6f58ab8acb2d04cd52b631ab1dafbea',1);
INSERT INTO teachers VALUES(7,'محمود','mahmoud','scrypt:32768:8:1$OQ38Mm5bVrkxtfmF$96bd57f53c9146282cb0fe837645b164114c13dfde13b9429867be0de19d1786b1c27ddedf5a0c0d341938c17166516aaf0e00df9cae0701d91420ebd857294b',2);
INSERT INTO teachers VALUES(8,'منى','mona','scrypt:32768:8:1$gV8AloQHLuKCK1a5$04dada25cf33494e80d65825f3c85ad4d9af22c4d49c809b45723ccad40473af056afc796156e8fb20ea65f58803ede6f3d2057fce2cc9b4eb1d5de0bd91bae3',2);
INSERT INTO teachers VALUES(9,'ليلى','leila','scrypt:32768:8:1$AAOMqc10Fju67q0T$7a206a8ff3ea5af92c33535e0605628e8aaf23d9a56bbbdcd0e037c08786b7046001910245b206125749a7d9903a4601476d34eee4f4748d4cd197d2779926c9',5);
INSERT INTO teachers VALUES(10,'علي','ali','scrypt:32768:8:1$cYgsgiG2HoEcWek8$a1644c1831fc4b34fbcd9a8fc07681b7768ec15030c8427e26450e66ae05a1aa940c9c614e64fb4bb0941562cb26ad25dc56c95f3382b4ffaf54fd63f15e3b8d',5);
INSERT INTO teachers VALUES(11,'أحمد','ahmed','scrypt:32768:8:1$h6T2hr40JSbMRhNZ$04200644db2f69866a0ab4dab4560961f1137b7b4ebff10fb24e158a5ce025f9939aae0a429207b3464c495b7285cc4f57a8d6018802d457eecb334bfa657ad6',1);
INSERT INTO teachers VALUES(12,'سعاد','suad','scrypt:32768:8:1$pYDDJzrNZNB3aWk0$ca835b46f75ff4df2f8f58ec9624c85ca1b927d7b24b7b0db826bfba72e3afda95a4348070adf5b45c7e6b1a3b4cbb7fba1aa127b6835a9373c193e03e298c6c',1);
INSERT INTO teachers VALUES(13,'محمود','mahmoud','scrypt:32768:8:1$DpQ0KwPSyPmmu8oV$c8dc15b8caf19912fd7fd934ae999f4428518576e28dbf93b275aa17c781c968e24cc03314cdfbeda15e88d87f63cf47baca848d0e379d100c280be653591e21',2);
INSERT INTO teachers VALUES(14,'منى','mona','scrypt:32768:8:1$pnhBq67grFjmpPRW$75ecfd728708d2bb3a5c589dc2bb7e83253d47a80e47577e9bb9540dc9a5d70be6213b45ef02c81b1a46af933ccf68f4661c2507fc20a0e14bef43809e78af27',2);
INSERT INTO teachers VALUES(15,'أحمد','ahmed','scrypt:32768:8:1$V4U7HCzdghysaoWi$97d6f160111b4b8df1b1b382137e698623a81c6ac8dc53275c20510967a0720e7ebb0be027b60cef810e1799592a9f1f9945842937441605dc1004879b4beda6',1);
INSERT INTO teachers VALUES(16,'سعاد','suad','scrypt:32768:8:1$UZESPSKjc1oeA6nZ$8775f31283086b0b0dcdf3011a2a503232f6662e634f67654f226dda831abcf08cb457c894fa50338512e92350dbada401218fd2d26bcc1ab30111f2696a6024',1);
INSERT INTO teachers VALUES(17,'محمود','mahmoud','scrypt:32768:8:1$10A9nPgUePq2Op7G$e5ac82825783e315dc0e962574e7d31508b9fd0b6acf8150b1cf5e9250a219db707c66883e7fd4e6f6c9cdb362c67841eb472c36e7dcedacb1f5834ad4a313b1',2);
INSERT INTO teachers VALUES(18,'منى','mona','scrypt:32768:8:1$olMqKTqsZ6fRtdPE$165aab1355c04f57c5286724bba01ca6182c2061b986ae2e574eb43cd5d1f007ce7aab3c4c09f29298c63f3d5526986417491537f40216dbab7f34983985b8db',2);
INSERT INTO teachers VALUES(20,'أحمد','ahmed','scrypt:32768:8:1$aWQcjqwkkSPG8agy$47924e5fd71a1d284c5812dd30c7c1f48941c5da28f56d1ee9e6a5a09e2a546778658bd9209141ad5e4870f8a7d9e378fffa6a1f1ef5da90d38e91c6b38ff7ef',1);
INSERT INTO teachers VALUES(21,'سعاد','suad','scrypt:32768:8:1$hzIa8u7neQJ3YFhg$7b5ca23faf144cadbffc482c01e9b4fa01447772f20897e0b3f8d736896992a506b8b63306069a1833450623b131ad7543f40546af61a24b87dec0dc7b7003e4',1);
INSERT INTO teachers VALUES(22,'محمود','mahmoud','scrypt:32768:8:1$uIAOuMtSqjFqShtK$f522b436f066f59b163119c2f197f090c54ac3bca7dd4b668e9cc5581c4275acbd52e886cfb4b3d683ee1155c9c4eeb817fb998d7cf527f2ef2bfd3a8c5f369d',2);
INSERT INTO teachers VALUES(23,'منى','mona','scrypt:32768:8:1$KeNwD45XVlsENTGq$a541a9689689df5e2c91cef7e5f8f9b107fce63cb1f779fb88279b88f7beaddad15e01666627c287bb34d1858d7148219fb2c60a43d0211ca147fc642cd54ca9',2);
INSERT INTO teachers VALUES(24,'أحمد','ahmed','scrypt:32768:8:1$UbpOrO61VfsLQW1s$2912789969b67f68e5fc66d5bbf5a9dd730e8a2a4a58cdd1260473f1f4cf447e1450a8672fc87967040f3f7d5beff1b808e5d2dcde4dbc86486eacc6bf13f3f1',1);
INSERT INTO teachers VALUES(25,'سعاد','suad','scrypt:32768:8:1$j7PdscyGVVCLts6Z$02ba4036fbaf129d0d05ffd1f7aba129473f7b6ae44a3cfb1933c0921e707e2b27b888e3889cada4e0569d8d1ae26c307f2174596e6de0bba7c4019227e95638',1);
INSERT INTO teachers VALUES(26,'محمود','mahmoud','scrypt:32768:8:1$EG2BjQhzYN2yy7kW$f53f987493a42e16c500e449e1422b44c75815b11932b0e59eadfb2342259d1372ed4de31b53f4dfed8909ef9337aa5fc1ccb3558446836b1f072f8ff6c6ef95',2);
INSERT INTO teachers VALUES(27,'منى','mona','scrypt:32768:8:1$lfHvoGNkTu5jpPCS$dd3700a9c94ca953c88b5fb05306924d19775bded409dd664d31316f7efb5393de75abc6efd8c5ae84377d7a1c1c48fd4a9fd415198f306340be7e845f2c7dc9',2);
INSERT INTO teachers VALUES(28,'أحمد','ahmed','scrypt:32768:8:1$YspaHGu4jh6yilsO$16bf6784563d2b90e1832ffe28eebd9c0532bc2450c24285fcce1844ac0ec3085427ff63f5b330df9d3803c280cce28295652ddca2a99e60d6838647a1c44c46',1);
INSERT INTO teachers VALUES(29,'سعاد','suad','scrypt:32768:8:1$UdiEhURfwM7fKj4o$139909059f23c1124ab3f52d1022f80a6886d5a15509c6a5c6d3c4b1bf90f3e0112f97d9d6319248bb3f0a3ad5c7f404dca733106baa881c64800597d675489e',1);
INSERT INTO teachers VALUES(30,'محمود','mahmoud','scrypt:32768:8:1$nkkrHO9RcWJ7tcPW$b878da9a41fb541b633d9c51e8afeeb06d9bcde229e52ff41ff6a974c789c2a0326200cc23028c2dd214934531471aa8421eeb5be841f304d66bcd7f7f6e55aa',2);
INSERT INTO teachers VALUES(31,'منى','mona','scrypt:32768:8:1$KpdVudpFinr6Np5N$16c5cae8eb0420437407aabb782f3f3e44119704c63064f3abe5a549a5c0939b7994be77f269caf02ed868cece88cfa2015eaf088c0293fece166ef961ad6ff2',2);
INSERT INTO teachers VALUES(32,'أحمد','ahmed','scrypt:32768:8:1$sA45hpb2FwAjclIW$cd67f5c1d10633755305aa06b07cdfb39c5f3e5e423564d01b16948f95130bd035d0eb756573087dfe5505dd1e850b1cd1178b8508eee4eeec2a0a604a8b9233',1);
INSERT INTO teachers VALUES(33,'سعاد','suad','scrypt:32768:8:1$URpDNSHweloVcJLF$0b016dee53fb16429653ee918f187efb5cf47616af6957bb0099724cf31e5df74471a4c892f73fa0e2bbfbeed12c3cc8d3a2bc75e8e863adff4ae321bceee433',1);
INSERT INTO teachers VALUES(34,'محمود','mahmoud','scrypt:32768:8:1$diWezv4dsb8sQM5r$07017335f6035a881272eeca2a175bb193a34b61111b5940c94177810606b2f9c757c4604437c5fc3b1653563fe673dc82e2502e990828076dcdaa99746a9d49',2);
INSERT INTO teachers VALUES(35,'منى','mona','scrypt:32768:8:1$DI9DblOy3IJtCJv0$07e0ac4e2c13c908e1e6ae62a8acccf2b998bc3e67f1137a82798e3c477b1209d402ae4d9c292c6edb8e92c5f9197dabd3e693331c9c80963c19468cd657d625',2);
INSERT INTO teachers VALUES(37,'أحمد','ahmed','scrypt:32768:8:1$oF1xFdrauBTYrCnq$f069d0aedb8a73f982bd19d1104e580a0fbe1fdb4a2cfc2be8a78b32f419d59dd6e516d488315616c71344534c41dabae7dea793d1d9ad70afc896dc88d4ff8f',1);
INSERT INTO teachers VALUES(38,'سعاد','suad','scrypt:32768:8:1$6CPLJ6jBL9P4DbPx$45ba40fdb7e94f66f76a0af323250c6ae110ca1f30609497f82584d8affb45a9983d6303ff357f7085843aeb90e55071369dace23a2066ba3bcac8595b3d08b6',1);
INSERT INTO teachers VALUES(39,'محمود','mahmoud','scrypt:32768:8:1$XMgY4HHXufF1Z107$eee1214f9b90395eb3681a4afd854b90619da9664ecdd522ebe11167802eaa1b4c1d8da76199eba729c9923a83711355916b1e41a867236b10d30bb5d943ca9b',2);
INSERT INTO teachers VALUES(40,'منى','mona','scrypt:32768:8:1$pkvskm7yllwkN48S$74a04f3a54d1fa885190c7b7a32244f389ec36439e4ea169c384069c81494ada36028514287e009c11fbb611eaa9edbbe7bcb1964f30e904a67fc1424e45dd0a',2);
INSERT INTO teachers VALUES(41,'أحمد','ahmed','scrypt:32768:8:1$qGbIAz6xDAFUza9h$a4d3b1e743c81fb2c9e61c103ed755adb341d6529125faac578af75755aed949ede366e5148238a95109c7c2809a689c6f1ff43bfcfe74548efe93df4483ab13',1);
INSERT INTO teachers VALUES(42,'سعاد','suad','scrypt:32768:8:1$bwCarz2uFecr6rU3$80ee059502d1998ced7796e54882ef2d3abb8a1682fdc895d964ad7416454cadefd28d322dcaf3e868ed1f5c50502d0eab244457ff79536141be5741aab9edb9',1);
INSERT INTO teachers VALUES(43,'محمود','mahmoud','scrypt:32768:8:1$NDk9m4qp4QkCKZb8$e4bc37d92dbcd16841d1e08452baaef403883a420547823790eb44bdcf12ac07dba36b997adce8323d3ca4855e35edb2bb2a50b542dbabb5f8fe602314a35db8',2);
INSERT INTO teachers VALUES(44,'منى','mona','scrypt:32768:8:1$rleQ0Lapme8wEou3$3eb5ce02a1f0ab3120ab6e5f617e8560a1acb1677f58f76a2ac7df658f9236ff4abade01e17f0583cd01d147abd3d4ada64eb15f2dfec4901930dae3a3867aa8',2);
INSERT INTO teachers VALUES(45,'براء','Braa','scrypt:32768:8:1$h8Gbn1D92GBKvMtl$92824552af563571d9a818cf4cd117fed285253591208a85237e6518e1f32454dd2700f19a461bf74fb7025d7e2dc7c2b3ce2f0f0c91e70f08d859db6b541219',5);
INSERT INTO teachers VALUES(46,'أحمد','ahmed','scrypt:32768:8:1$LdqsuV9kRUBI7hl3$87acfa678343f36337679d9426a42938fca6a55312cb814f068971e5a06d33118f91e01a2b8c0116da3083ef46aea8c2224231a183d2711e7a8a212e32b2fc97',1);
INSERT INTO teachers VALUES(47,'سعاد','suad','scrypt:32768:8:1$3GRpX2Qs1CG2r1Hy$167ce1704550beb2b2e98e694755256ccd98a5dc8965a645dbd1585399ec2ffcde967ebed830732430303d9c771cb2fa1e6fa566e8aa3caafbb1e9084df8f9a4',1);
INSERT INTO teachers VALUES(48,'محمود','mahmoud','scrypt:32768:8:1$kBdAn7L2aUH98EPP$354ac6ecb3fb9382550e4bc8333f9d52b9640cc2b685d8e2fca331d01fc7d8bff846ee7d06e41e6750ad968d6ef341e22dcaa63ff82074e1be85386415cc84ed',2);
INSERT INTO teachers VALUES(49,'منى','mona','scrypt:32768:8:1$c8tjDc56zuhQAKm6$e6ab4d6f33d07c3735ff48e8cdb7838b84cb834556ecd801b852f748c2cf812d90de39628fa08606bcef6067631d71c3804dbbf357128aacd4d621123665a8bf',2);
INSERT INTO teachers VALUES(50,'أحمد','ahmed','scrypt:32768:8:1$6rF9OZMsfdz4iQnN$2410a3fba35470dc40a12f907287f6a26d53b5867e7bbecca7abf0b7aea194bf167220597bb79b46a0ac01516ae517cd60574afa11f12685a2aa47ed14ecff9a',1);
INSERT INTO teachers VALUES(51,'سعاد','suad','scrypt:32768:8:1$gnkbwhF1GdYx01Sk$9c3f46abf944c189ef301b97a75c6a4416645e9b67b3609fbebcfc1cc9a60768da8338cee46318fc3e2da427db253d715290a34d764b9c1b337da15e7550b392',1);
INSERT INTO teachers VALUES(52,'محمود','mahmoud','scrypt:32768:8:1$6D5WMws6t9XM4iNJ$71f7fb04b0580b4ff9257486bbd14d09942e7dccf50259809bb13aceeb74798d72139a64efc7af9d64353d45b1016f888ec43e2ebc31bd3b48b36fe4cefcabd4',2);
INSERT INTO teachers VALUES(53,'منى','mona','scrypt:32768:8:1$iIBNI2eCFTZrH8GF$4635a030c7f3f3626438249cddd2291e88d25e7039238de9587a0835abd6e477401e6226ace0dc52be4dc50a005afa509efcd725cc963ba1b1f8a90f1f8f5ec5',2);
INSERT INTO teachers VALUES(54,'أحمد','ahmed','scrypt:32768:8:1$Ndy02d00cW3uBKGa$6db789050e4aa9ca2b0f1447d31fc6feff49812c0239fa06a6a84d6c4f439738e813cb3ba02db2676d97611d2a8253e7af2427a84c18809300975f821c38d96b',1);
INSERT INTO teachers VALUES(55,'سعاد','suad','scrypt:32768:8:1$7qQK2ygTfDTaQGxB$10cc7048998d85759dfd5dff8d5753181667f1e75093ebb7653072ded2e0c5da420ee2bf36611b9b5a9310de86a5d208ab7583124fc5845c802083ffb34caad1',1);
INSERT INTO teachers VALUES(56,'محمود','mahmoud','scrypt:32768:8:1$f1Loi17B0Ogbm1w0$f6da6460156f31f7f610e25c37341f7642c2a6ae973ae749e3854061a338627bb3e9d6dcddbf3d8e781256fc47355bcc92efc38fdf2526faa6bc9ea7681a459d',2);
INSERT INTO teachers VALUES(57,'منى','mona','scrypt:32768:8:1$svcDT3wab23gjoSv$13eebf8f2be4533352c3964adb5de9990f7e934a736c2b5f5754405d9a2edae17fab529687b0d601597ef382b4d8d7e797a282301e5448aeb339fda98a1e8196',2);
INSERT INTO teachers VALUES(58,'أحمد','ahmed','scrypt:32768:8:1$aVkgiM2r1vHvonp0$99a7970f32ed900db9aeefb5b608cfa6d8fd3170dce1b6109350f2232469f863190b8777ceaea3bd9d1c9db2cc26fc6e45d09dc2b3af4c28afe1ef0c7fde7462',1);
INSERT INTO teachers VALUES(59,'سعاد','suad','scrypt:32768:8:1$M9ihEiacgXvgsGmX$ea828238e73add3896507ea251312d842cdfa9f63b682f41fb2a0f89755daf9827ef9bb8b4056f54bf2d898f9566ad58854ba9d3f20df3a028b613232e9271bf',1);
INSERT INTO teachers VALUES(60,'محمود','mahmoud','scrypt:32768:8:1$WYLXoyKYXUWnK6Py$caa878571dba7aadaf82efaac14a0c0fc55868829d6796e98d3d4b588b66613fd78667f17699ecc05ef09c86731ad4cc77b7a28d4bc784eb6adffce1177c3e03',2);
INSERT INTO teachers VALUES(61,'منى','mona','scrypt:32768:8:1$Ep9OQYFLNOdPuTez$1926f7b8d3c53ed6a282dc12fe3caaa759522470cc7040edd24f0deeb9d3760976fa1731eebd7a627080e41b8ca04a07e3d0c7183311d3edeac8f72e1b806c34',2);
INSERT INTO teachers VALUES(62,'أحمد','ahmed','scrypt:32768:8:1$RLng9sjyy8AEhR6g$29005d2074bcf8b14c69ba0daa4ef93d8574a8344ade8d9801e516af5ee303cd330e2e77137a7d1e19403029ab3021b4e0411fe3f70115e7c822535700fcf486',1);
INSERT INTO teachers VALUES(63,'سعاد','suad','scrypt:32768:8:1$0itUwbcUDYLIbuTh$9c38396de5b234bbf2b6eecd16218af83e1314dfc579949d4fce4fb53af8d2e0c2e7de4c137a5ed34b637c701b06fd97e0c38ce7834eb83d4242dd569c7d5cd1',1);
INSERT INTO teachers VALUES(64,'محمود','mahmoud','scrypt:32768:8:1$w9PKRre9VZdi9a41$67a3da202101c087714a044d0d7dfa3d0445ec574b0fbdf455cff7189924fe0a5ac4fa10c67ba229924b4d59ec338fb489818da49aa5f0654e6c76639ea1e074',2);
INSERT INTO teachers VALUES(65,'منى','mona','scrypt:32768:8:1$mdQVVXWLMojtdk3O$d8f50eedbe0dca078d0f7f133d6995f2d7da1ec7f9936340807862c74f012bffc46b5f624ad075620b031f9582bb02d71344bb74349f0482435ad4d84dc84638',2);
INSERT INTO teachers VALUES(66,'أحمد','ahmed','scrypt:32768:8:1$nFoeEAT6fEzQhMdw$f6db4394a80e61813a3bdf9896ddff7d97be5e2997c98a9675b1a6e3d0205a9781f7b5b996e7e1129d359c267dd28f2a9a92b235af12daf56ddd90b515ab326f',1);
INSERT INTO teachers VALUES(67,'سعاد','suad','scrypt:32768:8:1$6z7eMCqKakGLkyiT$8d6f1184eedcb5b14a214898148c9f406f3c9eb6a4182292b8afd9bf3c17a537418832342b64f609c23d6fd13358ddc4a11f2bc7287d794fbea1d4198d358645',1);
INSERT INTO teachers VALUES(68,'محمود','mahmoud','scrypt:32768:8:1$rRcPyeR1eooVmrXT$fd7f504dfd5b88225f05751aa9157e188d3b3ac9709906f9407f598e44aab012c92825c28485efa58c73d2d065d9bd91d9f5285ad1ac23fc4baec62c4d401212',2);
INSERT INTO teachers VALUES(69,'منى','mona','scrypt:32768:8:1$Rs9EWYH1EiSkeVkZ$0f257b771d30aaab72335d1f74933818fc2a9385c92467ec1de8daa8f406d598919701a7f498ad7226ba0b4d8b7c98645879817956d3ee6438416c3df5dd7702',2);
INSERT INTO teachers VALUES(70,'ليلى','leila','scrypt:32768:8:1$qRF6zNlnqcL6n8Vj$5936216f3de1ebfab9a9a83672347e7b2bd1c190613153e809c7c3bbd65168b531c3b8387ed669843f7d294edd0cca46da2679ce9a875256a2239077d9960d7a',34);
INSERT INTO teachers VALUES(71,'علي','ali','scrypt:32768:8:1$6gNkj78xYi25gEXG$9661de243cff4b951b9f499f90dda44c0929cf923a781cf7bd275d7c8d048f360d4614f01b8d4c67a204bb7a59204687f5e3c190e6aa25f2b97d71f56a6bf0f2',34);
INSERT INTO teachers VALUES(72,'أحمد','ahmed','scrypt:32768:8:1$ra7dPLzfz8s8sNFp$261a1cace40b0e6bdd309e8f159e15d94c7c97774f12f4c65e3a65de6956b2669b7220454d9a8c5e97a699ea2b300a40d2749720cd84f7305729fd1cbacc5e3f',1);
INSERT INTO teachers VALUES(73,'سعاد','suad','scrypt:32768:8:1$pKUcVPlUAcK8tezN$086178e4c2cf4674dfa8ae7fbb985909ad6931e34574521437507d3868c7d4f077104382b905c16530e6ac66df0b5e63b2802a749b91f6115d82ae42a59b96ad',1);
INSERT INTO teachers VALUES(74,'محمود','mahmoud','scrypt:32768:8:1$3iu5SNVCLLktRxRg$b81281d27da2a106cfab351db76d9e8f6eef15615e069e410ac7d67e8d013abdf876d166bfbe026455950efbc557cc919e2d72e19fc367b3283eb4023ede574e',2);
INSERT INTO teachers VALUES(75,'منى','mona','scrypt:32768:8:1$Hb8KDYmYBAnmijKX$5a40c02fa9a1438a4df44a9ef8150dfdf5a3edd0e6eec8f8a172aaa3594c57332051b7f4e19844f462cac6151721337a0a523fbacc867d7d68ed4b9d2aacc476',2);
INSERT INTO teachers VALUES(76,'أحمد','ahmed','scrypt:32768:8:1$sh1YHw9WD4KgB69f$a91b6c784a62ef8271be9febc78e0fd993c7e61170eb6fe25a43b80b03d5e8526fbf748bef5c632612ca4a3bb672f7187d9f7402cd4d5c5184df2f2c8e5eefeb',1);
INSERT INTO teachers VALUES(77,'سعاد','suad','scrypt:32768:8:1$iUKzwR3U2hol0qgO$83c8a79e0d3eab732b9d61279a2e206f7a79716b7c72ae5b7bb1cb90c6cb5b1ca90073eb6d6f6f3c3e0fa90cbef5033578cadcb01ff73143f84158eea77a7a27',1);
INSERT INTO teachers VALUES(78,'محمود','mahmoud','scrypt:32768:8:1$TrnukpRcLZmYF3z9$57f0ba2766662b19c8a4a45d167f51074788d15a25b1497b2fd4c64da80a27a2473c246cb1f13376750e04a34e25c0cff5a39d3c1f522c754e28207ea42b5a67',2);
INSERT INTO teachers VALUES(79,'منى','mona','scrypt:32768:8:1$cgBXcSEHClSTVjMJ$a6d73a65ee780f8e295c294fd40a43453cd49e0495f7116e47b7ac753eb62b57910b158b04c0b0a64ef00ef7132d1b8256f834190c47e696daa281452f9e5bd2',2);
INSERT INTO teachers VALUES(80,'أحمد','ahmed','scrypt:32768:8:1$l4dmVGm5CdyuJRFn$54943bfbd89c39e0663e7a2ac2fd9e427bda09178e8dfb739e275c190b99f03a15b8b256560a554611e60884d64129294fd0916cf4353eb71900dc4eda197da6',1);
INSERT INTO teachers VALUES(81,'سعاد','suad','scrypt:32768:8:1$17ajyQlrvXx5ufUK$3a11064ee6c20325d7d7e8c5501cb63802f0ac6f6f60dec65578c78310e036a1159f55b55b5fabc972aad8dfe72760aa1578c5fb1af71743d66e6643d157fd18',1);
INSERT INTO teachers VALUES(82,'محمود','mahmoud','scrypt:32768:8:1$26uZE4JUXfAzTfHP$9842025fffbc4d6c9d80a622cf94a2f6ed260ac7ecfe72a421db57395d58ef75b5d8e64234e2b429b7286b299a0e25b1f3188fa0df91e11fdfca14d24879c475',2);
INSERT INTO teachers VALUES(83,'منى','mona','scrypt:32768:8:1$TNmzm8QShUyI53Wy$3b30ce445bf13c0e00e88f65085295db98399131fc4fb155b08ac9aea2a55ad8d086f9da9b647c517613f6a2060dc0300f1fa2b2a9e7b41383ba73ad64f95013',2);
INSERT INTO teachers VALUES(84,'أحمد','ahmed','scrypt:32768:8:1$LLDSwNMRnA8014HP$92d5e40df100379fb2f6dda0cd76e5cef50f83b889e059958a205d8acc338881f60886c8bbafdc09e7e0d33d35d73ef148605f96ebbfb430ddd5e71d3e40bdd1',1);
INSERT INTO teachers VALUES(85,'سعاد','suad','scrypt:32768:8:1$HYkYTflTp0Ja0Bil$8b502a416a28f804a9c89becd629f7063b5feeb87b5d633a2e0e79c71dc8d7565685dce27e5ccf72ae5efb437f877dc25a138809a485c8bf246f48ba5335d333',1);
INSERT INTO teachers VALUES(86,'محمود','mahmoud','scrypt:32768:8:1$hw9XMTIM5F7HfTfK$68b29f40e93f6cf5a8a0624e779303eb2e9cf7401846405a1fe9882461d3fbec10460244feecf44973a6172caa53fdb764c45758c2b4b3eeff3520e7df8ad8ff',2);
INSERT INTO teachers VALUES(87,'منى','mona','scrypt:32768:8:1$KFpkFoXnuauNn1yu$2cf0fd9d07cd46d9f519c524788de9f80d0baed20ea741868ea59d106b4d1f5df68eea3853b87980f002bfb28e85c9affbd37a0c66e5689fe62b662ec63da4cc',2);
INSERT INTO teachers VALUES(88,'لللر',' Bnn','scrypt:32768:8:1$Z3lAm5COl7HAknJo$9e454dc65eacec257cc0e48630f576d6bde532ac8b8a961c9f7392270ce417b4ec64e3f0d26683c4bd18391d5a3ad353bbe550ed1cf8450e3a0e059d11962d81',5);
INSERT INTO teachers VALUES(89,'لللر',' Bnn','scrypt:32768:8:1$RVXABSyKlMewUK0n$e89b8d6e76e17810f53f67767d5bed120cf5dd69f740e31229f6d0b5f9549626a1f83c1d90e30cd6fb7b5ee4b667d891d2ed6531077b7a55da0dab175635b8ee',5);
INSERT INTO teachers VALUES(90,'أحمد','ahmed','scrypt:32768:8:1$4Ai1Fnqo1XIm7qC0$544c001c446b56fdd33a6480a96c5516e56cc4a886f925d169dad38a65f874beab30e66fe1049f34c7960f380a907716b8a3b5b980700d8e1194cf155251aae1',1);
INSERT INTO teachers VALUES(91,'سعاد','suad','scrypt:32768:8:1$2P007aJY8UKbmhor$15e426e3a1163c9cf1a27082c36b282f3a3e55eb2e4475c6cfb3921d49939ef80485c5bbb68fa466192712777689893e467e62cf12553e1501d64598c05d3138',1);
INSERT INTO teachers VALUES(92,'محمود','mahmoud','scrypt:32768:8:1$FQxqXH6xa4RW0UdV$12157f37ae6764f84cf154ececfbae268d6fa3cbcf09b827e151f6f32a8f4e6edd9869ace5077e99daf431a606f2b896f0255a95a4f95f24c9f9e806b31e6847',2);
INSERT INTO teachers VALUES(93,'منى','mona','scrypt:32768:8:1$0RTFsJItDGPR368j$15bee295d182a1f843400c1f08aeb215c01bc9b0dc9a97f6fbc70e0cf455f7b21428334bc090dcab1e8a1ba4f3158cd53cf508ea03fd45669de17fec42a1e85d',2);
INSERT INTO teachers VALUES(94,'أحمد','ahmed','scrypt:32768:8:1$e2AvDFzxoY6VGJdc$e8e3528a134abcb5a9b854c605b3fe75af17e1ca0572cfd210d5d7d50cf73f8d09f3936d2e94418519ea7e3a021468b80a121c2d3e2a3c0557e3103a662d77fc',1);
INSERT INTO teachers VALUES(95,'سعاد','suad','scrypt:32768:8:1$ZIqXLg34bwsRfYN4$9e4717526829eae6305ad5c5ec304ce9f8fdbd3f7d06ed2475e98b2e8e49f5e97efaea4d0127fbee27385dec2f903e3d1f6cf0e329252b6760ddcaaa806f7b09',1);
INSERT INTO teachers VALUES(96,'محمود','mahmoud','scrypt:32768:8:1$1d8VcgW0J7ovclTG$80c08e1b57a558da50094bdcf8e8e3d27a6b1189220d2289ebc5e6e50e34b7ae0fd91c04f31ff700087ebfe64ec8a8372902f464798edaca1d7b912cd6435297',2);
INSERT INTO teachers VALUES(97,'منى','mona','scrypt:32768:8:1$QoVQQCCkAdN7qHFW$483ab1e8dbba7823654f93f1ea6f6c3773f0dda9623501e3aa9db095bf413e6be241b63bcbe6d460a15c3e7ea3de921fa4cec04052a27bea208d7105c16167a2',2);
INSERT INTO teachers VALUES(98,'أحمد','ahmed','scrypt:32768:8:1$cALCJOryUlH6C6uy$28f3c0238e74de93818ded9e825cb7de37b18e25906841aa2fb7ae72f29c87e4d976a47ef311c54a39d39d52987ed03ba06aab055c056e6c2f002e9c376f9d78',1);
INSERT INTO teachers VALUES(99,'سعاد','suad','scrypt:32768:8:1$Zektk2Mfw4sj9Dbq$ccf73e5fe890d89c44fc62beed3704d32614b24459494f2120166fed557c3ce94220257c46d36b269606fc5093ed1ab9edc40ee96dabf4747319a663413faf2d',1);
INSERT INTO teachers VALUES(100,'محمود','mahmoud','scrypt:32768:8:1$gdKB39B5OnHfAYNI$dee83b165b9d6774263b8994504c0919cf719e6305b733b34b5ab5ec321beb974185cfdbefc8b12b98e4f4396afb9db58b8a9666e1cebda695c63f75a89dc56f',2);
INSERT INTO teachers VALUES(101,'منى','mona','scrypt:32768:8:1$AcWSsUT8sNK7xHtl$99de9434817b72cad1b48016a1fa068dfe5ba35dbdf0b4581973fd4eaab01dc2a8d586ea6bc8b8edc126387a9cbab8d5b4359d3c8691e38bbddfc74c48493e1c',2);
INSERT INTO teachers VALUES(102,'أحمد','ahmed','scrypt:32768:8:1$Z0za9xQz9KSdr7B4$92c4972a42412c8e982f527b19b6ca68101f92c09af1e487cfb27bf9940118c3c8bbdba5dcd13c63b796f99443dcc7cdc65076930315112e6e4d6a273c19444d',1);
INSERT INTO teachers VALUES(103,'سعاد','suad','scrypt:32768:8:1$vxhahsAJMBs4Ncqa$58cd3f6edecb87ddb59ee74851bbfe6b63b99bf30a1e3b7528d912e11e6ff83f187f282b11c23a07618f7296bf1b4291b08b02f53b17e29a302d5cf5d5f72bcb',1);
INSERT INTO teachers VALUES(104,'محمود','mahmoud','scrypt:32768:8:1$sxTfKyHlszsmscOe$0e171189d20f217e2884ae97c74b07e42fcd57b41c335c4116bae343cc7dcc5c053982d7aa156876bebd11fe34d874d1985d4f31d5f7e7669e841caeb53ca8ab',2);
INSERT INTO teachers VALUES(105,'منى','mona','scrypt:32768:8:1$B56cSlsPHzkbOnH5$4cb696362c5c3334e3437ba8b82b1dce658bb3864f22ae6de6ab78a4bb889e68dc614129beef5cbeed818e7741fb92c23413d2675033f80b2e8fd93d4f95b580',2);
INSERT INTO teachers VALUES(106,'ليلى','leila','scrypt:32768:8:1$Rl8tkmuAQcBwr7Jc$3a1842fd6cea12a2ac849ab8e3f304cb9be8a148997c48dd521cf4c645387179a0031f704dd92506cd925ab01048ce2a8aaf040b67083dd33fcc3e687ad689c1',51);
INSERT INTO teachers VALUES(107,'علي','ali','scrypt:32768:8:1$KkywvzZZ0xURRBuR$d4ad79aaa841b68b014a4c572a26875370494f0116846acb4e12efac8f52e8183cabf2d9ba839ac6d870aa028bc66f10e90ee54041d3a9d49569fb7e3d758c2b',51);
INSERT INTO teachers VALUES(108,'أحمد','ahmed','scrypt:32768:8:1$ssFIHojQmT4ViPXl$defd99c6d8c6f8a32d7cdebcc890841a8b9b10e12ea9553f2c120db874e671f8d0c3df1768b43ac65085d201061b4b1164a477bb8f2080456d076007b7e0f054',1);
INSERT INTO teachers VALUES(109,'سعاد','suad','scrypt:32768:8:1$NNiPi5ihkjjz6oMD$6f6c82cd5f15405908f1b795204b8bb50f82c82f3342f25b9f907f94d7a00ee486c02020ecb74daa29b0bacce541f7fc7eaaecccd88dbd844e04fbd007940616',1);
INSERT INTO teachers VALUES(110,'محمود','mahmoud','scrypt:32768:8:1$CklsUTYKXggATiEv$ef6c033b5204f5ac4c03aca82473c46067730d487586f164229da5c1c3ca4cbd67b375545712490daf011bda422b8fc0b2ddf58110e83145fe64a8e9d9a231a8',2);
INSERT INTO teachers VALUES(111,'منى','mona','scrypt:32768:8:1$XK2raJbcS4WT03N1$1bff69858e3510ac977d6203bde8a0058fcfb7709bcdec9c705d346afcf967c2a6498b8e2261a50f66573393b4679d4a5fb5a9c2c0df64f348a7709e2e60b5ad',2);
INSERT INTO teachers VALUES(112,'أحمد','ahmed','scrypt:32768:8:1$miPOViDcK3iZnpqQ$2d5a574770bcc4fc3a222663ca4c8ac1c41924b90fd212ac53e6e18c963e618606a4a4015256cdb8bc094cd954959dbd674ff2dace4c13888bbf55ca2046728f',1);
INSERT INTO teachers VALUES(113,'سعاد','suad','scrypt:32768:8:1$SCm3hGNhZ96E8Tbs$3ceded9f48d1c3788752c96dd6686a5958c5b870ae53d81b6fca4d86c1064d757b51382557431ec201adc104d33951fc64198ac569c681d76d56f803be6021ce',1);
INSERT INTO teachers VALUES(114,'محمود','mahmoud','scrypt:32768:8:1$JAtd9Y6I9JF4Kr6m$a76e9a85b9432bf80c5d68b493b56ad427e5b994d9b23f08cb3dd5e57553cc574ed611e028712fd7b146062faeb89b56eab5dc71af3c4fc298588c031a0f8088',2);
INSERT INTO teachers VALUES(115,'منى','mona','scrypt:32768:8:1$kpcQ3TaWxiVAHrA2$3db22d2904b92a23daf806f753c4a22ac4d12721e301cfed1bee251b9894f8ae342135d73e4ed7149da00761ac23af03451eaa9ac17d356b652180f88c8e5392',2);
INSERT INTO teachers VALUES(117,'أحمد','ahmed','scrypt:32768:8:1$seqK6hZC03btFXCg$e64ffda56e40947a997a5d1c00cf107625d36b1869a79e0269f16b5fc47b1efd62393e65a07be3c94813f605290db85853875dc5235251ffbeba53cce94ae436',1);
INSERT INTO teachers VALUES(118,'سعاد','suad','scrypt:32768:8:1$9ThDPwKdY3b7rPS0$761de7fc858c53b70fe2f95ccf692f0fccabb9183744ab71d8495671f48342671bad0e1ab70cbb7d7e90eab5b4d0db1c343b39bf7ac1ce7eb3de16bb5d788a89',1);
INSERT INTO teachers VALUES(119,'محمود','mahmoud','scrypt:32768:8:1$dxyZ4ohbjUo5cvS7$c6a4dbe2ba5b2c53f67488b0f1c174a51f151716fa884c84b94d1981339e6bade4d90f11848f85c52fadf413a8c94d46ab1cd42e8572fe138a58175e9fcad55c',2);
INSERT INTO teachers VALUES(120,'منى','mona','scrypt:32768:8:1$G9lalqhjbtp1OmIR$a3956a94c5513ef43c5a4bd50423eaef95629f849ab34760bd08a8f2e73746d319589f5bf49e5372e522e5d371d007b186b061533b0c0a2019bed13c4e76f482',2);
INSERT INTO teachers VALUES(121,'أحمد','ahmed','scrypt:32768:8:1$1oF3FUlDQvSG8bSj$d21fd6a08bae6ee9c02cd72b47adcba21d2ce0d59c3d6f72c0ec2320d384488fd0420032df0369ce9cc3aea1ada622c17653b304e16fb1a701a4bbb1ef6a9e6d',1);
INSERT INTO teachers VALUES(122,'سعاد','suad','scrypt:32768:8:1$WpTqzdqGHZFiQjg6$a381eb3c89f246619269facc467adc561de6b2ea6d58a7bf6db1f53229e77dedc67e7c669e309d5532544aefe041225a8b6d423c13c4eb89b26afd917fc8be0e',1);
INSERT INTO teachers VALUES(123,'محمود','mahmoud','scrypt:32768:8:1$NPvPbiEirG8mCCMf$ece1d36f386b552644ae797d0082cde3c0b673cf955a5cc4f56c0dfd5349143845b1ae17bfd42eb120e7f46d1785294703618c2c07d9b6c083b030155de6b10d',2);
INSERT INTO teachers VALUES(124,'منى','mona','scrypt:32768:8:1$Wln58WKNoGwn4bLl$c4c7f0f09f938e82f62cb7e8e7170adb5ddae750363abf51337f716a8546613c78210cd98c76e88c4c5503aff1a893822dd75aad74f66786ee022ab56bfa2112',2);
INSERT INTO teachers VALUES(125,'أحمد','ahmed','scrypt:32768:8:1$f9Hi2xIGOIHrkyRS$53d32612b1c9995bc9abadaf999b614502a717dacfed7c959e0554cfa8f039bcc4e3bc1173d1c10239ac9dbbee7066cad51c49b09f7a2cfca51d0992a5b54de9',1);
INSERT INTO teachers VALUES(126,'سعاد','suad','scrypt:32768:8:1$jOGQlHdaGPjaaPA9$78784cf92e3d16d036cd2446b17478712c5a34dc99166872e8f2c9b6fa74f33a2967901a4a870c67c5ac11de7e2c565d886d63164c3a222267fa327d1cbdd86f',1);
INSERT INTO teachers VALUES(127,'محمود','mahmoud','scrypt:32768:8:1$yBR7iYA2jZQJWBtL$fdc785721847ef0ebd858e78855dd4d523bd3ebdfc471fc1ce794a4fcf3f03790a6adab8d070555460c9c30fd50f2adde0fe61660daa214a701eeae0ce9723a9',2);
INSERT INTO teachers VALUES(128,'منى','mona','scrypt:32768:8:1$CyvfTPfe6VEeVjAY$546f54a7132aac7217562ee094dcc248345ec03ed2fe3667bef1e667783e83873ca8e0cc3aacf946a4339f0b3ac25bbcdcd88f4458b547c3ae9a6be3fb52b55d',2);
INSERT INTO teachers VALUES(129,'أحمد','ahmed','scrypt:32768:8:1$kiJAuacSxrZVVpfv$e9433be231c421a9876fc69998cd0ef3059648c5c9edce8f87ce3c95b96793721424c7e3d90f46a38fd7e720fec6b5acd4f46a4feecf81eb5c427c21c7deddde',1);
INSERT INTO teachers VALUES(130,'سعاد','suad','scrypt:32768:8:1$04YI1RYR59EFog11$ce6b08e46bdff701036785c6b6a33a9c2874ad42d81ea2bd8c6e23566e0b6ed8a3ad0caee087477a1b9e2a8e6e73de8c9d227af7aee36470ce7e3e65874eb76c',1);
INSERT INTO teachers VALUES(131,'محمود','mahmoud','scrypt:32768:8:1$ED99koxEZxqB3gGT$09cb51d539976f00da34e8ce5ca0fc48818291520fb42899064076fc34e5dfc898816bfdf8fb83b7fcbbd27fd027fad29e64fe8c8c3401cdfb251d7740d2c6a1',2);
INSERT INTO teachers VALUES(132,'منى','mona','scrypt:32768:8:1$hbou5BVZKoA1bfJH$0eddffbff94cdfb9a27b193f7b37d3ea8007364e4bce4513e353018cc65fe13be05a345527d0e8f94c6f094c9b94bf9981ab957c0f20698a122cea3d73036a05',2);
INSERT INTO teachers VALUES(133,'أحمد','ahmed','scrypt:32768:8:1$rwoDtYuAfnbUKM1e$ce6e76e38ee9e863de1c6aeea5e550fa38a9e40d0afce28a1e78e384d7817d70f5de2c59452a1ee17578f8f5c6fa09057422c747dbb67cb3173caddbfa7c3d74',1);
INSERT INTO teachers VALUES(134,'سعاد','suad','scrypt:32768:8:1$jUgL1nAsnsB3ulwJ$4724779cf6a108ab86242e84194239f4c3d138cdcce25f6846c95ddda3e0b1a4731bb517a0e29deda4d3afb5910659b73711dfe9cfe6779f2740c1d8dbe19fd9',1);
INSERT INTO teachers VALUES(135,'محمود','mahmoud','scrypt:32768:8:1$bvO7btupldE7h52I$92b92da41871aae3552ef3ed26a5e4b4f5f6f43a8dcf6ec104192a39d60a3f7dc94c973b7a4d3241ae8f64aa211d5ff9ec9e3b8692eece4399ca0b828b7244f3',2);
INSERT INTO teachers VALUES(136,'منى','mona','scrypt:32768:8:1$M5lRoEcWYb48ifon$907ee516d675faa26d2c349e3ff50bf78d09f0b77b31dd0db8566ef1b597b8ac1fbd240c1f1566f6b4bec1e98fda74f8b451f3cad71826e9e2695c86bee1d6bc',2);
INSERT INTO teachers VALUES(137,'أحمد','ahmed','scrypt:32768:8:1$MobsVhgWTjaabokW$6abc38769586ad9c75bb326701eaea0606ec95452ea3b45b4910d1b21a45d532cb19f582a687119dc106ce7261ee74b46cd102431c6e07b2dae6f98580c73d04',1);
INSERT INTO teachers VALUES(138,'سعاد','suad','scrypt:32768:8:1$1uXjUSfXm0LB6Keg$0133b93342a146cfe8ca763ff571e7ede21969b35d9f7177f68f7d00acc111a24c1de5251c3a0bef723e95067471b2228aa6d4fdc9f51cfb1c87cb80366aafac',1);
INSERT INTO teachers VALUES(139,'محمود','mahmoud','scrypt:32768:8:1$9uziWMEq0Fxqo2kR$26fc078dede6d6e0f3fa4788149eb75cf0ff5c1d7cccaa7eab3cd79ad115011cc7120a40b1fc02f0c88089cf21e3b70f6e3e65f61b6ea4bc2795b714963fbee7',2);
INSERT INTO teachers VALUES(140,'منى','mona','scrypt:32768:8:1$WBmm6gODUR5FOTTE$234f89b18a3724a94d2905756992edb5f38718258c7fd2b3abf8ea844d3d34be5fd84da182537c0e7873192173a1a49c596f5c45442e0b770cfffdebb8a53856',2);
INSERT INTO teachers VALUES(141,'أحمد','ahmed','scrypt:32768:8:1$UBxrsHY9kEOF7m6s$6400e207ac450eaf958d3f00eb6db9e5e36954803294320e3d22d7dce96f0ca53b8ce2f7ddc36905fdf05a6294a3049a86bb285740435d3cbd575f9cb6da59ab',1);
INSERT INTO teachers VALUES(142,'سعاد','suad','scrypt:32768:8:1$A9ZaPnNQR64DoUnk$a5ba3091988571a3b6a0b152742eac03555dd71c5d06e39cb2c8f0f5d53fa6d0c8ad07f6eb4fa5082ff35ee87b35f1f4ba36c96682a50c7a3ae9f4f42d3bc72a',1);
INSERT INTO teachers VALUES(143,'محمود','mahmoud','scrypt:32768:8:1$pkZ2gN9YbOgaD0Bp$d9d8bbabd1b394c5c21f8765096a193298b0d32215c246c36eec06a597c2dfc79dd5a51a5d060adc666f7550256bd71461fb78fca6c66e99f82b71230e07091a',2);
INSERT INTO teachers VALUES(144,'منى','mona','scrypt:32768:8:1$3NAdI48UyznV3qUO$bedecaca13fa416485123408d7536a9a14c574206766b2d691a1b9cc1bdc41f4402916bd26471e071240ab9455508617c38879ff0fc561b1727a8d9fa921992a',2);
INSERT INTO teachers VALUES(145,'أحمد','ahmed','scrypt:32768:8:1$tezAAfWK06jXZArT$af38631f9841bc78535d0e112fc12d3c74f962b41fa49404598c87c7ff93263127a1245f28da24fed9d08ad1d4b36d9cbeefc089b2229c7aeb0101c38a6c5a4e',1);
INSERT INTO teachers VALUES(146,'سعاد','suad','scrypt:32768:8:1$JosvEVslxe0r7Gsv$270562e81fe1302bd1e8f550c5be8567f51c5ddcc7e68e1cf5f44d95007e129712cf2ae17d1b1c7e5d0df4decf32f603961d40b0b9acf058a45e5b97e77b3829',1);
INSERT INTO teachers VALUES(147,'محمود','mahmoud','scrypt:32768:8:1$vzTGbq39rsdTmIOQ$42d2087f6e9567fecfd9eb4eaee488fe38a91dd7aff747036f3422b1e1ccb290b1287387f53324ebecb0a6ef7cc3dafa28166cd370711a35b64f86db4df3ae99',2);
INSERT INTO teachers VALUES(148,'منى','mona','scrypt:32768:8:1$7fiHsPwYthooP0Ho$167dada24200fe61afc6bea8c9dfc5e17d4ae0a104e73987e2003830dcda658ab994b1919abb445d2c7afdd58cb37a5bb44e87feb44394058e61f47d1efb0238',2);
INSERT INTO teachers VALUES(149,'أحمد','ahmed','scrypt:32768:8:1$NHqJDcgLyKrxVXew$199327e8baa24b854dc2e9565821b06ad8deb52417e21b0658058c12e55e8bb3528a7275501ca0b80cc2cdb69ae3ff6acf448128a8cc18ccae44c05a97f50b04',1);
INSERT INTO teachers VALUES(150,'سعاد','suad','scrypt:32768:8:1$jH3TIhXUGPbJcXgz$d134fd0cd8cb2f61e77e6378a863df4fe9a9424e6f45adacf5530d0e873fa5d91e72971bab20ca808c3c8c610a95e848f6d4d30b3c04848d9fb9c321b004a2dd',1);
INSERT INTO teachers VALUES(151,'محمود','mahmoud','scrypt:32768:8:1$Y2VI4W9MyLIvcQMp$3b3ff1e3ab55aade1b597e0138c34eba8f7be1cb4c37a9119e36445f8f75219a79d0b33ee73c1811e05a7c847e6ab81eb6af118e537e2e03064937e2c7c484bf',2);
INSERT INTO teachers VALUES(152,'منى','mona','scrypt:32768:8:1$32nsdr7nvgJetxTs$f9b5934cad3c523857b6bfa9647f328b0bf736c7fe5aedcddd788c1bfaea4e6decc92289d6f987e40964f09f7cf4ece1a3ee0fc81aa35336794d6e6b672b4c2e',2);
INSERT INTO teachers VALUES(153,'أحمد','ahmed','scrypt:32768:8:1$PTxvnd0GtdsU13E4$793df40a68bdc78f47cb6039d9d095b05294aeafb33086a8a456310bc4ebea61dd0e83736cd363e9373c07048a5d85aae2c924994159a86ab926ed7fb4d2135d',1);
INSERT INTO teachers VALUES(154,'سعاد','suad','scrypt:32768:8:1$yJTGGI87BFYAoJOw$158b8ccf4fe7647b9f5cd8b0523e84ab2ab9c668525ed9bd4007a25a5f06f7a03a2176895347280927ec917cc6a3d86d33fe38c158ca315b636ae1974f6d659d',1);
INSERT INTO teachers VALUES(155,'محمود','mahmoud','scrypt:32768:8:1$M8RJatz0guDD262c$44eab87557a522eecdbb60a10c21d0a9ed7c4777c575104ae0050f0fcc36322e2f003ad5d6de4418e40fa1147f6ef69a07e64cc6c6afada66cfd8dbc5f0ef949',2);
INSERT INTO teachers VALUES(156,'منى','mona','scrypt:32768:8:1$n6MWtu5nHQXXk1lc$ed0451b5e152a37a312e5a4f70b616da2e16184a94d8524d96b550bed3ed4a3fde56781a5c8bebf5b181b702fccb55f32616c513503c809f8113c4037b3ba0b2',2);
INSERT INTO teachers VALUES(157,'أحمد','ahmed','scrypt:32768:8:1$FzXsngXJGAa4CCzm$b3da8a2eb8b5837f104f28b7412797c4f7dccd10cc4d8bc55ea9373cf5e3277d0a4b8c7a70df3cf143709294ceff48f0f66cae049ef7edc0cf1961f802a71fcb',1);
INSERT INTO teachers VALUES(158,'سعاد','suad','scrypt:32768:8:1$95onjlPBk7CYDw1g$1a34fd13daeb5568dd9531899d11e02aa002908583007da0275f9e419506d6b14b7bee34e796c75c5adf985703e2239486a7b912eea2958681a3c5e9aeeea5a4',1);
INSERT INTO teachers VALUES(159,'محمود','mahmoud','scrypt:32768:8:1$BpswEWp7vchzagiB$bbba7c9ceeff520372e9b06185d651d5e715f1508676a60e7c4c6d6a209bbb9d5e8bdb6cb48c535d91eef46ba237d86e2a0a6578f52425aa2597ea92b71b82c6',2);
INSERT INTO teachers VALUES(160,'منى','mona','scrypt:32768:8:1$vKbx7vVWjIwBB2Om$7c23d900ee7a05667d6bd8fb219a5076f83173a80f2323ff84fd8d07f586751cf784fdb800447f3398b008d06011dfa7d9cf2d545814a06286f66d8b5a686992',2);
INSERT INTO teachers VALUES(161,'أحمد','ahmed','scrypt:32768:8:1$Ga2SxTXxG0JZAzUZ$899f6cbb2b497581a951a0fea165b3ad4df5726a0ec2192378dac3f0bc5c3c4726999f2de8e40528fb32fb2b77235c501ea45fdf87b6537432c4a36b610f9ebe',1);
INSERT INTO teachers VALUES(162,'سعاد','suad','scrypt:32768:8:1$oCar3ko7BjC3Km0t$68b97ed6193e3f53c5ba751c4485ab10402948b5eadefa63e7cd77acb14f9d917d275f1b673c859ca6f99bb95028a1aafda53fc2b93a052766d9e11f9e67ef99',1);
INSERT INTO teachers VALUES(163,'محمود','mahmoud','scrypt:32768:8:1$zUtjwZ8aNg3bc0PG$1a3baf8ba7a854bfa4019bdd23537939e229bb6226e9d86ebaf331798b9cb02fb1f82900bf24314dfb48906e45f082adabf113505cf72fc2d87af52670f03da2',2);
INSERT INTO teachers VALUES(164,'منى','mona','scrypt:32768:8:1$hraHnbF5Inb2LTTh$82ce394b3bd1588b08fc5d32f7fd433a1c1f2f59db0bfba0ffcb4fd70c7f8ad018b275fee515f6789fd70c9bcd86581097aa0e749bf7af20ceb1c7ecd74f5157',2);
INSERT INTO teachers VALUES(165,'أحمد','ahmed','scrypt:32768:8:1$bBtQMaQamJYiGaEl$1259b48d3ba67806e74f8ebee64d90699b06d622d0051a49afe28279b3626d487fdef55f86ed50aaf2ad779371bb74408d2139314b16bfc38342e396e4969671',1);
INSERT INTO teachers VALUES(166,'سعاد','suad','scrypt:32768:8:1$UMGrN2iqmOXSB2BA$edeec524a7646fcdd1963df967391eb71766bc7127fe65d98550dc25263b25910bb60261f6251a4d9aa10d1291d86c22c096b3d92310ae08e958eb7b86fcd0f3',1);
INSERT INTO teachers VALUES(167,'محمود','mahmoud','scrypt:32768:8:1$nANfiL8aUNg67u28$2b8e50484767b6e5e263bbba21dc7f1011ae9a82d1356e7422de1e4953e4f1db9eb5eea6297b8554f419daef2da5bb2a5b6134f79b74b9ee5e93ffa28c74ad1c',2);
INSERT INTO teachers VALUES(168,'منى','mona','scrypt:32768:8:1$jIXqZIbPlFQCSGGw$6487ebf309525d0e05d2cb8c4b1836437a042e53b3856a7faa65d8bcacb256a1b18cb14feb2c5495215b6f63b06f4575cae20fddc0f92079ecd30ba6a121966b',2);
INSERT INTO teachers VALUES(169,'أحمد','ahmed','scrypt:32768:8:1$caRZjQH2NUb0NNdj$cdce21a4941842cb77bb9c1b90621c693171b62348df893a460a633d70b960d6229f8a793c6ceec5f4a8c7016809c086573421ae0ded6bc3b40da72cadfe627e',1);
INSERT INTO teachers VALUES(170,'سعاد','suad','scrypt:32768:8:1$9XqxmbJiZrj6IEMj$8fbe213df140bf450ecf17b51810fba2a1e1b4aea876848e18703a3602f2b27241a52c1ab6b334157ebd34d8200c5b393a212315a6a2318c9b1b74aa3770f99b',1);
INSERT INTO teachers VALUES(171,'محمود','mahmoud','scrypt:32768:8:1$V6xJuhaxdYmS3wHP$c6429b9112a919b37d4096ae802de01458f4107f69d810868cf2df54ad32dea40a8d279d40477b9d847bddf730ee521a52e7b89acfeff4aba09215213a8a5280',2);
INSERT INTO teachers VALUES(172,'منى','mona','scrypt:32768:8:1$OKpPyzGc0sLKsAty$8dd1e4b5d4aace9f7f2a38e651090caa45c4a9c759e8ec35d03176a72e8fc87d01fae2272420ca2959887e1177bcf9d12f05b35465b99d9d302799db04bc0ed6',2);
INSERT INTO teachers VALUES(173,'أحمد','ahmed','scrypt:32768:8:1$1Ctgj2b2uLhTD0uL$fdc3bc2851a1812271f0c31b1765e3eae3dc836bfa6c30195fac971b524e01862e0b8f36b7c3acc3d14e948b28054ec94baf3dae3b560b35601c87577bac4cc9',1);
INSERT INTO teachers VALUES(174,'سعاد','suad','scrypt:32768:8:1$SuAIdPmPJKIADLIV$4129daddf3285b277771e6ece617ebc57fb55742b48169f47d5da192ec8c05281ee986a262a59fbefbe64f19e80110c6197b25d96041b42ebd2b5972cd52d306',1);
INSERT INTO teachers VALUES(175,'محمود','mahmoud','scrypt:32768:8:1$dciuQQLi6yAeNDW5$aea00bf1b1abd0f0746db0a6448bb948f23818c15221519c4e5d85c4f27ae9f1b837db37d7bfffe87d13a1c9bd7ce6e9f9b31b62580866047161d51eea6dec32',2);
INSERT INTO teachers VALUES(176,'منى','mona','scrypt:32768:8:1$wG7hL79rvgDuM8UQ$0e9193409fb3f51c8401a8170e7e6d7ca7d89343d420c27df2de0aab949f6e6d541fcb99adf900a911b760e7529201e64c829ea0213e967de429b325248fe638',2);
INSERT INTO teachers VALUES(177,'أحمد','ahmed','scrypt:32768:8:1$ofqDdg9pm4AmparS$6ca4e338de0d1de5d0fd639741ae63c9b07b55157eed93dbf4b76b7b59d164de41c49a550ff6d41e7cbe0ffc1972f4f9b94b3ac9a64aa2ec31951c1b3af20d96',1);
INSERT INTO teachers VALUES(178,'سعاد','suad','scrypt:32768:8:1$bJqvsHfDmXTeoAo6$9cf0fcb793d3f01ac42cda2f113dd68e4031dc610eeab8d0eb3cc410e27c3dccf338d74676292ce1c361caff1798d95809d5f76dc5d9efcea8f9f5446092e40b',1);
INSERT INTO teachers VALUES(179,'محمود','mahmoud','scrypt:32768:8:1$fWW1wcGLGipxPnhc$5d26ad8fe1390226568ff92ef2664c1374ab2f7790188022f3db71d3f09b2086607a49b644785a57c300702172b0b1234114e4743f516b9a8dc280865ee1dd2a',2);
INSERT INTO teachers VALUES(180,'منى','mona','scrypt:32768:8:1$762OZQhruvgK1itw$4445bafbf3592d8f968049977ffc09522454b77ba7f8e5d08704ed6b3e3cab11b9796129fdfa1d4329f2af5a4ea4af4c4672cf914a5c260e6a0bcc9da15457f0',2);
INSERT INTO teachers VALUES(181,'أحمد','ahmed','scrypt:32768:8:1$b9WLPlXpuhMTGr1K$4d288fb5bfb534633378b477ae994577935b35391571b48aa0f19656ef23bff34b28af8b7431ba35953fd3ae473423b5b964e42d71af5b1791b7bf18d950a6c0',1);
INSERT INTO teachers VALUES(182,'سعاد','suad','scrypt:32768:8:1$PK2SWb62EsdHDv4A$ac65749ac99292d83b484f301ce2a7878e2d65ed2607b0d1c593b06ed02edfe1dcd3d57d1c035c3733dbedb4abfa7debab98a574b47081b1fed41ea7afe5b61a',1);
INSERT INTO teachers VALUES(183,'محمود','mahmoud','scrypt:32768:8:1$cu6lBrhOBJBqcuQH$7efc01e2c424b997f5c0a255e6d6494912d8e2612d072a7c1bae9f1738bc1035ed2b80f451493939673474e167527c1fee02c205c438756f8b2aaad6353f394c',2);
INSERT INTO teachers VALUES(184,'منى','mona','scrypt:32768:8:1$Gdhi8GMSjv539yKC$e84866b823bfe31a5562cea832008fcc500c9338757694819d2cfd009a1d7e13d67dc5a64b9b846326f4b1eea89b71860770b83c886df9694984453b98a11442',2);
INSERT INTO teachers VALUES(185,'أحمد','ahmed','scrypt:32768:8:1$Ubmx4YCI35hZgPwE$b858fb07c37db2e325303962200439288e4e6afb4025d936c9213e76fa3fe02d90f6e35b54ff861e77399eda06e510763dbea2dbaf7c06c5df5adb240ba9a4bd',1);
INSERT INTO teachers VALUES(186,'سعاد','suad','scrypt:32768:8:1$Z3Q3G39xkiuJCkKV$e49352a8f95a9e18b5334345edfa2bbfde4eed8e5638086ece58ee54ee456568debd0de459a74e9113fd717103a90641728f2bc730522cd0b3611f6c5b55e2d9',1);
INSERT INTO teachers VALUES(187,'محمود','mahmoud','scrypt:32768:8:1$q6f1K21m8xNngWP3$7e1afb667783f67dabbf39831f9d861647b8ca7b3a4ce2fb40dd3a2fb507efaec4ff2f3d343d931aebb61851be9cac0ce1f0e7fa6306a3cbdd97f2805407daca',2);
INSERT INTO teachers VALUES(188,'منى','mona','scrypt:32768:8:1$aE71Crw51sAIED0O$fed9de4ce673c8f9d362e2f3e75b979468c8e92ef2987386fef0a1ed297931e1e7c40c6c9bf595dd3a15f9c0986ecc8cdffdeab92b834070b419e6989381b6b2',2);
INSERT INTO teachers VALUES(189,'أحمد','ahmed','scrypt:32768:8:1$eD0sMMMy0YYgteP7$6dceafee9b3f0898700e8bec5fa88d1fa52e892c6b2c4d1304f1b87a3efd20c71629e43a97805e4ec3e6b63e0171a68a348bb2e700be206894ff95846f84437a',1);
INSERT INTO teachers VALUES(190,'سعاد','suad','scrypt:32768:8:1$JzgqID6JBzwaChL3$20a60f9439776e2040ea369426ea324aba727201e01d8c0582fa6f315f1d0a1e91f1e0626c3c07f08508ebfe03116c0e7dbc88517479562a84a2179694ba5041',1);
INSERT INTO teachers VALUES(191,'محمود','mahmoud','scrypt:32768:8:1$iAPoJ82hbNPS2pbI$4efc6d2d1372e3c2c97705afb49b5feff65ca655fb0f1ac1e31e256bdb56eacc54a276513e1cfb2fee7b599d971ca4637fbfe0f8f8d151809494248f32c33f11',2);
INSERT INTO teachers VALUES(192,'منى','mona','scrypt:32768:8:1$uuVtniA6IrSeaKl4$ca54b11ba058c976626a839cccbc33022666ac100df86d291228ee341330dbf320ef4275fc83e7320a20706fee6a2a5dec6af18c8b48599dee6a3bf1c2e1e794',2);
INSERT INTO teachers VALUES(193,'أحمد','ahmed','scrypt:32768:8:1$YLyne9qcazfuul6J$427dd8321e2baba942140ef26b68bc77f74222a568d79ac414f2043dba418a2258aef5763858ed0789622e859d5f0dfbbff062bad675ebc439ed898c3c5c6394',1);
INSERT INTO teachers VALUES(194,'سعاد','suad','scrypt:32768:8:1$qZRnvbn688SEwzTd$74c794624d3a249679c146055954ed06da690381679556c50be5775bae25fb6b7e22f15405e60723362e465649acfdc7535b03c95be78d1c7efa8235621b1692',1);
INSERT INTO teachers VALUES(195,'محمود','mahmoud','scrypt:32768:8:1$Afusq2BBrypt8tny$5c168687edd66bc6d64b2968894353ed427bed635b2de60881f4e0c4f03f7f4893ddacd93383fe0961b43935c64d61571e8c63da5aff3fdeb662173bdc8794cb',2);
INSERT INTO teachers VALUES(196,'منى','mona','scrypt:32768:8:1$vFVqDAcmYoF7E92K$7a2f2f88b608cf077e2cbd3f11eb043a1ac6a8c755923f4d89e5fdbe4efda77be489bad86dc59beb9732b222c33bcddb8fe7ac8028cfe325282628de2c49e480',2);
INSERT INTO teachers VALUES(197,'أحمد','ahmed','scrypt:32768:8:1$ATkiwfArbK2XoEVr$efd4f0b00eb603fb08d431b7779c9a8c03feae0a21d62624a089bfee6bbc5f3bf3f4f9ba40149f3370a81f0c425398d59499a3c4ffbab2ecac8b154cb6a3e83c',1);
INSERT INTO teachers VALUES(198,'سعاد','suad','scrypt:32768:8:1$P8zX6rfay6NcVU5L$cd484648b26b346e56d91c49adf20518f6a93b117e8cf0395ed0e4753790fbf9866a18f8ce066b23a7b90b5166a107e2565b08b8bdde844a10b6812ea1ed3a9d',1);
INSERT INTO teachers VALUES(199,'محمود','mahmoud','scrypt:32768:8:1$SVZNDYY1vp7b9Vtn$2552b30281a5dbb171237f428706b1e124354a89408b9c11dcc5464e79ed32a284713f01e9cacb1811b1b87fbd273343af24122c6639682dafcfbffcc7374029',2);
INSERT INTO teachers VALUES(200,'منى','mona','scrypt:32768:8:1$2Mwa0hjNaqNoqHZT$ed215fefc5b26cefc20d87de1383a0d4fe1eb37e2e08985056611283f7690672b15be5a9da5424781b622d389c28a96de4ff4d2f434e1c6a997b8aa794335eae',2);
INSERT INTO teachers VALUES(201,'أحمد','ahmed','scrypt:32768:8:1$iKtZK69MYpU2bGKP$abb443be759afe57dc5d9a996e1f3b96780248501c2cc3f60901a6fc7d8433f42e051ff5db90c7529b1ca8f4b4f6cd22116fa9e8574a7106bd31a83116700b00',1);
INSERT INTO teachers VALUES(202,'سعاد','suad','scrypt:32768:8:1$lGaktufHXOgDw5kk$b898b29cb650a94796bb936de0900b48d68ce62fc17088873d56eb4e06d80063f06bf558784d94ff9c0114132f88d334d452eab0897c80679d32fd6b73c6522c',1);
INSERT INTO teachers VALUES(203,'محمود','mahmoud','scrypt:32768:8:1$bIMcdt7aGR64tXV8$2c7871cdd14e0c5021217a87ebf12f89260a725c37e090cedc9e1e360882671e36d53d22d4e6052c55d72684bd1cbd86fbcd180727020e818516ff2aa95dc70e',2);
INSERT INTO teachers VALUES(204,'منى','mona','scrypt:32768:8:1$2J0Gs7elxUhpGqkT$36fe8722bba42f8048b6be0314a12b26949fb62b792956a6953209b0e28f6714e35aea80421573e930fecd28bca55b248ffbe7053009fc12eeb283bd617b968b',2);
INSERT INTO teachers VALUES(205,'أحمد','ahmed','scrypt:32768:8:1$rFnAL5v4FOB8pnJs$1d54a50956e1fcb5983bd9255085508ba8132b266b56686cd62a7dd05577aba880ceb82a2a3b3e695dbd050ece673635afd9b0f304981b98f09a6735e346396b',1);
INSERT INTO teachers VALUES(206,'سعاد','suad','scrypt:32768:8:1$oYh3YXUkusGdGWWB$824a0219ae62524d1c1aeebea3b60e2a66a4dce7d4d20a60cf3057426d79081e5e8e55dfb837001bf376b55c7124a67f6af648befaaef021763bfe695f7b3b0f',1);
INSERT INTO teachers VALUES(207,'محمود','mahmoud','scrypt:32768:8:1$9Ps9kydsl8ZoUB5W$ce28e612bb147c794c6d0535aec8992f2320e7f3262aa5a97051482d370eb6790d0561d4d9bdef18021ae54e3da4a5ee540b35a9aac046deabfec1009fd261a8',2);
INSERT INTO teachers VALUES(208,'منى','mona','scrypt:32768:8:1$RPj2dZsz5UCRpRZl$2a9d8e2ea3066adafc23da895841845e3224bddea26afc7d993d781d5841d2599b946e3c224a033042b4c14a7f04a3cc29c1d3dd17f71401ca808549b49d35df',2);
INSERT INTO teachers VALUES(209,'أحمد','ahmed','scrypt:32768:8:1$ezPiYYwBjeuuW3GO$14790920a6ea20fd17456c3065da905d85468bdf8733c20aa05d3f3f21ce331c0997b8d854a36d48e5640aeabf05a48344218088f19f78b16bc34440328c57bc',1);
INSERT INTO teachers VALUES(210,'سعاد','suad','scrypt:32768:8:1$E9HfPV32x5ie02Cb$89ba392ec431c538c09b3b013d404bd90b804af1d3ece0129d475b5778deaae24e0a37b304d09571b3ee9efb8e6ccff9a39d9b7d5e4c523f4e1365861281e12f',1);
INSERT INTO teachers VALUES(211,'محمود','mahmoud','scrypt:32768:8:1$LZSNEDFvPS3CszSP$5be9b64a82245fddfa93dc6e275c90506a4e3491b1bb7b884c18f00e7e00af74f8b0a9c5731e4e4e6e54371e2b7b1abbd6cf187eab3c07872c5f86605020ce7f',2);
INSERT INTO teachers VALUES(212,'منى','mona','scrypt:32768:8:1$hUYABHElvkIv1l21$20fa0322b5d36d8f86f2fd42cee849263b85ff61f75a1f84711a5046f18c0b4a497a6fe76760546e7500522efc558a5129731623b55ad55acf4e20483d5fd83a',2);
INSERT INTO teachers VALUES(213,'أحمد','ahmed','scrypt:32768:8:1$Fab1mMVvsMh1gQJd$414a4d4eb761f9dddee4dfe86f5110a06d27b71249297b2985e42cd11af072711cf512533eb27cdc9791f3c247a4e86f6eddc08d881aeafb6ebaffb7ad4b01ed',1);
INSERT INTO teachers VALUES(214,'سعاد','suad','scrypt:32768:8:1$pPcXKP2llalC7yXj$a61789aec63298417911d4e88947c55f08178702f861584c769f0277bf174016eca4a3c4415a0e4984f74d45b17bd9a4e083ef330221cb4db67a0f846d24e407',1);
INSERT INTO teachers VALUES(215,'محمود','mahmoud','scrypt:32768:8:1$rQZ7yyfShaPTNr5P$0cd0258401bd15920f503e363ba8e829d3fe48c9ab188b09c8b1e1c5d1cc30e9258b7f761e3c4ced1046b6787b6b35a33d779072fad880bc4d9e5db00fe5599b',2);
INSERT INTO teachers VALUES(216,'منى','mona','scrypt:32768:8:1$ITvkfM48PUea4N0J$bcbeac62edcea11388ff567b634d14a11e49a58392d4baec6c33a847058d4478b1cf6bd19b9f6e4996ab70fd2225693cca9bb7f19478ed85f2826c27ff688f20',2);
INSERT INTO teachers VALUES(217,'أحمد','ahmed','scrypt:32768:8:1$knNXKiXpaKtjiMwm$6b2f2573b4a225b64e3376b3b69eaf6dec7e4171a7198c90f71355aab30104d0fc69aa07b3c91ce5520bdedc719566759f60e9c22ae403565abbd5cd0c769b96',1);
INSERT INTO teachers VALUES(218,'سعاد','suad','scrypt:32768:8:1$JZZGbF1SvWOSTqYv$47bbec6e9ae04ba7d9f5b05dc187bfddf86a169f36c0905d995c0f9dd98fa248245b4c6abe82db4798e0775243fcf641d34e804845a8753b5cf5982e6b2acf21',1);
INSERT INTO teachers VALUES(219,'محمود','mahmoud','scrypt:32768:8:1$HOTgOLigHP9ePZjL$24e4d9580f0db3f0418e97da944b3c50693ba4dd9c1dfabbbc055928b2fd933c32bcbbaf1bd9ea6d6f894ae0ea4f06538b56f571cdc3c434841da04ee7800f7d',2);
INSERT INTO teachers VALUES(220,'منى','mona','scrypt:32768:8:1$p1uOg0uRSDc5gLOZ$3a0fb283ea083b762f574b0e8e259ff62ccc460d869d5df839f307b3e9358a504cc6839188a86e96cfe7ea3f724b04cf4094c36ed0630fde59e3a538faa1e0e3',2);
INSERT INTO teachers VALUES(221,'أحمد','ahmed','scrypt:32768:8:1$B246h0xffA6jNmxJ$eda3af1830432493d34ca300364507bff05a1975dd08d0c05a7dbd79f254caedf947c2469b7cffdc95e7052190791f38884eefa1876acc20e6dc750a1489db73',1);
INSERT INTO teachers VALUES(222,'سعاد','suad','scrypt:32768:8:1$K27nCKse7Iuw8yTT$91c2b660bd734cb9e324b12f775c5e17a64505c3dd1bcc8e4d65787fef8e5d70f3a55e018469d5cf63aa21be3803e3aabaeee5d3bd2c1d70a7df17bf38efd8e5',1);
INSERT INTO teachers VALUES(223,'محمود','mahmoud','scrypt:32768:8:1$F5SB890eoTWCbfTV$82f9e40d94995010be745704f897fbb544cac9fa90c1d50f9e0e09a4d4dc7be4d3907fca05fcb66468a56813e491f9e76bb41696e0b05a626117097ece10c542',2);
INSERT INTO teachers VALUES(224,'منى','mona','scrypt:32768:8:1$BDtdRunGNY00HyfT$85bfaed5be260278365f87f68169e4a53b8d0acbdee6a2e041df82818083cb0a8293832af0365fb0ab9eab16ddfc6415d844ae63aad283718fd28c09c0701145',2);
INSERT INTO teachers VALUES(225,'أحمد','ahmed','scrypt:32768:8:1$YNnKIVYvIKN2qbLU$1bafe7ab130816fc2e863b9788337cb85eb343d4de15f2cc80deb5d891b071b61417c3f6ee9bef1d3b50704f6775bf92c3357b7c4cb01484193d2d3bdddb319d',1);
INSERT INTO teachers VALUES(226,'سعاد','suad','scrypt:32768:8:1$iZqBttxIioQh91rH$7c7dc51bbb4501e166739db4be5f4d3e0edca84fd7e56bf813fa543cb90dcebcfbac927e4d8bdd94548c9de8430438ac2375dcc5cc291f61122acd07eafec231',1);
INSERT INTO teachers VALUES(227,'محمود','mahmoud','scrypt:32768:8:1$noVPSnayjm4zykI7$1bb913c973901a9698d66a80f0e1374fb6b4aa49eaffcaa550b87396e98b57116b52fede71cf17a5b4b3ea9e45f7ac5f3823d2ae4b789f4bded442b742413f2b',2);
INSERT INTO teachers VALUES(228,'منى','mona','scrypt:32768:8:1$6gP07BoyXPee9AmD$2b8ff9bce093c19653be62a754d9cc1349c2033e7b7e9e191eb70b649a28a5b0c7c31df3982faeaf945fb39a6ec784bd6e8df41ae87aa92224184b0e9a3d9c76',2);
INSERT INTO teachers VALUES(229,'أحمد','ahmed','scrypt:32768:8:1$ewne4q62DPfMv9hI$8e58d9d2d446acdf263f22f4282234f1e68f39b8769479322646199637a026f8296acd9ca55be08be3a5d93216a31a72463a82c6630543865c721dfc3f8b48d2',1);
INSERT INTO teachers VALUES(230,'سعاد','suad','scrypt:32768:8:1$jZhsXmGgO63EOygL$84f969f17aa58ef373077bdd9a473f76040b508d5498adcdcedb230b35d6a3a111b701a71a1f74c327fd84b463ba5775d9ef3890362948d278eaa8c72b927a94',1);
INSERT INTO teachers VALUES(231,'محمود','mahmoud','scrypt:32768:8:1$UzoMmSmAWuuWQwJF$ee9aac661c954b7077dbb77cf6295a0f752bdfff439263ddda4537dd1f8cb23446d0b93fa5ee71eb2b75708db18847366c561bd8271c24b464e4af08602144b8',2);
INSERT INTO teachers VALUES(232,'منى','mona','scrypt:32768:8:1$BeiuHsJr5O6hvoQ0$e3ec5ee6f163c3baefb58cd167a1619d6669439e93d9a789ab8ca5c83d930264134f718a428ba7bb4311a588a1a0d1bd9d317e6431ff26227f1120b5834cb688',2);
INSERT INTO teachers VALUES(233,'أحمد','ahmed','scrypt:32768:8:1$IXXZztb2XcNW1kQG$f12ec4e6ce73fcae25254267221b2da71a80c490b57f8e7176d3cb608b67b61daca03996fd4b027aad84bd7169eebf0076d1b65b97847f1d0a4017f7ef2f25f6',1);
INSERT INTO teachers VALUES(234,'سعاد','suad','scrypt:32768:8:1$XEVL8kKLuzuWe7jE$252e40c6ab9b633226fe4d22917cc6535698d95649d558819b39d4e3cf0f9653a50825dc5e6a93b90264b438694d624d5967051e5476a1bcd5c7eae1d17c8971',1);
INSERT INTO teachers VALUES(235,'محمود','mahmoud','scrypt:32768:8:1$5NZWd09YVQIQdYkT$d9483763787dbb59ea223d788c94c462c7ce1d86873a47c7f571b293c96787f1da4b719324ee74d29a20f3b820a96c54481e3aaab86b8679c5f303fa1ed0a954',2);
INSERT INTO teachers VALUES(236,'منى','mona','scrypt:32768:8:1$7HitK2hZJPjlsoch$71f4e2d2d8c16610386cdd0f2ba34d08f2a008d8438fc5814c53e5e4925697ace16aeae12a7b4bb8d984b0fa2bab99ce63beca7367e0616e531f2ee3fb43e1b1',2);
INSERT INTO teachers VALUES(237,'أحمد','ahmed','scrypt:32768:8:1$q1kx2hEhx4i7WeBl$07b667905dae6ed0e9267819b4560720282c64eb62100ccce5059ee499156aab83a4172677bbeeef12d71581f7344167c5a9e3ea557cf9d70511f4c5af4ef1fc',1);
INSERT INTO teachers VALUES(238,'سعاد','suad','scrypt:32768:8:1$PyvPF4YQuc7H6bMF$58541b57618f7421f6a52e878203a8a21d6017d5c76c623360b11b65dbf2d0a1f0eb7563783a8f21e3c24abb5f3e14da0988ae963a5393e588da7abd21053849',1);
INSERT INTO teachers VALUES(239,'محمود','mahmoud','scrypt:32768:8:1$giSaceKuYn7qaRBF$b0f3acf7f015efef19803432adea505bccaee956011936e254f487fb08088467d8da9587798ca06bc40d3b653e32887513c1559a157f03df34e58a550134e0e2',2);
INSERT INTO teachers VALUES(240,'منى','mona','scrypt:32768:8:1$fbJG0XUQWn2PSKv5$c9dad1c74f8b2fff1e24c8fa97f3ab71e1804e3ec1e6c31f766ed62176621e0043163d93481bbbd1c0c02bf3e18d0db2b73ea482097ebd77eb4b37d17328f9ef',2);
INSERT INTO teachers VALUES(241,'أحمد','ahmed','scrypt:32768:8:1$f8dwmfwZb5pYnvUu$ea2c2d706b576f90f715db4bdb4fd74ba407ee35c256e52d4f09bd14eb69f4483e5a65afb8d3ac8152efc3a021252e82fbbcc8a303d67ee63d59df2bb88b52fb',1);
INSERT INTO teachers VALUES(242,'سعاد','suad','scrypt:32768:8:1$PYTqCholL7QBM1wF$7d129fd213552cefd5fe4efc6a53508321117015218c69db0a9099e47ffefb2ef91cf5ad64b33ec3feefe58d334fe0b24a12c621c3d8b7596f8964da4b44acf6',1);
INSERT INTO teachers VALUES(243,'محمود','mahmoud','scrypt:32768:8:1$HS0q297SavyqqKSa$301644d87bc88e15e54d0b271ccb427f9a28a422446d54213b4b4a331b6f079d8ded4e4f08d38a4454d9a6ff7002463864b8077b6a01b06a59ca3d20e8fe7608',2);
INSERT INTO teachers VALUES(244,'منى','mona','scrypt:32768:8:1$dtFMIB12oYphRmC7$20e757db076dd13d6e62d303b98ab27073aec2b3a060543213b953306e2f2e231351a0e6a1bbc27350c2520c1cc927e537faf4f7f7499b0777101ff3d3026af7',2);
INSERT INTO teachers VALUES(245,'أحمد','ahmed','scrypt:32768:8:1$kzdt1KtFVrwJix29$42d2eba2b520ed7cd3e4be8214e3ca0d50bcf0997da34726a9a2a2b32626956e3e3124a487aa2c90dae0fa075922d7fcaf9bccd850f22b3f7d8deb9a5099cdde',1);
INSERT INTO teachers VALUES(246,'سعاد','suad','scrypt:32768:8:1$j6LIsEV3qRKefrWr$d7beee7ed4ae772631ee0274f88da0bd6ebd2dd980f903ac6ac110ff2661682281c03ca6e75f2c1f133e9e14c503a5ea426b7ccc64ae48b5f0f0d82c30870ccd',1);
INSERT INTO teachers VALUES(247,'محمود','mahmoud','scrypt:32768:8:1$XeouRaas7am4Zot4$1dbf01cb7794a1ed07d38aaf216d61d64c91163fa7a2254284b1b7ac8b2cebf53c683bdb0cff409b5e4839ef715332f14ad17a2fcd20209e827b138eaa55eba5',2);
INSERT INTO teachers VALUES(248,'منى','mona','scrypt:32768:8:1$9koLZw6uDP6CII6g$f216a49cc84331584a905e6402edfc07b46902945f6dc04544a660dd74fba27a1797a4ae67f1746385cea4b9dce137de86877ef10a304f06d9125a416b2f5d58',2);
INSERT INTO teachers VALUES(249,'أحمد','ahmed','scrypt:32768:8:1$iCpZUugvzyTK97x6$9d619ea21043127506a80e4b35b9cd68213b7b4a94d2e71a4cc98ef338304804b9886ffd70be5cf8208eeb9372ffbc0be8ca1a1d936429f726c8ea05e208e03b',1);
INSERT INTO teachers VALUES(250,'سعاد','suad','scrypt:32768:8:1$0jJjREwGvVCbrMEZ$74f186242731c4d727f6d8846e3bfb38b66fe200ac20ba1a74c924fbe1a7b354492443fcb697137208a463c8f23cfa3ab3312967c89731272d6a338b0dc6d6c0',1);
INSERT INTO teachers VALUES(251,'محمود','mahmoud','scrypt:32768:8:1$Mcg4OrrvTIHi3FyF$30e060d221de343b2838ea178f4637de26c0c081d011277fc7ba3f2f51800f3a2a1741a30fb645248947dfe2357c1953aa37b9deee830e1b242e9d7212ccb7e0',2);
INSERT INTO teachers VALUES(252,'منى','mona','scrypt:32768:8:1$Sm9e2cSLs02uBT5U$8725d33715447c5b4911a2729824bfbe2ef352ab9988a1451502fde0214fa7778bf1f61a61b3f949553ad03db12e03ae1dd28a26ff77fbd55082d2a2c852eee4',2);
INSERT INTO teachers VALUES(253,'أحمد','ahmed','scrypt:32768:8:1$735PoOrejvKHo1Eu$6054570a92639b1e923a14bad69d8942e72182d7362314b1654da64b96cc2c29a64c850a53f97b954f4359181969da74936636cc0068f5161b836a22ab744c1d',1);
INSERT INTO teachers VALUES(254,'سعاد','suad','scrypt:32768:8:1$0iQ9oGiaL8KLTjw9$8e1f7b6dc89e043f6e0c7992ef3dfa6f8d4098b8bebcf5d2f4161b611fc78deabf2943a2f2bdb703b29c0645030d63048d4548e75373bb51ff51b6b24e02d385',1);
INSERT INTO teachers VALUES(255,'محمود','mahmoud','scrypt:32768:8:1$LMb8gMMNQ28i0QZb$7e0ae97c91ea6e4e374a3bf7a3dc7c747743c07ee40e78c15d3274c84a2373c9ed0f3890f12e6eb664276080247265e6bcff5107abd2e72140a6e9988b256678',2);
INSERT INTO teachers VALUES(256,'منى','mona','scrypt:32768:8:1$01Phb8aSQsaYceLg$35861dedf05b1b5026746463ac9a4164fb1564255dde270b77fc39fb8a98892083b3b15d7078d495e3b00c78e324a03a17f16007926b93e4afdf964494bd9222',2);
INSERT INTO teachers VALUES(257,'بابا','بابا','scrypt:32768:8:1$TQZIp1YjjOvz8PTf$1b4e73943a2002c8259ad71a5a05a920ea9f4a4003655fb56a95ea2779df21b664e848452a3920115256e57d9021df9f1cc19f37f73578357f5808483c4e733a',115);
INSERT INTO teachers VALUES(258,'أحمد','ahmed','scrypt:32768:8:1$NibtaMZbQwWcontm$5ab22422502100b8ac2ee73e350e0d0c0de6e0589591f140daeea63301aa38a5a5ce6656d2ec5e539c3b5e9aba4a1378e74d452a1f8c2dd03ff4fda33480e8a4',1);
INSERT INTO teachers VALUES(259,'سعاد','suad','scrypt:32768:8:1$8dE3Wnyk76Q1Ca20$b79c1924ed40ed504254047f148399814b0029711377c28f6e92b66c3ec3720c801950e3b34a76db1a49fb8914e7a46e8a11645451248489f291bf795bf2c43a',1);
INSERT INTO teachers VALUES(260,'محمود','mahmoud','scrypt:32768:8:1$WRTXvAkx3Tt1VvOZ$1e80a2e649c7b3bf6f1c549bedfdfb575f0581a241fe2db2b1c13a0cef5314f68c27788d86bb903f61a1eef523f6439bc17a711761d0e8c8f88c04d2c67dd152',2);
INSERT INTO teachers VALUES(261,'منى','mona','scrypt:32768:8:1$QSZZd29sGS6Qg5Uu$f36e1d473c2c2696aab4a8d21378ae20176e879db5070f54c1ee8e08f6a011c05f7235252eb8f4f0cbc322023310f992fd752509f4b768fb64a91a090512c66d',2);
INSERT INTO teachers VALUES(262,'أحمد','ahmed','scrypt:32768:8:1$HprkcUM0FeWaGjP3$c975a57d2227716c4f55c6d52f8b53bc1d45dd68711480ac66313bffb5cd342ad72746f6ddb1b67651517845085df4c6a586f3e1f56de4c18edab180c3b2bb17',1);
INSERT INTO teachers VALUES(263,'سعاد','suad','scrypt:32768:8:1$eOdYKPZIzyzQWaKz$28de5cd1dd219e36b36f621506cbb824310681ef51e8b27038369caad93099b7a271dc5d0d25dbdf89e6f621f632394b037d7350d688ac4ea6b1a16fdf45fa86',1);
INSERT INTO teachers VALUES(264,'محمود','mahmoud','scrypt:32768:8:1$JnkPOc3tpD1JdvrS$dcfd80b66513d250f37c28742cca129b1aa6db9536872064c6d25e8d5f73b13a4e99e1ecb5c4b07df547a2a44bda2c55f09bc58e4e1da052bcfb29d33f3fb836',2);
INSERT INTO teachers VALUES(265,'منى','mona','scrypt:32768:8:1$OqxKNZRVsLOzqnKU$d38c4bb4a75bd5c3c28b7da74666e45b6219d86b51e4fe843a02a2b7aac9cabdaa09044c00121f6320438b67f7f3daa136714e9c388f2f2f91201e8c8dba8e79',2);
INSERT INTO teachers VALUES(266,'أحمد','ahmed','scrypt:32768:8:1$iIUkRNxdr5sa4cRo$d1439f333860dc8935480dbde254c3242153d7b1b55edb60c3e9c4012eb28b964e40dd197fef18c7ad896826fce3ce3544b96bbc6193c591f5a11ecd2d11e9aa',1);
INSERT INTO teachers VALUES(267,'سعاد','suad','scrypt:32768:8:1$9QgJRv8Geu41ELuQ$5552e9c19ac4ab837ce8160b75a3d3d34b042d03dc59f3eb69831b2eab10dc32c533001f93d59491c57909ae95b07e26dc2f9f46594f001e852601ddc77c99be',1);
INSERT INTO teachers VALUES(268,'محمود','mahmoud','scrypt:32768:8:1$zD3rO7DD1izMotV9$89bc0e0418c02efc85a27a975f0030e0e614d80c4445c9cae24542467cc74ca0b92e748f6e8092abdc66951395744b1873a86b90b272c8a21edc721c883ce993',2);
INSERT INTO teachers VALUES(269,'منى','mona','scrypt:32768:8:1$wIPAN5XQW82e5v7O$a90fe97186a9f012bbd65e0a60c9ee372a56c47c81b541c949ce580f0bd21b7685d9e4955fe3f114afb88fd74c0a03056c245aef71c995e573940008364030cd',2);
INSERT INTO teachers VALUES(270,'أحمد','ahmed','scrypt:32768:8:1$0NzaA3jeHMVCr3jr$b9f9313827dded490fc06c1d2c61c3ceed9cc1a174b55e7472dc2505f199cceba6c6795eb4c69688dde2705b0c4ec82aaca1ce89e45ae2acfbe03265351f5816',1);
INSERT INTO teachers VALUES(271,'سعاد','suad','scrypt:32768:8:1$QFzAbVSEsOt4WAk6$43dda6da7e9e09ede35a0ef10f95e74857207d6834000d9b3b493db3d390ef1492bfebc4fde0fe1af084cad7e8879b0535dd510f39be18c5e30f8569a04bcaad',1);
INSERT INTO teachers VALUES(272,'محمود','mahmoud','scrypt:32768:8:1$esQk0c0VxSdj7soL$add9d9a0ea2b07755074ea321705cf0386ee51f773a80905e5d87686ee57548c55248e9d8e86f2e8dee8da8eb1daeb5d497bd6eb1ab7d0aafd9b3c1deff8106a',2);
INSERT INTO teachers VALUES(273,'منى','mona','scrypt:32768:8:1$ZiH9sBzQ7GGtOm1m$9fb517593f017118981e7a12f8933c7be2099eb3464247e8b4807a109f156160e8a3daaf6fd645a6340615e5e8c32f66caaa50ab96fe43198ab654da4bf1e6dd',2);
INSERT INTO teachers VALUES(274,'أحمد','ahmed','scrypt:32768:8:1$O2TVnC4cHW9jjN2r$50732d580a4b8d98de18d6d77676ccedc33c6f525f0a54008da209bca272bd39d013eca08892af93b24ff1910272496ccfa968ae539227e3bc825405988529e2',1);
INSERT INTO teachers VALUES(275,'سعاد','suad','scrypt:32768:8:1$sguTqdbYAvmCUvOS$07bee24cf131e94a319490d570119887a7464dab5166e15a8c2586d3b43655ada809978f1416df9efabcaf980db37aa515340e8bd27da1e596aa45f3f8dc939a',1);
INSERT INTO teachers VALUES(276,'محمود','mahmoud','scrypt:32768:8:1$FrLkfHN1YPI31dEM$ce513c8232ee3f4bd40704a92264ffb33f4d723a1949a4ea8a8087a9b7ad54fc594c8bc483135628fc962d163035a95480b2dda298e9313054d470e19374967e',2);
INSERT INTO teachers VALUES(277,'منى','mona','scrypt:32768:8:1$tCPMtmA636RExw5V$487b61b96dfd8dbf2673ea7bd74345d6b8a0eef843f2d904b4445e493e9daecdfbcfc2fa1ce83b065cd4a054a35a0da012d571b13e11fb25189e4f25d7a14ce9',2);
INSERT INTO teachers VALUES(278,'أحمد','ahmed','scrypt:32768:8:1$jucEXvVNR78CdZpP$8b7136218b3ff94bf8573ea47cad859b9e44eee2408ca0fbdd6c04f0685626819dd5b06ea11f5258f168455117afaf0f8ced84552b72c653bd98279cc1c823dc',1);
INSERT INTO teachers VALUES(279,'سعاد','suad','scrypt:32768:8:1$468QREG7Ky6Iep8S$bf2b088b293921fe8b167e0bc9e0f273c620d04a6b0b842545095d7c0ceed90f12307e2fa3e2c24989d00d0ae290414882900e8ee721516b852b9dc7770d074a',1);
INSERT INTO teachers VALUES(280,'محمود','mahmoud','scrypt:32768:8:1$sN4Ru9YU7KZq98Ol$3cb6853daf8eb303d49708e7e55725745cbd69b647c505711aee82d915ded06f4bd03f674a0b0826b459c5a39788936cb42042f567427edf749e9809263bab3a',2);
INSERT INTO teachers VALUES(281,'منى','mona','scrypt:32768:8:1$OzSKYp5qRTgpHjg6$d9faef2867082ad7f13c7417ea2ef6e1d01b674c240acbbfab79e60e0d3a511d45d6d2d2e0b3d5bb69939c4babcb0ff0dd66dd9bbb4878f54e0f73692372bfa0',2);
INSERT INTO teachers VALUES(282,'أحمد','ahmed','scrypt:32768:8:1$VgBebqV1dLCSU2q4$fc6827354bfd06ba24e8eb110c1b6207bf4f4615c244df89dec8157e7be64df5a249935d6be7341efcae247d8ea6c96c7870dcab17481ccc9cc2c8e4215606ca',1);
INSERT INTO teachers VALUES(283,'سعاد','suad','scrypt:32768:8:1$jn5ees0yhLmtRQgF$3d1a5cdc71960bc634a94235f47cbc64bd4229a6f1c5e16d5f4f84a6bdf16ab8a05c5b1beb0914fec3bc81fd8d6a1e60e05dd7f122aa5a088f682812a3fe767a',1);
INSERT INTO teachers VALUES(284,'محمود','mahmoud','scrypt:32768:8:1$WGdBhhCa26mh2kNH$5da3fcc6f8893478100f22a6effa9fc03adead9ab812efd79ddd9fa9f11c6c8f1d56067443f69d26a37715fc712ee359c09f25c87883b253d5dbf1e5f9ecfd6e',2);
INSERT INTO teachers VALUES(285,'منى','mona','scrypt:32768:8:1$SBLoZocOPRyKs2Ch$7bd91b3a72dc0743325fa9c4d289479e3019ffe0494e435ee493afa901ba17734caef8ea242122f74b5a9312e7ed20357c8186f0687779d9d273ab5d12dac74e',2);
INSERT INTO teachers VALUES(286,'أحمد','ahmed','scrypt:32768:8:1$hAhd5AjTEN7ds5xO$c1c947a9904447163eac6f071cce1df89c081d082d32e9a5d0d367358cfc461633bb6ce5254a0345a74b7cf239159ca5b96152570a9caebb208ab81befbe50df',1);
INSERT INTO teachers VALUES(287,'سعاد','suad','scrypt:32768:8:1$2e3RuUzXpdbpmJtV$9d1e553aa1d236bcf16c8b01144d0ef51bb58a118b5d82d3f022c3d8015913eb158bd54b2fb61f056c669bb912131aa31d37de742368b2fe0c2cf2f7beaa014b',1);
INSERT INTO teachers VALUES(288,'محمود','mahmoud','scrypt:32768:8:1$YXZkzhdoChKvE0iv$e826e9c6b8918a3107f48fc1015f859eddd21834517b7c0f78d9b3553486131458cf297825de54bc59a68c876dfab6dcab13c6f5489a28b758521eee866e200a',2);
INSERT INTO teachers VALUES(289,'منى','mona','scrypt:32768:8:1$95zpLIWtOY1YFYzs$384b98c422148b3802107fc613555c31c3db3c3571638f5af73eb79e2d0904897c23fca7d080732b16b7d7cfc3612615a65d1be615bd57ed2691306899b6e17c',2);
INSERT INTO teachers VALUES(290,'أحمد','ahmed','scrypt:32768:8:1$uvX3f8gqjW7Raed3$2e552a2cef22d38af7606bb13a5633907c200f775c1ec8d672d51d1a61522286e420a864da3cd06b0f4635a2bb3283b361020670419a104b8570fae643da04cb',1);
INSERT INTO teachers VALUES(291,'سعاد','suad','scrypt:32768:8:1$9oA6pyYAmd8v1FuV$0414a444e3b0bdfc3d6d76fde1a66e7c66c7f6d9c1a90f8084fca003cc9034fe5612019942b03485fb040ff226db8763fb373c1cf22fefbeb514e16ce18932e1',1);
INSERT INTO teachers VALUES(292,'محمود','mahmoud','scrypt:32768:8:1$WBQPMWFop83fxsuf$6950e2a33bb175912c944a5faf421f86e9778247aec99a1c867298fae8a47627481730458069557f456dd98db5d8d4f6dcfc5bd28e72543c24c2774dd40a1115',2);
INSERT INTO teachers VALUES(293,'منى','mona','scrypt:32768:8:1$yl6c9Agl4iVjV2y0$d7b80e488e340dc93cb3c4943ea684595beb174f84d024deb85371b55358bea1cc21b637fa3959825142903f5672b766ed79c7a01696cb1a923e9bb6e7ab52d3',2);
INSERT INTO teachers VALUES(294,'أحمد','ahmed','scrypt:32768:8:1$ktQjinmpXjUr4Pcz$ffcba51d7a28d2d0f023bdf93948f78e2a86e47e4db6efda2b2423bfce1889f142e48b13941c0bfdac1c2604d2294da3afd18c9f179fe9e91404f0cac38b0d3e',1);
INSERT INTO teachers VALUES(295,'سعاد','suad','scrypt:32768:8:1$Mo8OVxo7vfK1RkSq$c3ef33977b86ff5ec2e64c79b8dffef0548d11bdc4feb71d086d04ad37910ce380f449120a0168725af59a5a01777838d0b1eb99db3e50e103d6fe7abb0740ac',1);
INSERT INTO teachers VALUES(296,'محمود','mahmoud','scrypt:32768:8:1$rKn8UUU0aV1F5OfZ$5fd28144a880eca8ef50076cd5e57bd342c0d3b70761616731295ad4887cd86792041a5e0630592e6a71d5143a97a90c4f86ec3d599bd0318d9be2c9fcf5cc80',2);
INSERT INTO teachers VALUES(297,'منى','mona','scrypt:32768:8:1$g7OShvcLENBRH7oi$22090d48fa77a1f5c759a6ca0b3c9ccc656fe9825903b9bec473e0286ba25d8c380906068fa1c0f4be28b761558508ded6c080c377e2000c330f9ac3b7377366',2);
INSERT INTO teachers VALUES(298,'أحمد','ahmed','scrypt:32768:8:1$Q4uCaIiOihdBOONi$20b73ced48af1edb8a31764ef01602f5505d5c46da0a9013e7d25e8acd9b494bed6e7d8c562f16b53ecfb8f15f6867124966c507b9b47e4854f6f1233879fa79',1);
INSERT INTO teachers VALUES(299,'سعاد','suad','scrypt:32768:8:1$dXrOWnkgBxwwpsFj$8a0b0a392d4b6a74941034a4562e6fc61aa878fae4cb9152f51a2fb06694521e3d66e9086eb88a55e1a75fdee13b435dfa4e05513209ca13502f63a0c960108f',1);
INSERT INTO teachers VALUES(300,'محمود','mahmoud','scrypt:32768:8:1$qNznBrFFcz0BnzoZ$3c781c89614b4bc07febfb8b2ce67cc86b907d83c4330bb1e27ecb68d60d364e57ea0902aa36ff35ae4802b75feb402f5f48b766e8b65b827a2ecb96d153ffe8',2);
INSERT INTO teachers VALUES(301,'منى','mona','scrypt:32768:8:1$RlBJQP9x9nI85w25$1cafcf1946fc99cf2fe1d352dbf2df9ae2e8470109c46da927d6eeaf15187111140b4ebbcdfa43127cbb375d9c9e47bddb7a6ebe44ec75d468f10ee9400a8c1b',2);
INSERT INTO teachers VALUES(302,'أحمد','ahmed','scrypt:32768:8:1$XW4g0CqscLYx2bXe$aaf8031b9998b860ae2a0d7667b38e5b38b7dd55a58f490447fbc7b8b0ed447577d6f6b1bedcc6df63464a923345673b6ebb8d6a66f965e32e1bdd55ba487f2a',1);
INSERT INTO teachers VALUES(303,'سعاد','suad','scrypt:32768:8:1$eRVGRvd3dcfgFnXI$377ee644f9e838c10c5411b61b767655ccaffc5aa44d876dc4c597ba32819281b7847cfc2578848b9a1b110da5f132200babe301ff4a313b7b139aa3ecb543f4',1);
INSERT INTO teachers VALUES(304,'محمود','mahmoud','scrypt:32768:8:1$bVv9JEt3XvrIUpZF$d522b361d941bc4824813b47cf4751dfc6790f254433554007880f98ddbd6242da19d9199a61fd6eec96480e214100b98116936a939ba46c27f8d44250c1f753',2);
INSERT INTO teachers VALUES(305,'منى','mona','scrypt:32768:8:1$aZEnCFhcXYG0b4sO$3e9152fbc9b8380b29bfc0cf1797810057a253bd99e6acd2f33ec7102279b892638960665e869c6170c7c004d56da7caa0fee438bd68290c73eddfd251c4223d',2);
INSERT INTO teachers VALUES(306,'أحمد','ahmed','scrypt:32768:8:1$NJg33qTdxUNgErMX$6251deba039b470075b6cd3e32ba5d5d35bd5b5bfee8bc5778ea1cc67441a8eb4df0a7db10a3740ae1e55935ea528f01537c72a586d0bbacd6d87e9495f12e7e',1);
INSERT INTO teachers VALUES(307,'سعاد','suad','scrypt:32768:8:1$394PaPcpCQzjU5ak$7ff6de4fc5c5dcfb64251cf15a37c7aeffbce2fb59bde2bf05abdb01a87c71c68a131a4dce03fe0c6e2b9b2458f1f12f5388dbfe2d13d8636a7c9276662a9612',1);
INSERT INTO teachers VALUES(308,'محمود','mahmoud','scrypt:32768:8:1$6rbJZXh0m8AUGNSO$3a5a060a94b07cf1f5496c7b1d99bf3764b3bb61270d0698ab793dda430a6f70f213d4dcfef3d330d5b135e592ab6eb240bd18cf7d00cbb8694791011b60559a',2);
INSERT INTO teachers VALUES(309,'منى','mona','scrypt:32768:8:1$d2WnAZCpO1bgKVoQ$82ab19801990aa9fc0429a9ed349bfe9de0ef45676ae35bb9621f45ecf1d506d2be21778f5218d2fd431366787b3c236c5a02380dcd873f977c042b2ebe98cfa',2);
INSERT INTO teachers VALUES(310,'أحمد','ahmed','scrypt:32768:8:1$e73RZEOQkJ7KoOsL$17f84a0787caaf5d0f9d8186ace759a9ad231d8ffccfb4e859f3a31ce58cae35e460b142d8381c34baa6190f42054e6b98b2480d1f8bc804ee74d1050b4918e4',1);
INSERT INTO teachers VALUES(311,'سعاد','suad','scrypt:32768:8:1$fi3uHJhxVC8dtWik$773a1b41a164aaf216916ef24a2ffc63679dc495245155ffbd1562c1f6f4ec9241196643eb345bf784c3aede3fd39040fd0c48a8559fb7b6c2883d089c8bdb8f',1);
INSERT INTO teachers VALUES(312,'محمود','mahmoud','scrypt:32768:8:1$w4a4NXm26Njki65K$d3af5a440c5ca1f4aad02bb650fcd63af8a4748e6c52189ce42c347f3cfa4cb8d526ed66c536b0734ba1c14b03e6d87d34c814d6ada7c057bd58f4c831e1de0a',2);
INSERT INTO teachers VALUES(313,'منى','mona','scrypt:32768:8:1$oByuKv86oBn7KfiS$2e37f567eac6522dd287e8f8ff90e05db6e4edc7f08ae2d8645ea104cfaca045837c8267cf302a85d7b217bde680e1cccb949f093f5da5b352287b97f9c2ffe4',2);
INSERT INTO teachers VALUES(314,'أحمد','ahmed','scrypt:32768:8:1$dxKbzkVlxeX2NiVA$8bb555915c898b6830c6c17ac3a72cfba441a77d196e4878cd03fa16872c3afde4ddf5e7e39a13e461dc300940ce24990022cdf26ed656489b3a0912547c3b76',1);
INSERT INTO teachers VALUES(315,'سعاد','suad','scrypt:32768:8:1$KhtBtU3N491Fpq2i$54dfa19019bd4daa4ce02ac2ba8a258a9058f4743b902d13ea3f249f5d5475302777899a61b30eea4f6d7070cb87ec5500eab6ea97c9ce29a7405cb003e34d6d',1);
INSERT INTO teachers VALUES(316,'محمود','mahmoud','scrypt:32768:8:1$DRItYNWHfF9q7HOc$2237eb93ecd00b2caa0f522c67303a769c01bcba7883b3919080f04e9fb695f8856e1d66f26f3e6b29088f08b2ed0c0a9be8e0b11c24478c3fd5a45a4589ee9a',2);
INSERT INTO teachers VALUES(317,'منى','mona','scrypt:32768:8:1$p8IOVFjcXwW7LCgb$1d7b4e1386f5a623da7f9cc578525eca8056c4efcd4ccccbb715b45eec9edf4fc9d78cf08c8b6d48c9461195eba8de561b146f6102d894f0f47d243375679c5c',2);
INSERT INTO teachers VALUES(318,'أحمد','ahmed','scrypt:32768:8:1$YNG0wyCWicAF7xMx$b429213c4842c88a87b55ff5caf0e93480f43fb030aa5efe4e18b7fc65abc1ebef18dc8beffee7e7198af2a71186bfa727bd67df4c9292826015103ac85c6978',1);
INSERT INTO teachers VALUES(319,'سعاد','suad','scrypt:32768:8:1$uxLkxmmi1YgwIeX5$d5f0c682d4eb38939a97faeca1c6006d886728dbd4d5ae325786f139b4f60c1e1c1aafe3ec6290e52c8c7aca5b5e7eb300d2d269c6f9515753eeda0a9c7e0113',1);
INSERT INTO teachers VALUES(320,'محمود','mahmoud','scrypt:32768:8:1$5kvz8GuJLnlqIMsR$1246dc405eda02d90bfcecc4825fcafd27f86827ba037d07b7284d72a46d81f5626d8289e7aa3b35bb0ad88c744d495ef76bb40d5aa12573bbb06d7d4b3fb6cc',2);
INSERT INTO teachers VALUES(321,'منى','mona','scrypt:32768:8:1$2Fvt9gPfXEuotxT1$b05a98eb74337996c1402e4c3e26758f18e402b9ffd1d37d6abbac20f14f7a6a8a3fbb9b730ee1e8eec7369e483bd6015d4977d7acbd2f13651a13947cc7ec8b',2);
INSERT INTO teachers VALUES(322,'أحمد','ahmed','scrypt:32768:8:1$YXOCXpL0Ac7bnepE$e87ce46a131d4e13da5cc762f8bb20455c889ca83157773ad98c011fcf53b6053fc6e39c5f69eb9b564198a0040b6663f7eb20edaf4c627832e250ef3a5813bd',1);
INSERT INTO teachers VALUES(323,'سعاد','suad','scrypt:32768:8:1$4Zg4Vp5ZH8ehKUx2$e78f7a10b0d6244491572b96573394a4c5fa81ec5a89b317135349b01317501707feb7578c0cae90826e9cbbfc29058e663dd5740189ff33829840cf2400efa5',1);
INSERT INTO teachers VALUES(324,'محمود','mahmoud','scrypt:32768:8:1$42SuSiPzeCpIf6XQ$b09c467fb9a246e6beed2ef524f0fe5e1e67a416779e7606046285ea6707ca64253f641afbbfcef81637204abb520809865b04454c48486567df011682b413e3',2);
INSERT INTO teachers VALUES(325,'منى','mona','scrypt:32768:8:1$GTgDXD3hCVc2YNfm$6667fc38ed7209725466ff23c5af0faaef7ebaccca988235a7ad69c35530db97792b6ca79d037eb922fcb266544e586565b6728601ebb5d19e1988bc3244f0c5',2);
INSERT INTO teachers VALUES(326,'أحمد','ahmed','scrypt:32768:8:1$bb2IX5k895yzLRlm$79e284f6c28d21726f779b05586f937f3cc983b8822cdf31ad454274326778e1c6c856abc1af4b28b1517ce46f47e4719c4b4f37d499ac6483037ad1ccee3d84',1);
INSERT INTO teachers VALUES(327,'سعاد','suad','scrypt:32768:8:1$gbGTwjtP123rqoPl$1eef2f52be133065efd1d2dd553c61810ec1440310cf3cdb7eee2ccba945e83a9a3af2002075b86b7c7ce6e02aec508f29d0bff74157f4edf1d48094d61837cb',1);
INSERT INTO teachers VALUES(328,'محمود','mahmoud','scrypt:32768:8:1$GWYXE0EQVaup9LtA$0ba4553c95621a977314e1f48705edf398f8692b1e505abd7d518b8b08e464661a0443a50b61ffe33dd95dd149567108588620f5cf01557f2f263a81e6986663',2);
INSERT INTO teachers VALUES(329,'منى','mona','scrypt:32768:8:1$1SCG6vTMptPHbEl0$958eb8dbd77294729552d5f974f8d4a036c24d31aa5100c8ba686e3bfe81a8fec2e34648fe54c676e020d1c4292936d59bd3f31085bbdf447f56a77b1fb279eb',2);
INSERT INTO teachers VALUES(330,'أحمد','ahmed','scrypt:32768:8:1$sZXmzXL4JCav0KUA$1220d999fe2f36d6fe6f890f810b18b0fe0bed500cfceb81968f528a6aeaf41685a7568c6fd25e5bf48f02d65ecdfadfe8316599d17006cb6f9b31f003f5d3a7',1);
INSERT INTO teachers VALUES(331,'سعاد','suad','scrypt:32768:8:1$lkFWU6YuAqaNEhgg$af87c12b1c174a6552f86a2360dc196e0058c0986d199b6719812448b31e36815377d245747ddcdcea2dffa48e1015c9a4dfe6af66d22f126633f976419240f4',1);
INSERT INTO teachers VALUES(332,'محمود','mahmoud','scrypt:32768:8:1$kCRoHT10STjkg2ED$d74aab6ff46f612dfce114bee2890cf94b438dad0faad8f818c299a6f46bc514b7b4b662a4d63b3c21b94b2546be196dd74652c507034117881c8e05fe0bb135',2);
INSERT INTO teachers VALUES(333,'منى','mona','scrypt:32768:8:1$9OfMYs7mzvuUsiEX$8768984ddc294bcc2f6d00bbc685197567a389bf122d41a49b85f74d6b1918fb47d82707873479f35553407ec607394e26ea429b3521f5b816d5c57d7f507e3a',2);
INSERT INTO teachers VALUES(334,'أحمد','ahmed','scrypt:32768:8:1$cjK0r5fwCqeD3Lt6$f6d7e1a1019e5f73ca14fa9981f300e3fd27e10ebf08ae5a0b141502c94bb7d1ebf30ba3917abeec8c278d0600b8d19ce4c7b0a58a1cb0ccf3dd8ad8894d422b',1);
INSERT INTO teachers VALUES(335,'سعاد','suad','scrypt:32768:8:1$BaNqkZmsRECSaXot$38255452ed74775d8de1c61b986dca976bc49773c22fc356fa8ed06121c4bbcfb74891fcffc6e91417bb7a9e82a326b98137524532f030015f453ba7d336f7f4',1);
INSERT INTO teachers VALUES(336,'محمود','mahmoud','scrypt:32768:8:1$moduuXdRlN2Gi3w3$c75f3e30580c006f1d1b0e668e2b899bbd33e36abf49b64c251750480c28bf34825e0e73c546a82ed1719a90caa50cbab58ff97da973734a9e13bd8a25803a5a',2);
INSERT INTO teachers VALUES(337,'منى','mona','scrypt:32768:8:1$FFRmOsFjngZVLCiS$766fce2d67fc47ce91a0b0f563d79e70c2dc5e60d85becd83852ffbda6b079723ece1c1441d9ef87fe42aafc40fd2c08f38eb6da2c9ca6ce1f56c2b88205a391',2);
INSERT INTO teachers VALUES(338,'أحمد','ahmed','scrypt:32768:8:1$f512DFI9En6vLBQo$84d0ac1d7eae1b708eb5654f8f21b61e7423ffe1196c6bc984297e145c313fe52fc2f300cfbf4f1b44e0091209194760be6029b1e93c37fdcab1e6f049cc6e78',1);
INSERT INTO teachers VALUES(339,'سعاد','suad','scrypt:32768:8:1$eyes1GeCKsqeAanU$f0e6734899f7958d2921d2b8f05bd08b7ea24e86b08c85d835c74256c7b1b9fbdd16dba11c80a93eb7d05932284afc12eba8188c3dac0c24e3064f37d8a8ea1b',1);
INSERT INTO teachers VALUES(340,'محمود','mahmoud','scrypt:32768:8:1$p2Q7OTQoAJXUvvZw$bd83f05ce2ea439ddfe31ff3b14bdecef935b8d71477f9db84c98344d238054431766d7d01c0b2d961b137069ef3037c7405d8eb3c546510af4d110c9afef2c6',2);
INSERT INTO teachers VALUES(341,'منى','mona','scrypt:32768:8:1$ZtNilB4gO8UPjuLH$f6b286ac091b8b1cb2a35ebc4854166d202885d8d16a76e456e3ce7ebc4526637d5280c8f169b09b02e597a235ea33384d1c23902d1de0b77ddb969a54ab2538',2);
INSERT INTO teachers VALUES(342,'أحمد','ahmed','scrypt:32768:8:1$s2fQ6qVOLAf5Mq8z$6ab89cfea536c5b060bb235a898e38abef0da135a3debd5619d78b9a751a0ccab2b1ffa454c24f4cca67bdcf641c7c3c95cd9853e392c39910e39f93e651d357',1);
INSERT INTO teachers VALUES(343,'سعاد','suad','scrypt:32768:8:1$3L82x6dGdbSvUznW$31441fd6bf597a77a8c692a503b5625b96f8b320189a783466e197a5faa3510ed81c777425fa75cd31a0d9cd3c17f4f7944f13552c9aa57b56612db422701bb6',1);
INSERT INTO teachers VALUES(344,'محمود','mahmoud','scrypt:32768:8:1$bW0okWMX378GhFKy$de81e7e0276736b64abc8d5e2a31baf49398e537ab96732aade0027dc31557f663e5f01dbbb8953f6f47c79eed069bd41e6a795d540a61c30f7eaca88a928efb',2);
INSERT INTO teachers VALUES(345,'منى','mona','scrypt:32768:8:1$rPaKKIvLFBwbih8d$f051bbeff9e4e371208ccc712c705fc6d30b8668b5a718e69a76a9c8cced011f7ad0b0c66f3d03dcc6dd881fd58e5fecfdb400c29d631073328436f9491addba',2);
INSERT INTO teachers VALUES(346,'أحمد','ahmed','scrypt:32768:8:1$i9JjCM29GYi0YhCa$a2077830d249465697a201c7e7b7abe10436c1b5ee60abc985a158ad4c0980b0ca61a1533ae9fa50553cf9c5928293d763cc05db9fa2a84f69881bcc7a7c9553',1);
INSERT INTO teachers VALUES(347,'سعاد','suad','scrypt:32768:8:1$ylI29AgZImwZajR7$5e2267672d09fa7bc55791dcd713837cf6cfe1a19706d0b3d3a98c615dc7a109c45d837a0fccd33b3575175e1a390cc82468ee8da74ee3439f13a0e188aa3894',1);
INSERT INTO teachers VALUES(348,'محمود','mahmoud','scrypt:32768:8:1$twP7v2W11yKCJRHG$4a09429bfe5e33e7576cc7369da58677f6e8db80158ee172e53242f171391d3fa0f440339a4819d930c27607b268c0e72765f1af3dc12623580f104b8dd06e62',2);
INSERT INTO teachers VALUES(349,'منى','mona','scrypt:32768:8:1$FuG0E1LMN022EQfz$eca51a38dd5db561c50aaf6fe6f79d8da7de91593e6cb0d8759fcf62c664cb5bdf15fc7ace734cfca28bc2bf75ec5cb1879ad7bd7da44a45c1c78c73153f3950',2);
INSERT INTO teachers VALUES(350,'أحمد','ahmed','scrypt:32768:8:1$V7HNcZ2TFH4Ae72j$57f023d45ee1af71a000524c63e47c568c7511fb0df4bd2bef612e9ebba345b55e97a42a21d3363564685b1dd03406f4171ba11c28536156b78f782ad7711b14',1);
INSERT INTO teachers VALUES(351,'سعاد','suad','scrypt:32768:8:1$50jZYZuUGwQCvEau$681551fd88663b36c1bafc4dd368506bfee00ad99d051c8fa3b3cc7a0248f5ad3948a76bd9af6eb3d76be18d9dcb9efd3cd296f63d455173e6f859364463c23a',1);
INSERT INTO teachers VALUES(352,'محمود','mahmoud','scrypt:32768:8:1$zQfdPVsaksEDeo4v$3d3efa57e04b439e67696d4a0af80e9adc3f6d61ecf590c224a1dbb67d4efca8910b8e92eff3947e5b840bad048317025d850bdc4845d2bf346836d9f0249ab6',2);
INSERT INTO teachers VALUES(353,'منى','mona','scrypt:32768:8:1$PDvuS2okXAoAcGFo$c1a62a415b57269a0c781bb8e14e46854e8d71162a85315e6b3569b451b62cac242f8b1b8fd51288513ac2a35ea7328756f3328cee5511df635fc9a200337676',2);
INSERT INTO teachers VALUES(354,'أحمد','ahmed','scrypt:32768:8:1$GouFu5GAttTSkh34$28add143e67ad2245c0eb5ef505719c93b464ce362af546d0fe7ec09db7300f043cb3a7adad6245e1059777d72634aeb107bf13da7599a13438024f281275b2f',1);
INSERT INTO teachers VALUES(355,'سعاد','suad','scrypt:32768:8:1$SBLSQc9GP45a0pbs$d18dfd0c27b74f56d986a6ce32ca7efab7006bec2b0191e6bb4586b3ababfad99bede55f6c72fd19001e0b9bf622f48d3d5aadc52d019c47cfb3213fc95bd02b',1);
INSERT INTO teachers VALUES(356,'محمود','mahmoud','scrypt:32768:8:1$WXaJ2mZ7XnfBz61h$9424fe5cfc6d8ddc6bed231983327649ed40638bbce8a63812986fbb003fac30b74de1fbae3244421a243551f60db776269914eb5097f783435029acef31f80c',2);
INSERT INTO teachers VALUES(357,'منى','mona','scrypt:32768:8:1$meyVTR6nctCD9dLi$4b087dd0fef2d35bcf7975b1f6e813375254b697f9b8038cfa4426a0f9ba479ee1efa5b5d494fa36987b4ab077de2f9c00c13bdb6303fb8859d4227ce420f30f',2);
INSERT INTO teachers VALUES(358,'أحمد','ahmed','scrypt:32768:8:1$NZ3PdbsiCYjFmPf9$ae2324dc23d2836c09a513d3a46c40bce545488fa2d1f9138ab75d97d1cf5a7e9ba45a45deacb3add3c10e1de64352eb6fd91422e6cf88a51b548f0500848eb2',1);
INSERT INTO teachers VALUES(359,'سعاد','suad','scrypt:32768:8:1$tEaBA7BG8oHeIGUK$06b4134a73f95c0f75ac57d38b203f2c96b0cb5caf3d5112119b7daafc1ff5c0042abc1959f986098d034c92b4270f68e1f6071d7399098b549ad0b67306a983',1);
INSERT INTO teachers VALUES(360,'محمود','mahmoud','scrypt:32768:8:1$iLd26q4oCTrUurTZ$8b4923c4e06009d9cee5a4839e4f523001c10becc1525caf8ae3ea26e87801069e0fa121e481eab4f34ba7fca3e1d947cafadbd2aa8094a2dcc0833f398593fa',2);
INSERT INTO teachers VALUES(361,'منى','mona','scrypt:32768:8:1$3IQKkd3z4z2xCp8l$d51005e11cfa2454bf7b14d2abde80a2adbdaa044536075983d57d26bb6999432d35976ab503e4de0e180bc5d5faa556966809d787292937e24a43d965e2bc86',2);
INSERT INTO teachers VALUES(362,'أحمد','ahmed','scrypt:32768:8:1$JT7b5kwtBgfNsyF1$f9d418bade39722031a8259e97622b3393f0b4a72b8977b9404e31be8c310eadd9ae5e70ab64ca440b18ac6ee7f68ea98c29e38fb36107fb659580ba881a6e68',1);
INSERT INTO teachers VALUES(363,'سعاد','suad','scrypt:32768:8:1$gov0IaJrcqh5ZfGF$5f44c540f059eda5c67d7b8f942593a3cc2f2d1564d7f4509a6ef66c748edf2e0087c0f1081d62f773f47d57642f1292a3745a3272549dbbba06fd1f515ad45d',1);
INSERT INTO teachers VALUES(364,'محمود','mahmoud','scrypt:32768:8:1$ZXOKb2j0e5cNagdW$86ed752af2efff637e81bb045e3ac87d22993353b26c38ffc9f7855c77bcbc80c8df55c13c4469a22f0170a2f0fc815c85c310486d8d1ae9faea8a4a8689a044',2);
INSERT INTO teachers VALUES(365,'منى','mona','scrypt:32768:8:1$zJogEPg7dQFIpt41$af21d885aa6278635e7be63cd6bb041d1349e44bbe3add31e957415709e6ba776ae87bebb761f1f2d7578fed65fcba41daf8923a14bb300837c380f23c1128ff',2);
INSERT INTO teachers VALUES(366,'أحمد','ahmed','scrypt:32768:8:1$xjYD63g5l94GHw4T$03b4a049b58fefc49061593b06fbc882f1a25598f9d11c1d4e99c85f8c2f1c0c779055d5692405f39c5bdcea1d99e0bee35fac6c7dbdbb7b53ac1cfc2d114ce2',1);
INSERT INTO teachers VALUES(367,'سعاد','suad','scrypt:32768:8:1$oPgz3EHtrEitmKF6$487bd0b5860b124095ab64c08a873f088e7233c6632da25cc3a1a0357caf9ae19fbe900a1ba35126d1c938999c8abe13f89d1b72979d72a3723b234113012df3',1);
INSERT INTO teachers VALUES(368,'محمود','mahmoud','scrypt:32768:8:1$st4WV17zxigVXgcc$f6c73894c230f321497d5cbaa85b823d64e65b83c30578fa93524acbf8f9a19c0b7ed46a0fd4e1f35a29512d38c5fd134728ee14de4d7f02cb0bc8e7cd69f27c',2);
INSERT INTO teachers VALUES(369,'منى','mona','scrypt:32768:8:1$zTg4UurC210mmntn$abe968c1a654046b5b3c6c279a4b1c1484aa5a1cd45da674413259bdc3a8e8806bc811a1337eff0814aae17d29560129239974ea147e3d72752395e10e8b80cf',2);
INSERT INTO teachers VALUES(370,'معاذ النمرات','admin','scrypt:32768:8:1$6Obj2X7ChCLGhJuF$b2139f1f7c5eca105c522779909a120790f738b77970e94f4a68738902dc6a54db2902f11ffa3c9fa7fd36f5b5e5801ff460a212f72d7d52cfe4f04e7a1458c3',5);
INSERT INTO teachers VALUES(371,'أحمد','ahmed','scrypt:32768:8:1$Cxix2IW9WSleAg5Y$2c0edabcdef6484ed2a945b9abd0ad822928cb8089a998e1c789ea8eab2070b76de5931f762b01e119bd36501f9054555ead5bae53df2a32a6e5edfabc5cda9b',1);
INSERT INTO teachers VALUES(372,'سعاد','suad','scrypt:32768:8:1$Sd16U3d3NpRG9Hvw$034f46eb1d39284d1d23ff8be1ecb37ee0384c8e9d7e40ca5af4e54eb848466efd2ba990feffadf380c9150b4037fa61494c3511321e402d8cfc07a746efdda6',1);
INSERT INTO teachers VALUES(373,'محمود','mahmoud','scrypt:32768:8:1$TIpcfV6goim6iyEQ$f934bfb8d747cb9ebf073f3256c9d5940b454eb9d6dd88224cfb2d5eb2b2a473f97554ff217d75cfa8fcbbba0111dbd248a48e1eae938e03b59ebe3534f9ebd7',2);
INSERT INTO teachers VALUES(374,'منى','mona','scrypt:32768:8:1$rsgEYy4BTbpVVPR6$eca4fed16008ec7d8ba4d5a52d070e33b4e6d96a4cedf4f4a33b3e77adcb5eb258a65a7ed176822b0198d465d327a62413eac775ea2ea2d0eb1c452650ffea2f',2);
INSERT INTO teachers VALUES(375,'أحمد','ahmed','scrypt:32768:8:1$6kDlWOjKRowmxGAx$65488799ab9098cc0570994ee9e39043fa6c2785ba130c4d27875d3b05a96e79f05061a42db971c87c8808f86c1d9fe4c3ea6a999c59673f5f66774f585e5621',1);
INSERT INTO teachers VALUES(376,'سعاد','suad','scrypt:32768:8:1$QlDSuA20DceuYeE0$187a4c9747932e0ad847d94241e732db3604e2147b9c3e2561c667013cec06b0878d3c2bc068dad084fcda726d8a1571bdaab3a403c128295a78e9efd5da7af3',1);
INSERT INTO teachers VALUES(377,'محمود','mahmoud','scrypt:32768:8:1$VzxKn4IHTmHBvC0O$6a429b0432b063e767fc39163357c56e7551668150794a88c4a2dc6025247c71dbed909382f6bcbc0cce4ba8bf7ad201e04634cf612b3224342b57496e685bef',2);
INSERT INTO teachers VALUES(378,'منى','mona','scrypt:32768:8:1$jpvFUIkabq3TpStj$8360189a1f366a3dc89395972a7cd7054c21e11caed3a4e83999cf7b2902e8ea95709c8dd2356301b9cd3be27c8df59d1537666ec58e79841a0d3ca3e8bba6a3',2);
INSERT INTO teachers VALUES(379,'أحمد','ahmed','scrypt:32768:8:1$vgkdSrKue6CnKl0i$f8629b2a1ffc885c5e49983397ccb6ef7d67b886c93e065b2f99d563fba6a3ad3e18bc65bb6351b12490403ba0b09a71a8b17c3aa6100da93cf6e5258894adac',1);
INSERT INTO teachers VALUES(380,'سعاد','suad','scrypt:32768:8:1$YxSFu1v0vxyasJsr$871506dcedee5bd16d52f0cd4c0a2758acec768d786d2a3844be83a8a17695ace1d74380f3c56b1be91677157f7d8728861a5ab8c9424826fbf98ae8d2b16b82',1);
INSERT INTO teachers VALUES(381,'محمود','mahmoud','scrypt:32768:8:1$yNhydlsvaeV20Vef$25d088c64b117e4350b75d6b6c32dc5e945dcb54f01da6f52145cb0d77f278a8376af55cc81f9d1306385d3b741c95f668cc7976ba915134abd8fb56f8629bee',2);
INSERT INTO teachers VALUES(382,'منى','mona','scrypt:32768:8:1$9dmvD7EEPNf5Ix73$be37fc46d31b54a02a336e8269174ff4f1ea320cb8eb6afa0a9d1c022c0ea3ea9d53e35843219d95ea6c351436c37dbe8e33c444efbf9747621a60a4e9bafc37',2);
INSERT INTO teachers VALUES(383,'أحمد','ahmed','scrypt:32768:8:1$GFQh0906pozEUoVw$b6b8938463e4eefec296d9709b454aaf8aa1cbbe0677e5df7dc62ed67141a5c9b222e63ff8e90c4209de2b07b8d69c4295d650df2466792e4736c995de7eccf3',1);
INSERT INTO teachers VALUES(384,'سعاد','suad','scrypt:32768:8:1$TbdWrTAUMUJbv32A$19807f38062ccdcfcc79cd0cbbbe27ab556fddb99ed08cb15c2c04ea9c3bed42a39ca77c138ec0b725eb09d8b6fce8594ca964c76cfa2863813e6ec31606be8a',1);
INSERT INTO teachers VALUES(385,'محمود','mahmoud','scrypt:32768:8:1$Acg4PHnydDj7YquB$3fafd6b6f642c7f114dd2047b02b1d234aea3d0d6cc1e5a64276ea1ca6846dc937f1e2efd3a363d4ba34419060f212b73e2f03905fbdf127ba4f59942312ac95',2);
INSERT INTO teachers VALUES(386,'منى','mona','scrypt:32768:8:1$sQ47zg1KuHb4sfjn$17290dadecc770ffb1609c04476a3949fb27aa5323734881c7d99440caa5ccbc4109a048626ff7de36e6e3a9030140c057a0db3d6fc73f50dabc3186b35adfd8',2);
INSERT INTO teachers VALUES(387,'أحمد','ahmed','scrypt:32768:8:1$e3zXe1EXTcEJIi8R$718797fc7728f24aedbfbae732d62a8274f886c7cc9753ff17bc35603e945ba22bd24854c5b99320626f7cdcb6629dfe2aee300b1b3ba37001fe0f961019b51d',1);
INSERT INTO teachers VALUES(388,'سعاد','suad','scrypt:32768:8:1$0G84tungiGOD8qMA$33093c89a67a6c1f6ccc5393f5390d6bb16a3c7874e7bf55b533b03585e9bba0b885487a1f538da8a32e4b59bae91219c552fb21cb1913243857ca47151827b3',1);
INSERT INTO teachers VALUES(389,'محمود','mahmoud','scrypt:32768:8:1$cXebmm9cMotK0eRC$88a91712b8cd00ea1b48bacc2027c58b5fd2ee75ab9dd2aa4b7b226d91392fb2433b424e1cc80cb9ae37bed2db7389bf0c2992ddf964b36e9991a3f758851e63',2);
INSERT INTO teachers VALUES(390,'منى','mona','scrypt:32768:8:1$41rE3JpsvVhtIswF$d7620fc2ba7baa03450705c8ba56d76c8baea8b4808feee6789d732327ce964d867b3290d5db51d3ef6a4a260c6f087ebbe288f496da4cde10655bd7ad299bc1',2);
INSERT INTO teachers VALUES(391,'أحمد','ahmed','scrypt:32768:8:1$N49acw0chka6Ud3h$a06799f60adfe9583606e55fb9c5e28aa6779372b35ba21599bb8bc8f5f890381d224425fd326f28b01c512abc29adcc67a5b287a3befef76f62b9da8132126b',1);
INSERT INTO teachers VALUES(392,'سعاد','suad','scrypt:32768:8:1$mBSUIjwD699epyLD$2fc5567641de41ecc36cad7878f9e40775e2896b784a801eecc7c150d967b833c0f75ab7b2baaca10a6014c035720cf19689c57f3a8c8bf5a9f6b89c423d7b0a',1);
INSERT INTO teachers VALUES(393,'محمود','mahmoud','scrypt:32768:8:1$8mGTlHVISrC5O6PY$ee89be4e0dde79a0543296ea1ab204986ac7739776a24163393687222d5f8fb1a13d6cb1e1422cc893f6a6815b1f2de84544c323b1e663ef1b526c28a066054b',2);
INSERT INTO teachers VALUES(394,'منى','mona','scrypt:32768:8:1$PCbVCMAilmsC38gX$d5faf0d0d81101d8333341437fabfdc35463f35dfaccc20e14a2f2791b2144b9b91126799f93731e12fdaa5f3e72cc3dcb0027d87d3cfac809dfd1d0edfeb108',2);
INSERT INTO teachers VALUES(395,'أحمد','ahmed','scrypt:32768:8:1$voCXf3tTBpej9tYn$3f91ccdb7a3bf178e1392d915cd57647b05a76231dfd608fd23afb4d45b9d69398078a33a4e68e91b76f891382c82c1c7b273291b8b7c5270adcff246e24c4ec',1);
INSERT INTO teachers VALUES(396,'سعاد','suad','scrypt:32768:8:1$X4jg3OXCqI5E4s7h$672477c8b2886787d6f97dee74f07bc9b7feca2dc249c7b3a4f0000b2b6bc45622c84ed9056359277c930aa3a5f7e2cc440d6c7cca0e5210f2a0b63c10be9e22',1);
INSERT INTO teachers VALUES(397,'محمود','mahmoud','scrypt:32768:8:1$pajPV0izQjc4Z7vS$66ef4c8e48cb2e6d9e37d342b0e64369329d51205cfdd86ccc2c8b292c2e56ac6af49d6e97521236f91f3bbff73b23fff586444572111836e534f2fec1f42072',2);
INSERT INTO teachers VALUES(398,'منى','mona','scrypt:32768:8:1$ePnhPBYiAKkfxXIv$03568af7ed7a8f23a75bd95b42a91e807fb8b869537691636b1c29d2d2b20ab8c058712cec9b3a59de026d23986a89d0bb83f02848e067cf6a5e6b28eb20d705',2);
INSERT INTO teachers VALUES(399,'أحمد','ahmed','scrypt:32768:8:1$R8fjeBfClVBOraLd$50a334961cea400876c8e3d18b74018bbfc18c6c21360e55af7458a44091c6be0dff739cdca97f477a56f673c98a04e3365d86e2584873d459a96ec96c25a5f3',1);
INSERT INTO teachers VALUES(400,'سعاد','suad','scrypt:32768:8:1$0MyWRzQMHbsA2ZNR$0722c80f435a457f532ebdfa8234c84d30a75429d3cec6d5a426b4cd13ec5c16d72ad2ba52bff0ee7cb9205d3e971b24eef1d5532395018dd3df43bdec3d8356',1);
INSERT INTO teachers VALUES(401,'محمود','mahmoud','scrypt:32768:8:1$snlyuXoU1B9gWOHT$d52a3344ed8c7eb9b53d1e47ef6b2fac5493558dc1f6e4324416e6977b5e512bda0d2558bbd73d866ebda6c4a4fe2975aae81178198398742aa0a024d87baf4e',2);
INSERT INTO teachers VALUES(402,'منى','mona','scrypt:32768:8:1$NMwqYJCyzDYWuWWg$474bd2602cdb118f9cc1c2054419203ed14049bb7bc708078e71b597aef0ebdbc12fbebcacd30481c35a9eec1b32f39decb3e164bfd69b9f0c7c93561c3f906c',2);
INSERT INTO teachers VALUES(403,'أحمد','ahmed','scrypt:32768:8:1$onRGaMnrDYW2awiL$c6ec89cd23a6745f4d9a27bba960d6f44e57a5a00785cefd2487158a242fc51806bc5c49727d7543d1228617c31f1b4061472147bbd2609ae296040aac94b704',1);
INSERT INTO teachers VALUES(404,'سعاد','suad','scrypt:32768:8:1$NCuuuU66MzQIgACb$c9d95c6a989123406631ac1679f57e5ec023481491c1b3c724b95fbe58a125a1146276b1024b9f5fde8b349e6fe4e0bcc876e19c7ff768e55c9c7bb5eeb695e5',1);
INSERT INTO teachers VALUES(405,'محمود','mahmoud','scrypt:32768:8:1$oswleJ1QsqfD7tkJ$cbd7be898d7dd634740d2efb3e016ff44ad7c3a062809601f8483c58bad424d080466be5e54d60bbb58e2d3eb36863321553d48531b6a0a6f252c974345d209e',2);
INSERT INTO teachers VALUES(406,'منى','mona','scrypt:32768:8:1$DzfXzeX5eIWmIsUV$e0c7fac997bea39424f7b320b2f84ccc2770a68f335d5ea568275e7a09a98f433bd3ac535c3c9de873dd9c7cd61be7406df0f87278b11d9ced47383c4d9d8220',2);
INSERT INTO teachers VALUES(407,'أحمد','ahmed','scrypt:32768:8:1$KLUI6eZltLPWD6Bi$1a7898a4e40194ed3f75b2f51d2249391770976e36e18360f4387933a0bb38ef5d191630e9458d1e969bba5085c9c3e9a1f60850170108598b90c32479f2241c',1);
INSERT INTO teachers VALUES(408,'سعاد','suad','scrypt:32768:8:1$bBdPOxjRQSBUqt2d$ce71639dc0da8609ab01cd0f8fdbd4f3683ea75cb9c8916195e37a374e9e1de8407ac690fd0651eba7cebbf062b145fc8c8b4acc3aaa30245c31c0335973cfc3',1);
INSERT INTO teachers VALUES(409,'محمود','mahmoud','scrypt:32768:8:1$6AgcenaCfBFEiIri$34651ac878ebf0d19228ae319a01020b148a452d23d060a76902f8854b697420a1de323b0e0d8573db8835a699d83648d4238c38a0119f64ebee26c28725e189',2);
INSERT INTO teachers VALUES(410,'منى','mona','scrypt:32768:8:1$8TxlhFIfjzg5DqA0$4c02a5c589fcf7f440943152141c5b410720ddabf8291ab03f9d6b83fd3db0bbcdd6efa35cdea37e22ed7657b5de163ab8f3cc39815a7fc0fe8337f68c35d12a',2);
INSERT INTO teachers VALUES(411,'أحمد','ahmed','scrypt:32768:8:1$7HtuD2VzuVfjoWB0$a72aab370ee43cd20cf4fcdaaca838bc30b0ce954cbbd78e7af765dfc8430835aaf90b9fc9b479dc2b1286c0ed3e1d58880f0e4b98d6175a3a28a1250f764dd3',1);
INSERT INTO teachers VALUES(412,'سعاد','suad','scrypt:32768:8:1$LqB3pzKHgZOh52G3$6b68e039af822aee352101ee411f25658e741941d95cd50900701cea29b632324ed2a0377e60a7a75afaf7212ff42685f8974cd84d84554fa03e86b7a89f9616',1);
INSERT INTO teachers VALUES(413,'محمود','mahmoud','scrypt:32768:8:1$lxgozZ1pVifgws8X$6b9c28c40cbfea86bf2703cb9ce138b2bb4a4b5e81fdf0eb0898358f9e621e4223f50fd12127f5240ea175436033eb0ef737cf87e41cc2312d04a3176347d2aa',2);
INSERT INTO teachers VALUES(414,'منى','mona','scrypt:32768:8:1$6CsnxuVGnMUjENDc$b18c3356beafbe83ecae3ddac1584321fb9559581191605ea668792d59778aac955f83d335d7ad7231c270d95ceaa21730f3b05ee8a460d61013bd9a0c6547b8',2);
INSERT INTO teachers VALUES(415,'أحمد','ahmed','scrypt:32768:8:1$rDOiPabnn01UW3YU$50b1c04ed3205375036864e92e5ef7d72b1c1e1c173f6e23762b4d0a4c6965343692b9dd1606d562341ae60af2f7822175b950f7b4e8e22d95f91e57cdf13373',1);
INSERT INTO teachers VALUES(416,'سعاد','suad','scrypt:32768:8:1$asIg4oPSZlLsSK8k$a57a52701627202a98c7b39eb81fc3206f28bb78f324a705f29ecba78ddd468476ed007794d0ba30cd58b30b3c21fe3b5708c16ae8b662f09cda18352e826e84',1);
INSERT INTO teachers VALUES(417,'محمود','mahmoud','scrypt:32768:8:1$87oVWvgR6BRlvzQ1$f3ce53beca5a4a77897c32351e244804fd5290d670c43877cbcebdc087f0774f51e459c12a75edad34e73ddb04e6f4036f19afeeda67490f853ba0ee233a5202',2);
INSERT INTO teachers VALUES(418,'منى','mona','scrypt:32768:8:1$i6iRZkShpifKpJKF$23f5a10fc65f9f0e3e592f8bc399ece25f14ad3b062cf5a451b13498012a1e66ed31bad23710df11cc456e1a40c1e8f9880dde6c679d544c6fb339b0d855b001',2);
INSERT INTO teachers VALUES(419,'أحمد','ahmed','scrypt:32768:8:1$J1WBH3nnei6jUESC$61eeb834c688660e9fc5741cd516eae223b25961b9841efdeefec9a1cd649cf3b4fd1fc5d530bf4efe5c8af9baf5a271c32fbe0bdb5fb5ec696917fb91701d62',1);
INSERT INTO teachers VALUES(420,'سعاد','suad','scrypt:32768:8:1$E22QKFq6FBl633E6$a57c6746e64fd3ada5dbcbec401703697a87108c0b3131948db6834774f79165e32b76c6f7dbf2b39e896dcb6db430d82e6da803b6a38f40c14ec1f244453318',1);
INSERT INTO teachers VALUES(421,'محمود','mahmoud','scrypt:32768:8:1$meAItw4ulD6VMZ1F$7f2013aead73f0412d9cb7ab28c953bbb1fcebb051241983cea623a78a2f8415751affd4f51b64310f51f4b227ef8e447e9941b32010d4a834b0fdfe918f417f',2);
INSERT INTO teachers VALUES(422,'منى','mona','scrypt:32768:8:1$LrHpHvTrIolSnQ8v$6524349a6e4dbd177847d650b0c5e49bd45817740ab81d00cb546b1486d815cf9e9f7b051e1401fdd00f85458a2cbe298643b6fd091db5c2b65f5a847ca1ed95',2);
INSERT INTO teachers VALUES(423,'أحمد','ahmed','scrypt:32768:8:1$jKQMminVFJNFt4YU$0e8d2b7487fde00281a08e2ee1f9a9f489f33c86bd9c7f1cd758fb455fb6f461df838c8a5a01c95773d7e44b7fc8ca572eefad3d36c98cac4958db6cd93dbc85',1);
INSERT INTO teachers VALUES(424,'سعاد','suad','scrypt:32768:8:1$Ua4bSBn6Z6bXtEYM$cd7aab014a4f0d4de4e7a381037d49a1bc0da9c252e58130d7187ee846561165b7592e2f71caac74ae248dc94e6fa31225e4ec6e1a5b4b74f4e4ed4ae5c8f14e',1);
INSERT INTO teachers VALUES(425,'محمود','mahmoud','scrypt:32768:8:1$YPnGzdAlF3Vovq9q$e7a246c2b43737707d2f901f35a8c748fcdf7fb5eabdc9124e04430d994bb978bd0469d04bd048440447b852218324269f6b0302e75ace52edf16880e60e466c',2);
INSERT INTO teachers VALUES(426,'منى','mona','scrypt:32768:8:1$WummnckAzYB6watC$610d5756de5c8fb269249efc0869bf28ab78251ae71fec493fa9c85f9ee02509ea6e0f1c35f6976d93961a9476f3bfc0fcc55b4ca5547eaf5063fe35aff65a08',2);
INSERT INTO teachers VALUES(427,'أحمد','ahmed','scrypt:32768:8:1$jF0J6sX2BId8qTGr$3e2e43bac94a1a20b857bdd6370e51424ac1db5d0135c26fda325a8a52ee207324f91d8d6e96e379509f71388519a210d20a468816bce714f41d42a2b66238b3',1);
INSERT INTO teachers VALUES(428,'سعاد','suad','scrypt:32768:8:1$aQ1efY8qdiqc8Lod$5e7751b8bea23d1bbd3e3f69ada2452369489d8f38a5045b9ee552e18dacd2d935c9e1c996f7fe7aefd1b5eb2b8b8f9df95be92cc394c712e63a26848fbd151e',1);
INSERT INTO teachers VALUES(429,'محمود','mahmoud','scrypt:32768:8:1$1KaeevZNhlvdPRgb$887bd9fb468902a52875e5bd69574b0e4756beec5c186872ff45b5e2f571945fc9ed9f0b1199e7f1bb5eea4ff77f49a63ecea70f74b464380e88af78169feb7b',2);
INSERT INTO teachers VALUES(430,'منى','mona','scrypt:32768:8:1$ztbPaXiaD8jckl5d$e024a603362d9fb1c7a62854e905c1859bfda87e14c06cf33be4205ce0e6f8b89de2d2f120f1f58d4afa4e34b147e81bf6c6fddc5ed346ab9d84c857816989ca',2);
INSERT INTO teachers VALUES(431,'أحمد','ahmed','scrypt:32768:8:1$TMDqcVzHdApOtqMH$0dc63d721968adf4aee2317dcf520e4e828d9dd56e12489b4642505947d1583a43aabd26c8c58c25f18848bf10682de01ec9296272d8c6e46ade55708cc62986',1);
INSERT INTO teachers VALUES(432,'سعاد','suad','scrypt:32768:8:1$rGYqa9Iq3a4q0PzS$efa505a0dfdc6f6d5131ab69f10b2ae1192d53885d920140aa4e81709f73b98f228262ef3d183715c31d8c6165489b986288af9a282262448b1090e9fc97ba77',1);
INSERT INTO teachers VALUES(433,'محمود','mahmoud','scrypt:32768:8:1$cb71kmiIbrAyMc8Z$92fdf052d58e217fd64652794c202e7adf89d0a6133f8a9f8b1d54b89f9c305e295ceeb15b1ce76c53f946d490b5354ad19fc1b654b948c48010ed39f08aad48',2);
INSERT INTO teachers VALUES(434,'منى','mona','scrypt:32768:8:1$397rrmavexidwJ71$6cad5b9863122d8304e82fc6b3928145b4a836561d2a843aee79988aefd3879d910581d7a1d6fcb1fa2ebe9793c1021f84960b908c85ee59363e1ad731dc3802',2);
INSERT INTO teachers VALUES(435,'أحمد','ahmed','scrypt:32768:8:1$Th9oAcSECWfFfJpK$f45aa3eb67b6f6f10dc25ad26ae666f3097894ec1fc3c1eeb3c5f8d619c97f8d649cee17d2ebead199a55751cc0327961c6eaba22b23a105cd0ff24f7c90c0c8',1);
INSERT INTO teachers VALUES(436,'سعاد','suad','scrypt:32768:8:1$03NB9EyNXYWQVvps$938c1d002f00a77b7752ce770bb21ec8d34c0b25e8536a931a8e2eca54ff546f0ae4955187c2de6565b9f9a5b3b043f9eb0d5fdd0839020fd46e40a109e3904f',1);
INSERT INTO teachers VALUES(437,'محمود','mahmoud','scrypt:32768:8:1$1ffa1HC666Lrz6lw$1f0f32c8828e8516ba383e64b4c13315407fbfe17aa8ab8355037d1f5d3cfa7503805f869b509307ee5d38ee8d619bc3200890a7c7420aeae4f864e1ec4a4829',2);
INSERT INTO teachers VALUES(438,'منى','mona','scrypt:32768:8:1$0EoqrNPA13X6rxMO$a7eb1ddf2e9a694828f1cdd5b2882c6ae98d9ea9a20eb7992fbfdfa625030347020c0a44efd796d7a43397ea07b9d25fea1c1d5aeb1fa5790e96dd1913f41d88',2);
INSERT INTO teachers VALUES(439,'أحمد','ahmed','scrypt:32768:8:1$IGFLGYvEVL7PiZFn$ebd832a1c89da1cb2b1fba59ee58790771c1e6cc8c68aad8c5b839ed2da1f0de2f10b9d8fb67efbf58a7072ed38f13198167e2a71d2a68ba96904f913a1c9b57',1);
INSERT INTO teachers VALUES(440,'سعاد','suad','scrypt:32768:8:1$sXY7QmBXdaJZb4kP$25f0b21baaaedebc3607378a34b88a91d67286c27d6b5196ffa2c68753cfb6c1e96f7c53e1f3cb91685ac2d024d472650bc12899ab26a462c1d2e70a9c70966a',1);
INSERT INTO teachers VALUES(441,'محمود','mahmoud','scrypt:32768:8:1$mcCfmffGYOmpF6L8$4bc28d9fa564193a774d4767a746e6bed4e037781c00246f2f090dcfb2dc986af27b3965464c8382bb178237eab8bbbd4ea6b8059e2f64427493c6f3ac4ee38f',2);
INSERT INTO teachers VALUES(442,'منى','mona','scrypt:32768:8:1$X4Xr1aPPQ4hRdM7b$335ed123c94501bf6022b338cb028db8e2325d76676491cf07243f7aa25b11a8ac8830b82a3875741faa833b6147d4c680e5afad043e71daf23e596ee56d3e3a',2);
INSERT INTO teachers VALUES(443,'أحمد','ahmed','scrypt:32768:8:1$WgPttx1c8d9u3Izt$5dca31a60e9c42bddb6a3cd70bcdfa552bced6f4674ac889aae0f6613ac26830449487beceb5b444597070ee2948133067b9e6907a76371086369e2a680cc972',1);
INSERT INTO teachers VALUES(444,'سعاد','suad','scrypt:32768:8:1$xPSSwvSrsj4rvgZ9$964286065bc737607a8434034e0b69317dc0ca84ce74efe41f6394fe780851d80fb11161e13ff2bb64ac8b8eb8f791bf4d43b8e2d7c76cec9108caf869bdd7e0',1);
INSERT INTO teachers VALUES(445,'محمود','mahmoud','scrypt:32768:8:1$LwIcIKVrsNdl4kYn$92ed0599ec13df4e2b11e49de0a66f34c8a98fab2616bbf4e5df782212ecf5efcda0e5ef13903e375c7ccfe240f9ca5f1f36277fe003bceb81ba152651a92410',2);
INSERT INTO teachers VALUES(446,'منى','mona','scrypt:32768:8:1$lbWzX3BsHKNeWkBe$25d3a289269d963ddc49deabf15cbac6cfca0b34a677cc23e078ea4023352538b495842ead1824e6fbc9eb36fee77a2ac6a14959b6d2670228c058065a0d1417',2);
INSERT INTO teachers VALUES(447,'أحمد','ahmed','scrypt:32768:8:1$MaA9MHShEv35lXIw$5ff7be50e1c5bba297b8f7119a15aca65d959a1112f4384ad1c8dfdb9d494841abd72c7e7a8436b3613cc9134d46159bb44c92f5ca2bf4a44fc930c5e00005e8',1);
INSERT INTO teachers VALUES(448,'سعاد','suad','scrypt:32768:8:1$xekxCrjFN8F0KGrL$4d65331f84629db412464a039a24d93235fb6377cb9a1f2f6dfa603e5947fa9a320c9d9675367c9ddfdf6c28af97a4be361769944bdd00969e4075d5bf2ba1a0',1);
INSERT INTO teachers VALUES(449,'محمود','mahmoud','scrypt:32768:8:1$7J8e85LjJGm5Ymyv$3deb7c49f1110d6ab475f5009c61a8b01a48184828ae42475d649e71a9f34a3e4496b03d52d07f0eb8fd60d289d123db3ff192d1471026ddd74ffa6cc9eb6e31',2);
INSERT INTO teachers VALUES(450,'منى','mona','scrypt:32768:8:1$D11oZIxGjzw3VqT3$9a7529691f59ee4c260968ee7919781c429a9f3dbbf0b676859e1c03c8b9c937e3eb53e1b14fb55d3195104ff2ad2a29625249ad5cd8c9009f873a1d23e40f1a',2);
INSERT INTO teachers VALUES(451,'u','u','scrypt:32768:8:1$KYa1DYT2Swt2rz7U$4fcf5608dd0f36ad360e3a3d0ab9fe703d13e2522d45b05dd9ead615f61312ed8ceaacb8d6986395d4afb03e950457bc24ab041e0aeccc70a5cf1aaa913d878e',5);
INSERT INTO teachers VALUES(452,'m','m','scrypt:32768:8:1$FYwLDKwZvJILlm3g$93e7bfe262d7f4a0b0b02f2f6526d6cfa4e08b7789f9acaa025695afaa4ebcc38a07a60066b02ce4902b5b2bb1a30a7884587620b6eaf1a6d3588664963dcf93',5);
INSERT INTO teachers VALUES(454,'أحمد','ahmed','scrypt:32768:8:1$hJFUsZvGeXhvzGvJ$4f1b78b197e8cd98487e884b3270fbf50cdfb0271b7ec983171b67cddb40572b609bf34e33eca7f80c14bcd52a6d8fb887ca8765a0f2393b9aa45b351570fe43',1);
INSERT INTO teachers VALUES(455,'سعاد','suad','scrypt:32768:8:1$rsgijFEHSm5jxjJU$745aad0e4183cb3cecb668d1bb43b43d28095fcfea1d105037bbd595b5c3ea1de812129f7f7d4c5c70d3b61379d1f3ecf1e2430cc8009e04c161c848c772895e',1);
INSERT INTO teachers VALUES(456,'محمود','mahmoud','scrypt:32768:8:1$jk49xhVUEAdI4DK7$2d6553849159ce69d56b8d5e75e2b83e06a3668c607cecb2cf12632f7737633a121b9df19995731ac135a41a48f03ae9d60fe19311c363e95998897d3c3ce10b',2);
INSERT INTO teachers VALUES(457,'منى','mona','scrypt:32768:8:1$aUEVDMOvNIiEnPv2$d2fbc1b6e063dad11f01f69862870210cc0f4b53fdc7e8ae5f67664e5dc338c80902b7c9e84e438278999a9741d78f17e748ed517673f731611d1a36139d8d51',2);
INSERT INTO teachers VALUES(458,'أحمد','ahmed','scrypt:32768:8:1$qzeYEWSSG54i1Z7J$7a1d24bd38de64c6afdf0d03367a52e99b926071ad8c36eff381ee1eb953c63a817cc0cc178a28b9584e14224360c3ba51dea912b82b81d31a522ac1234485cd',1);
INSERT INTO teachers VALUES(459,'سعاد','suad','scrypt:32768:8:1$PFFkyVsrWzeoSTm4$de42aac400a7f00cc8157cf808c7b288bbd78d89f317fd8b669fdb4d567b06a77e5c2589d464c3c06f58012fa057b5d18334b56a4f504d3b9a8304ea8c4ee7f1',1);
INSERT INTO teachers VALUES(460,'محمود','mahmoud','scrypt:32768:8:1$SkCnWjRSJuNw4EEG$35334d0f07fbcec8a130f6ba0d942cac101695d9375d1a33d64766f2f9ff8bd9a2ba8cc5b6b45c5d8bedc297318f39f7f6a9f44ed967aaf22c980ebd31314ee0',2);
INSERT INTO teachers VALUES(461,'منى','mona','scrypt:32768:8:1$S5fhdn2GDRp1ImFX$4c74696743bfceb30e21a389bc67c51fa1ce12888ecd9d41ddc2469216b726525efa54a89dceffd0cb43503b2e20ff346cabf8b5b0624cc85bf7bb55a6026e7b',2);
INSERT INTO teachers VALUES(462,'أحمد','ahmed','scrypt:32768:8:1$1sdlcIoZ7gPPjAHj$122798aa6cd93494fab6fa3004d28852f6e9b12e05560302c435e4e3e1dd11483d51e9fb27ae160a92494f642a7733470a7a3197e6e2faf00e272fe8529b616f',1);
INSERT INTO teachers VALUES(463,'سعاد','suad','scrypt:32768:8:1$5Fka8udNhPnoSneG$ab0dee31b66e2606595f5ccc78a46731a2292abbf0e0c7c6004a3a57e1a8f2bb8801308245f2cb34ad40f32b1f6ac0696cf83f26fc95db418b59e24458729cd2',1);
INSERT INTO teachers VALUES(464,'محمود','mahmoud','scrypt:32768:8:1$cG17Ot3OQCAO1CJs$37848bde2bbf924dde7b6c843410aa2c06344fc4a5fac41c0bfbbe092e1f61eb41f32374eedf962ee25dc46cef379306fc56296b886b6b53fcdc78d5d0c9e833',2);
INSERT INTO teachers VALUES(465,'منى','mona','scrypt:32768:8:1$W6uYsKL3u2r0WgNM$13982ffbd0bb75326ed844d9fca28f53448f56b7958c175a7b955e61cb6999f02df69b3be8d7587d9f1cf568e5af3047d8d1b04226ea9855c860a89693c9a544',2);
INSERT INTO teachers VALUES(466,'أحمد','ahmed','scrypt:32768:8:1$FxtuyD3j6gsqlhuj$3680a9ff08874336e37808bdcbfd369df2915f36fad1ea5fef3c6f51813a800d8765c6adf42a139c126d77fd6a126ab8d317090063f5d7c6eacf04874952ff08',1);
INSERT INTO teachers VALUES(467,'سعاد','suad','scrypt:32768:8:1$LJxlsL9q1fa7nPi1$bdc0b33ed41a93fe9e29d54f88adf12d871b9bb042a1f0cf87df941ef198d9d49aec25d68254d1aa0d48cd571b93151e5976524ed6953805747135f328a99d30',1);
INSERT INTO teachers VALUES(468,'محمود','mahmoud','scrypt:32768:8:1$29QUsqouvoRmXeYi$becdc9bfc232812734d158a3843ca54d9d51b71fad9fb0f434bf2c4444784ebb9422eec979b522a6eb7de151a5a66d0e8fb73d99e3bd950c1f20ff9f2136d4de',2);
INSERT INTO teachers VALUES(469,'منى','mona','scrypt:32768:8:1$N004DPdUanCmkzMx$458b07a18f68ab2b4beaa3226b7b2ced7663faf2f2579e8cf025f45a5c2115ff31e462aa540fb20eeb49e731daf128bab35d98daa91d4ec0987238e51af4be76',2);
INSERT INTO teachers VALUES(470,'أحمد','ahmed','scrypt:32768:8:1$wllLwlMjsJrjuROT$64308e936972e559d3ab41a074d2108b6d5598738a61a212028aacf24182bbe64bed0cc626a638d05dc289ff289a43a19808488053fd4ca09d8bd4652cc683c0',1);
INSERT INTO teachers VALUES(471,'سعاد','suad','scrypt:32768:8:1$6EFcPteUc5IayhyD$7d3ca462bf4512d18bc7daf505e8001b9530d4ca87fd42ff2c943bcf7ce697c897860a4d6e1d4eeb060245d4ac5c6296edb2e3497c6354e50e9647a2538f4372',1);
INSERT INTO teachers VALUES(472,'محمود','mahmoud','scrypt:32768:8:1$nmUBMe28gJsPdMv5$6bdecbec12ecbc74ffecf316250527089448a783408badc6ad0c6e4c084676e473799cbb32dd7f8e16c703887f312c15f7b6fbe32ec97aeec57447382e5504e3',2);
INSERT INTO teachers VALUES(473,'منى','mona','scrypt:32768:8:1$wjpqCPd0Hw4JOuYA$b3d8750e5dcd329c52c78b0507dff878300328beb027784418ca29e2339fa452d113d9e5470175b6ce2d1e5cc8356daa306e9af3ffde56b56716c3b9155cbe63',2);
INSERT INTO teachers VALUES(474,'أحمد','ahmed','scrypt:32768:8:1$9ROszscRHomxMjg7$910c115243ab1574e32218ca2132efd9f335c54487511430cad0a1607e73c8ece3e29ba945b02e072c12c3bab163d3ce14cd96ee0eb880da005cc850fa6a49ba',1);
INSERT INTO teachers VALUES(475,'سعاد','suad','scrypt:32768:8:1$mtCxn5APOz6TedsL$b4f1ded6cdd4cc809ea24a4a219ab4aaa8ac7ef9622874c905f265c645c105887b241e9d8c7eb1491535ed3ebeb0018be469b1330769ce2499fa1b008a8b8bae',1);
INSERT INTO teachers VALUES(476,'محمود','mahmoud','scrypt:32768:8:1$drQjHwG25fWJ0oOo$39172e1d27c93fdd788d5490effd137d02d0ca9265221b24c1f450a54fe0da5b21ab933f52b11c296160f50a30428644290e8863e1756f6a38fa7ddc54dd91c9',2);
INSERT INTO teachers VALUES(477,'منى','mona','scrypt:32768:8:1$JadRMrb5UoWLWIRC$a88f7b0505e45e432c135233086402561a3f744e900a6f4c0d1ada3317b38ec370d8086a6d73b2fa27f899d7b64bfdcb2db2cd0dafde18086d46b9f04d3fab4e',2);
INSERT INTO teachers VALUES(478,'أحمد','ahmed','scrypt:32768:8:1$weilpylzzy6Aoqg5$b66fec7b5ad74d92afdeb542212f5d8b6d700526c5bd07d642155485c47ff1ddcc584264a066a17a205d5669aca2b87780738c4d581c8bcd4691ac82a2526d87',1);
INSERT INTO teachers VALUES(479,'سعاد','suad','scrypt:32768:8:1$ZLSDR580yUdkGSE6$44baa5cffc80e419ce684d8e17b2124a9b4dcd3b11eb77de1b765a6577c3e32cadbad782695693ac2d0d5db8344cd0c46daee3b961b77a57c816c47bcba92a1f',1);
INSERT INTO teachers VALUES(480,'محمود','mahmoud','scrypt:32768:8:1$5AkZ00wG2piJp5Ol$1f29bd171f0d86dcfcd07d41d946ef796869979b326a3ff1dd1a0d1a32e105955f44166a91e7fae39f95a72ae965f90bae67011c8b2f194708a208bf778426bd',2);
INSERT INTO teachers VALUES(481,'منى','mona','scrypt:32768:8:1$LGE6dgSxCgAnFZsh$32d8ced261d501fa73ba01834e648762d23cf02b0921e0d63309241071406f99252b77d251f66463dcea304f74e1e9c0cfb466410e889441c636b19e7db68929',2);
INSERT INTO teachers VALUES(482,'أحمد','ahmed','scrypt:32768:8:1$yaFGVNnfMCsn0DCj$a43a01f6a0dd1f12b97f780890eff74462f193383d225ea07d1428db8e3e0c96f1aafef62bf7530e3508264e6918b47200a5c47ed8f8fedf7621befe67a50265',1);
INSERT INTO teachers VALUES(483,'سعاد','suad','scrypt:32768:8:1$ffJSuyKGX9PaqJ8P$8abbaca79475a3e771f9471032f20905cba529b7e84da0163e5e8f785d5fb9f4b14b31fe8e630c657f95dbaf7f0e75ae87a89a329532602de1d554b5c201b7d1',1);
INSERT INTO teachers VALUES(484,'محمود','mahmoud','scrypt:32768:8:1$XPqxlBcHTgUCnprb$b4771dafe15b632f24b0fb3349478c98add8ccf15c05daef14e442bd76a15d6b7ff03598a7ffa1f9d2ded06889fbbc71442bca6644a5918abb6fa2fae112924a',2);
INSERT INTO teachers VALUES(485,'منى','mona','scrypt:32768:8:1$BdOysbwCWRQZs6Uy$1e4938b9badcda5386d553f3a71e6dab420e9949e6563b7027a74113221078da8eb3f1e49b99faf9b02533a6d9a5073c829b4abeee222cb86e2a97dfe9af46cc',2);
INSERT INTO teachers VALUES(486,'أحمد','ahmed','scrypt:32768:8:1$hR3PDNmNOcMs37cC$2bd065b48fd1ff2b8c9c16e6e5fbfb3c9236087bd33f0de20d8920b032d46b026ec1d6debc291fd3c301b6d741109b501bb5c9d586d01c9fa481f5dca29192f4',1);
INSERT INTO teachers VALUES(487,'سعاد','suad','scrypt:32768:8:1$20sqA0vTj6EOhNzD$deb2b149e4adba3ba122c8e63e13af912dc22f0587f15a2a99adf69cb08b027ce73a35bbc2b4e4fea755e5568f4826ed5ab1c9e7f60b4612fa934b57b44c5077',1);
INSERT INTO teachers VALUES(488,'محمود','mahmoud','scrypt:32768:8:1$oq7X1N8F7NodHBm1$94bf7d55adc860d015078005662ad11193dfc8186ecc268e707d80a7e536c1c51bca19e71b2c89b5057b07703f61cdc0d271d63b3e8ac44492f7e74e0adac16b',2);
INSERT INTO teachers VALUES(489,'منى','mona','scrypt:32768:8:1$UPxu6ujoJSEWhtPH$305115695a70315f94857dbd8c18c1634a59c03f0b0c5d2209b158dd43f72ca4280ef5ce0b820776d92c4bc2a6a131aadc28ab9fe1ed238df745c27377465472',2);
INSERT INTO teachers VALUES(490,'أحمد','ahmed','scrypt:32768:8:1$N3gK04Dxt1sQlvq3$80c49efaa409ec04e16e4edcd6e76579f884059df4e62e3c8edb1b1eb627cf09c2cb4b79cd239f85e8c46f85f2c07075fddb03d542f706810a8eadd4c78eada1',1);
INSERT INTO teachers VALUES(491,'سعاد','suad','scrypt:32768:8:1$mXYvXRs5k29k33n2$68601f9a1658b3694c96c952a14ee86d9a1a81f87c19c025e77955969ba262a7588606ca8a4fd170967bc57b20769d971da3f3b06e6b5125ba7925d25cbfa9ff',1);
INSERT INTO teachers VALUES(492,'محمود','mahmoud','scrypt:32768:8:1$ClDqIbzbNTzd7Ryr$802b6a4a7301c541b94c785e37ffd35793549663da014bacec4459598b4990be395b53e7ae6696cd8d3f7089f8b457a596f3f26c99b5de23c7a879392cb84de7',2);
INSERT INTO teachers VALUES(493,'منى','mona','scrypt:32768:8:1$P3Bkn8WfwH7FVLxS$f099eb7605f4da130b310e97a73f48d0c6c7be65f2645b35b8a481487d3dc091c2720ca2606320319300eff36e363cb1ceb76e16c8026859d36144018f63d15d',2);
INSERT INTO teachers VALUES(494,'أحمد','ahmed','scrypt:32768:8:1$wuAmihGEONoPPjD9$094878d4a105545d4b5c3427943a47ef4eab712ddc2b435df529539826d43bbc5697fd4b74ac406182b99316e5ea916a56c95b00089cb6bebd0d9391d487c85d',1);
INSERT INTO teachers VALUES(495,'سعاد','suad','scrypt:32768:8:1$THXG64nwEMyJo94W$640916a0507ed6db93d29a0c081ade6089cf30079660c86a112b67ac224aadac2c8d397093a0f3900eb05d24b4a65636a2fe3fff3cc7c89e00e6809c779880cd',1);
INSERT INTO teachers VALUES(496,'محمود','mahmoud','scrypt:32768:8:1$4Npli40hGRgeJuhZ$ff047b76ca8db8875fe51ab90591d85e8a7967e32c49baa5c52d5f7e6cbc4e74277277a5407343e62b8ba185e525fbf5960a8f8fbaa244f0b4b3b68c52d6bec4',2);
INSERT INTO teachers VALUES(497,'منى','mona','scrypt:32768:8:1$5S3ULgj2bEmLTyFi$be59ca7eacd7fcc85cd4f74ece27fe2d6de0282310e258d73d1d2460ee5d2ead5502484a062edcff140a228c65584b18557a94cc62325396964067ba95616fa0',2);
INSERT INTO teachers VALUES(498,'أحمد','ahmed','scrypt:32768:8:1$wWNwCz5BvNRDDNpM$0af21faeef459c0dc1e5273649c7cd35373615ea03a06b5b913a5167bd902a205b920b44f83744b37510e924727bea21da37fc84b6c47e5424abf926119b18b7',1);
INSERT INTO teachers VALUES(499,'سعاد','suad','scrypt:32768:8:1$WBOWuaIKd9dIyt4t$ad4fd0fcf89aef88ffe64a136d6eae0013bfd4c7f44cbbea08169727cc0e6810873751140fa2132897165f3fef08d0863cb31bbebb86063686b26f6ae3f8519c',1);
INSERT INTO teachers VALUES(500,'محمود','mahmoud','scrypt:32768:8:1$VIdgbSJxNJqPaHz1$bd7641944bc2a02ee9dcde30a33d9fedec1c219125cbf5dcee27230a406983ef85707487a680ddc6cd14ea0b6f39d182f1095692a4839c97907207d3325a37c3',2);
INSERT INTO teachers VALUES(501,'منى','mona','scrypt:32768:8:1$hhTsY2Qnjh0wekvL$25815d4b39e5c5162011405b695a6d96b1c67c29f6b7f08fde822b5296f1f6d6c3618737e6b83afffea31fe1a9c246df742187d652146674fcf0401250cc3cbf',2);
INSERT INTO teachers VALUES(502,'أحمد','ahmed','scrypt:32768:8:1$fwec53tnnwmLp1ts$b4f82a0e4df63e26b09b2834b1f899bf0f46b62f34059cd14df7d11064e171f5b99050cd3456ab9dddddc3c62908e379f183314933b6081e1a7a92f4472e0705',1);
INSERT INTO teachers VALUES(503,'سعاد','suad','scrypt:32768:8:1$nngK4MWI6FtowOm8$e379c394c21bbb5b5dbb36b03e4a2dc130091a2d11edf0754a2fc5217715b1fad95abd279bf2c5df03fb00a5b535eefe976e2c2974a6292c9086bf05233817c0',1);
INSERT INTO teachers VALUES(504,'محمود','mahmoud','scrypt:32768:8:1$ItTmBmtJ1bYqKnuY$6eed13416c4f03ed75029e3641662137ce877e2dab6c5741690d6baabcc856e90ff5f4e9f9a447aa55a8048b6ce0471b01a1cda31f004b610a249fc366157bbc',2);
INSERT INTO teachers VALUES(505,'منى','mona','scrypt:32768:8:1$4u9EBkJOtrAUF3Dh$8d98580ed316df10f09683494801a4268bbc7cd89a89529fdc64ff09146ad1cfb2ccdcfcb16682f0db3cedaa721397f9b879a728e4564d4623204a68ad4475da',2);
INSERT INTO teachers VALUES(506,'أحمد','ahmed','scrypt:32768:8:1$2EnGDHLLojMLJ0b0$a4b179ace8b666219ac7bd744b21ce36c68a2466939e190174462f606d48074dc2c3102aaea8894d71f4cb6d890758c59f8a8ba5ae800a2cda5297eea92501fd',1);
INSERT INTO teachers VALUES(507,'سعاد','suad','scrypt:32768:8:1$t7jO6Mo3oGaxvuMS$a05d6e515a89360670fa8642e8c61e0d2da3067364dc0a800604d604d01941b9eab032605a652d444fe6f97b346cf5e38a37f6eb2768bc13f51e17e62850d5bb',1);
INSERT INTO teachers VALUES(508,'محمود','mahmoud','scrypt:32768:8:1$UDzZiAjEIGDOO5o5$5f4158eb684ddfcb2717202a1d0531b81fe3bef4b6baed49b84b18670a4e279d4040b763684db008dd4cae26fe194f51fd3f262bfb2941fa9d11afa15ca34306',2);
INSERT INTO teachers VALUES(509,'منى','mona','scrypt:32768:8:1$CRTG2cgYoe9CNVpA$8539c0d22b4c06bb2b017154c42b68293763f7a72728cac3f22edfe37d327b7898bdcd6065cc9c278f83cc85ee581a9827cf77eed6d6aac01d292cf6819aef03',2);
INSERT INTO teachers VALUES(510,'أحمد','ahmed','scrypt:32768:8:1$A6ZtSt8yP14skafv$97f4ef53378806795c9ebd685c83f1abe4e31d7266f5cb0c8e15fa2a6722e6ebd5a59e8672043fad6e02e9d85674e1cba9ccad68e8b5e03f7501c3bba7bfef29',1);
INSERT INTO teachers VALUES(511,'سعاد','suad','scrypt:32768:8:1$EOgvQfJEyW3nj89B$0c3315a284e57db7542d770bc2506c35348726a5ab85141f132cc03827598cba2235946c04539f30fbf4dae4ec148fa7b7197fb472329f57cb2c9737fca526f8',1);
INSERT INTO teachers VALUES(512,'محمود','mahmoud','scrypt:32768:8:1$w5ErN7jHr9aGDpkH$b08c203832e576ff47816e65ce51201b6344d1fd3fd3b131a669578567ded05387bd975bfaf54ea4c52eb9382f98263001b9f46a65332a25711673e76b4c0cc4',2);
INSERT INTO teachers VALUES(513,'منى','mona','scrypt:32768:8:1$JIviUp1UVPjfSH0o$8d20866887f30b17a9ae3f30002f45ae6bb923a6964e1b5472298e97dc90eaf5f5887937aa69b33a3e9eae63f461f982dffad209501f6e0e510c5005f5bb2040',2);
INSERT INTO teachers VALUES(514,'أحمد','ahmed','scrypt:32768:8:1$ij2Psom7XJSNhDQw$5f9ffcaab8d37db9b20cd434cf55dbdc2d85b106183fd5ef8d7fe7b6b92c7ec25ae0947f681b2b1fd831394fd3b773bb601034b3ec0b0d7fe43e1af2bca374ab',1);
INSERT INTO teachers VALUES(515,'سعاد','suad','scrypt:32768:8:1$fBPQLuvPh0RvVXRB$dd4df775ababa493bdbef01c64d0ec7f3807e7ff1210a869df7e87a5e961358739d0cb27dc38998d4ccc9c593ceffdc43e6790dfa0b3447eea52d9cde5224bdb',1);
INSERT INTO teachers VALUES(516,'محمود','mahmoud','scrypt:32768:8:1$3rTA71p1uSRTb3ZN$dc01ad1df398d8910da23725439d2bea5e0625abd76fa8325cf6b51066a3863b7b629c4e5fc24f53708f59cb78e176dd9ab038ac9502682f6f9ce39b5d0f3bea',2);
INSERT INTO teachers VALUES(517,'منى','mona','scrypt:32768:8:1$T6NUYNXUIPK0sGB8$47d935eafb9be7159273c6b0d2aa09224dcbd2beef85283993f1fbf971b788724a80678d133eeea0e4b5c73c2bda546139ec0ed68edd0eea88135e523c03fd44',2);
INSERT INTO teachers VALUES(518,'أحمد','ahmed','scrypt:32768:8:1$POWEnABNeyKxpETp$a3a9ce23fc5681f395e3e35c7d1811e7e8e7e2fd5e7b732aa1d5b899c2230e2c254981d0de0a0906c7850a7a1673d8af17223f24d4cc89920344d54a3cb577a4',1);
INSERT INTO teachers VALUES(519,'سعاد','suad','scrypt:32768:8:1$wMv7TOLrNyAaUaoY$b4f040c87d5b474390d228ee12c8741eff4f6995c6742d2a979e338731c87e445394fa6c3537130ce3267ddc72bdc598fe345f6cb21f2e9182940b8b2a77e5b9',1);
INSERT INTO teachers VALUES(520,'محمود','mahmoud','scrypt:32768:8:1$4fKCnviN6zUlJHtR$206963198bb42c3023401f34829c93bc40ec6a61d6a4b42a6b7b3288a08ca2ab1b76de60199fe5037473575147decac29af17d84896cd7d78955d3e294cb5a28',2);
INSERT INTO teachers VALUES(521,'منى','mona','scrypt:32768:8:1$H8D1ML1TjnaIBm0c$9f0b0070215877ee21faadb8b2ea5008d5d4d140316e4a31f4b3946a726d484e332f27bdb9068ad56655c24fefff9c55cbc715900d94de48ecdc061adf7c7d05',2);
INSERT INTO teachers VALUES(522,'أحمد','ahmed','scrypt:32768:8:1$YKzPVSRvUqabUTdt$6c8c19e3eb1a88a84d87d4789142826b4daba1612991cb8a5baeab7c7289d8f0eaffad992cd832c748c977895cd5a7276c96104e3d316266da8fba9c1822f0a8',1);
INSERT INTO teachers VALUES(523,'سعاد','suad','scrypt:32768:8:1$5pFCbvCGV0CubzsE$87e80663deeece6f3a16c53458c975ba65dbd89ae3d708eeb6cff9d97ba423dafc0112b3b1df9bb05e9cc5057d847d2809775daa76939d23f7c91dbe9578f9e1',1);
INSERT INTO teachers VALUES(524,'محمود','mahmoud','scrypt:32768:8:1$BdPBiGxiVpGKpXaS$de7178fc54be4c7fd78da9e4bf0f520257bd4712f8d9eba436df15209a92892a607b8c03fe617d23e5bd4abd31add17b643dde0e8c95ef7e852c25cfd7588c39',2);
INSERT INTO teachers VALUES(525,'منى','mona','scrypt:32768:8:1$3aSmnXThodEMJ6DR$99da3b99f0ff534ff9d66fcf4a200f12246bab41714f51b965e915e7c56627852a738b52380b1b56431bf2a2a2e2a3bbca5908ab8f9c26558ff1e0b0075b1549',2);
INSERT INTO teachers VALUES(526,'أحمد','ahmed','scrypt:32768:8:1$PZaxxsswl0BSQyfB$5930b97fd31f15363e4ffbbcc828c0e3ce367d4023a79c8e1c283b372ebca2cc3af479e416f30fbb2f213d4d21f90f28fff9ca7e828244115757df4b7f6234dc',1);
INSERT INTO teachers VALUES(527,'سعاد','suad','scrypt:32768:8:1$qlWZcSee8YhenBFU$74d789269272357f28f59ea564b1c9d52eea0cf41f8ae61a8ef90b4073984909026f0876b1467b4c62db88aec407e548f3f865d31ad02a2ec09749d312b2a93f',1);
INSERT INTO teachers VALUES(528,'محمود','mahmoud','scrypt:32768:8:1$oGIovkDUELwNsWxu$d617fdeb8e36e899ca9c7679349ae81608ee002b2b59e66c0aa0bd5420dc2114e3ecd55c5c61a93e73feba15e245ba14918e5acc6f72e2ab80d8dda27d235bbe',2);
INSERT INTO teachers VALUES(529,'منى','mona','scrypt:32768:8:1$qtibwNzeWtNenESJ$484a43784c405eff86ac4cf3164e90d058f9369a04e3ea846d4cfe195844950a9822168dc7d2223e694630a1fdfe66cd5ce5deb546fc27c2e00b48f4fdab3e83',2);
INSERT INTO teachers VALUES(530,'أحمد','ahmed','scrypt:32768:8:1$NHaBApt8zW7EU85R$8a676b77afd86c8a1c3eb0c71cb78e00a1093715c2f431c1f3537c41749d3df43432fffb684bb66a461b01017301e0c012cd0d4c3e801b8a98d44be0945a5444',1);
INSERT INTO teachers VALUES(531,'سعاد','suad','scrypt:32768:8:1$Pk9jMtPpKM4WNBEI$526cbfb45e82648cbf0466008935cd7997c18ef4e3dc7f507f2cc6d3c9b9bd7d889d7cde3e8219edce17170f1be1e5d5b62665e1dd682aedfd733ab07e027beb',1);
INSERT INTO teachers VALUES(532,'محمود','mahmoud','scrypt:32768:8:1$9Z5pPZ2PzlFwBIKh$a055178f738281dbf04f2bfebc9a7f0e16847f132bcd2966928c7d4a0d5c4b6dd6f8fd05559ac88e1d6342e1c6ba03cbf14bfec22cd701bda93a18c98fe55b2d',2);
INSERT INTO teachers VALUES(533,'منى','mona','scrypt:32768:8:1$HHeV50whZUyC5KQD$6b668a49c3f1c7842de76ec10e46d71f48c54cb680108821797dfff4e165bbecce9f460d1de2e41d60281f2cb69329ee70b77830d3c6e0b4c49874adf8ba657c',2);
INSERT INTO teachers VALUES(534,'أحمد','ahmed','scrypt:32768:8:1$K9nvWNZ3KH77WgBA$5e859aa2e98f1f63720dd85bf1c58027112f1b3c50b2107b3cceb2844d5d98836214b4b26b434559a9effd238f51d8c34a62ed98a400eb15890e85fc57984a9b',1);
INSERT INTO teachers VALUES(535,'سعاد','suad','scrypt:32768:8:1$xrSziQKNNALYaTpl$4500ae028124b547ddb5559fc7d35986c557b1b848ca33c8c56d947f1056baf92b50657f520b82091b76e3c41f4b6d5c1bf488440c8c4d87d6ed8f09ad4c7a65',1);
INSERT INTO teachers VALUES(536,'محمود','mahmoud','scrypt:32768:8:1$Z0TB6jNh2ZKcG990$d927cfb7b70feb9d531aa5b9c5fc68592ca570faa41c9e4e34feb3a0fd28ed8e8264e06f28c2db5b33d563122446d872a09a7211abb5f29a0b69ed1004d8324b',2);
INSERT INTO teachers VALUES(537,'منى','mona','scrypt:32768:8:1$4vihTx0IPDT6vgUr$7005d02a91fce2ece438fdd6330d7ad6efc25ed3b99dcc99413007b8fb55afef2de1adbddb38ef3e30b9d8805d97d4d9b43c8b86f4bda51f520e761ab090a8a6',2);
INSERT INTO teachers VALUES(538,'أحمد','ahmed','scrypt:32768:8:1$XzGPtyXSVVeyP3ij$6fe7dd3489a04b4af79a132d72985cdf8ef9b8da7aee836fadc6d43bd038a4faf13bffeb28d40a735e290eb33503d78d7c4934c050e2f387dcc976364394d2bb',1);
INSERT INTO teachers VALUES(539,'سعاد','suad','scrypt:32768:8:1$B6CZONlAa8MP2GGj$83f532f217629f9ab69fc6ae11c4721c04cabc551047a613df3ab0afea7facabf58c1202b92d0751fd9bdddcacb9e787409ad8fce86196710241b2408c583022',1);
INSERT INTO teachers VALUES(540,'محمود','mahmoud','scrypt:32768:8:1$cf1sqGl9VEz1eKb6$21515c00dc06051ef0a457de1feedba5561c7516381bba218194898ae1f652d98b257f9c20c64ec9c11ac4a9842b3ab60c488ba7c6f5087b031f3ae875051e6c',2);
INSERT INTO teachers VALUES(541,'منى','mona','scrypt:32768:8:1$DTBWIpii4iecccAX$a04874073c9f21b9891509364b7b17d04dcdcc27cb22ae8830bcaf8bc6ee23a38dea24cda91220df3443118206bdf7ca18f51c9150caeb68829dbfab71ee4caf',2);
INSERT INTO teachers VALUES(542,'أحمد','ahmed','scrypt:32768:8:1$YQbZUjXtQsomKdeO$0ebc9cdd3605930355bf14aeb3c4d10e1b388ce3d9bcdb914fcbc362f3c2410e0fbb98e5b59a1ff3cd3f90f75749c5273e34a78e132e0d32bbe1946427b6f997',1);
INSERT INTO teachers VALUES(543,'سعاد','suad','scrypt:32768:8:1$aXdf6OpQ6mjSD0m3$d5473a9faecd1fbbce04221b96c9c4262257c0bae0973449041d6976b509f2dbf5e1d6cb8f89ebcc6a184d9b58e5c8828bfedaefe76fc59c9a35f6e2e655de12',1);
INSERT INTO teachers VALUES(544,'محمود','mahmoud','scrypt:32768:8:1$ILwwZxsOvfLhBLo1$bd2fbba2cef6df66fc84cfd785f56d47b25c9b3f57fbfb2070934edd284b65ee581cf08ada1da232c17562cd42edfdee455773af5df55d2544bc312d5b549bea',2);
INSERT INTO teachers VALUES(545,'منى','mona','scrypt:32768:8:1$m83hU7SBgTtNm6fw$d642be34f08cb572d3b3810a2cacd529dc15fc025d6a565ea05213dbe96b0609417df369bc64f80ca8a9ba74d368ffffd7ce7dfc2c0d03693048a550a31cf2e1',2);
INSERT INTO teachers VALUES(546,'أحمد','ahmed','scrypt:32768:8:1$3bnZOkeuzKYAKM7X$aa2f6b2c989fb48f308c33017ed2db03abad044970bf64967c8db315ed079e1586e0925697fb3487d734ce848addf31b0e9b2c48cf5c8f86a848e4295dc0c65e',1);
INSERT INTO teachers VALUES(547,'سعاد','suad','scrypt:32768:8:1$8x35gEn7HSnbDVG2$c7e031e7893b9aa65513f590f7e3eec8a0f78ebf61a68492e3d9b6c690903a91603e3078adb212ae1eb071005e270f744dc68bdef6d927e37390d0a28bea7780',1);
INSERT INTO teachers VALUES(548,'محمود','mahmoud','scrypt:32768:8:1$x6tE0GHmCZdHGyvw$28043e45560cc7ad0b83d9f54dd7e619d06a8286853f0d2dfc9f42f5457b790f482f175e750487ad1571706e0fdb96f89c46606203674bd3bb62bddf79076777',2);
INSERT INTO teachers VALUES(549,'منى','mona','scrypt:32768:8:1$GCxy22xAPyucGnZg$bee1f4ad7953ec3c46a782f58bb9d56b705854dcb75c77797ba7c21225bbc0ea75f5e295d00b10a28b681e6ef1bc0f84caba427e0c1365e716049248bfcac97f',2);
INSERT INTO teachers VALUES(550,'أحمد','ahmed','scrypt:32768:8:1$OWuVrwdZqEvZsnC9$78a1c811dbc27f0b7d49a9f42059488e2bcf143d7a059ab8d1e7a1c090e53e9af58f18eb60237a378693312d387d4a8d539db00e39c2e66e7322377139975e35',1);
INSERT INTO teachers VALUES(551,'سعاد','suad','scrypt:32768:8:1$sZ65Kc7xLokRiNM2$e533381e0093cbefa34301e5736a66100f27557e63016b58a9fb0b632eb82727689cfab4a13b4738b543214a9f5dce5d1093b64fb6c1274ca94c0632a693ce27',1);
INSERT INTO teachers VALUES(552,'محمود','mahmoud','scrypt:32768:8:1$RZ4GQyl4YZiJaSqK$1bfe5f5063c2a1692a06af8eba8b686e97279066ca19aa9066a1579414569d47886604d7c24a63bcafcef07fc8e785ab03be4c790af0a6767b2c460a68a7aa32',2);
INSERT INTO teachers VALUES(553,'منى','mona','scrypt:32768:8:1$oNaz5bIBXv6kRDDd$279181a1dae087db1a370a7e2b565bdc5a30d7073dad6e95ae650b808e84597e21c251190f522f1dbe00d1dd3b04d27a46ecf0b318c6c621860aaa3c47a40d5f',2);
INSERT INTO teachers VALUES(554,'أحمد','ahmed','scrypt:32768:8:1$EnRic2x5TGmEixdf$c03efae874cf6f664109950036349a083a71c0fe91d021f2d0b90f895a2442128482ac0aa1d40e10a35730b41d1b881127b0ef06a108f4a63e1bcaff9d19416f',1);
INSERT INTO teachers VALUES(555,'سعاد','suad','scrypt:32768:8:1$yMK6tfNxGCEqB4J1$92694fede52494d6687df8f83a7f1f088884084a2ed5a21bf27d1080ec7d7ebf4ed03ade15e72c178412343a3bf982853184365230ea7466f5b9d0b63738cda5',1);
INSERT INTO teachers VALUES(556,'محمود','mahmoud','scrypt:32768:8:1$FEH8jdolxAp9PcM5$cd71a33f0a56e4c29f371b0b4e0b6e8f3e6a2ea12764f8f70d7a76d86164d15c3ff57bcd5c595309478d50ed617576cbea32c65bf29162558a2ba3f402236c6d',2);
INSERT INTO teachers VALUES(557,'منى','mona','scrypt:32768:8:1$f9679Gt2YqXTla08$a0630cf37c143cc370c4564ba2f7284d3e5211b82315279c2604d3478774f6aa12869a7bdc629e21818a951d94aac5a7801b506491b5ce40c567975757e40a54',2);
INSERT INTO teachers VALUES(558,'أحمد','ahmed','scrypt:32768:8:1$bz6E8gnmObtaARSQ$fddd540484a69ce4a8b922ec6767bd9e7ec6700706fc4da753f53d84d4cbfe0835b536bb1fc6543932751e59a66c509c274468eea11f3d5139a54aba7bd746ed',1);
INSERT INTO teachers VALUES(559,'سعاد','suad','scrypt:32768:8:1$ANZBWXDB3l5bsMjh$6f2dd38c55fa91c2966d980d3408ddd4fc6c6e76fe18f29146cf10e15d53138f96191168c226a68a6ce07dc5eaa52f7aa464c51cfd2fc2a86d9753090ece9df9',1);
INSERT INTO teachers VALUES(560,'محمود','mahmoud','scrypt:32768:8:1$ux8UAOURzCBHMYLc$48f3f85966ec1db7b5c0bd3811205198642b1577cdf9bb1d2093707997bf8dcaedb0902c9434f266cc7813a3bdee33497cc63f2a78cd0a973de21310821534b5',2);
INSERT INTO teachers VALUES(561,'منى','mona','scrypt:32768:8:1$Uo7rIg8UWypey0R3$266935341be441935cd016897d78199513658eb100f9a1c92f0d9eda7ca8ecf5f83d672e0e2e86e91f9fd2b8aff65d151c7496ff09a46d06e722da33e0a73707',2);
INSERT INTO teachers VALUES(562,'أحمد','ahmed','scrypt:32768:8:1$OyOZJdLtp1AXtN3p$610657b15734ae206efebea81a2ebfddd5a20800f9a474d4cec9b6242166130a165532c6de0fbbb8803f67707ed3227c39faf66e3cbf471cc519bcf2c5e3ad51',1);
INSERT INTO teachers VALUES(563,'سعاد','suad','scrypt:32768:8:1$vdV5ZCNInHS3XeD0$aceff12a2ee5cb818ea20d7820d711bfd64b7b6c888bfa453353caa1279257c422093880e55e56267014e9e5128c63ff23f88ed7c7fdeb5d34084ac81a2fac14',1);
INSERT INTO teachers VALUES(564,'محمود','mahmoud','scrypt:32768:8:1$UFf4sGXEbUmlMjmc$c974dcc6b27a6a6896741f8aafd34555948596ee9484419737196a2ec25124ff63e9a25de3d325ab37e327fee2d6b36235f502a35b1f47ddabc98b246c88d4ed',2);
INSERT INTO teachers VALUES(565,'منى','mona','scrypt:32768:8:1$X4Y0W5de5imu1brS$69922bf11928e3bbf78670c0357a4512efad48cccaacc169b41f442da7cbcf45de6c0aa01a79c7fa9bf03a108b91e14ffd4be143000f38096b20f5dfa66bef84',2);
INSERT INTO teachers VALUES(566,'أحمد','ahmed','scrypt:32768:8:1$efUZ2irHAH0r9yAh$ac36a37c60063a7eb715ac42565db49a1cecd0d76528b729560824c0c1d78b3e1c53f0e03488d1a04b6a01694c8e455613556c6a9c4f8fe876660de2f6316e56',1);
INSERT INTO teachers VALUES(567,'سعاد','suad','scrypt:32768:8:1$rts8EbjRWCvrzpaM$a46e8c1c189322c0945083a9860001e1f0de77f488530a61e2ca51cc87d28945d1ee27b949f91a3275a8c71c44f625665be7342b8ee13c6bf436446eb6ef78a4',1);
INSERT INTO teachers VALUES(568,'محمود','mahmoud','scrypt:32768:8:1$WKDBYphRI51hWldz$55f300444b0c90af01b90424e06a63be2f2ef6e96d8c82e887b06c7afce78d5a9a8ea34088c1b5c2238a9a338229a668316bb8c5ec6538d41cfe5a23bbbde38e',2);
INSERT INTO teachers VALUES(569,'منى','mona','scrypt:32768:8:1$ePRYVlAdNxxC3AFm$9e5e1c8c115b18097ef399d657d9de00f508223dd88428adcb32b4c07e026d383054d632b9c6a3a828a4c0c41c14b42802765352fe2d554597e2c8792f637511',2);
INSERT INTO teachers VALUES(570,'أحمد','ahmed','scrypt:32768:8:1$JuQabyTdBxxKU5TU$40050bdc140da7e2fc50b0ec750ed25d0be8efff5f6a4091832742c761ea5ba0bac67edbe9d31cc82833dd902805ece86bbc4e9addb3138feca09ed8de3951a0',1);
INSERT INTO teachers VALUES(571,'سعاد','suad','scrypt:32768:8:1$NjumIxI3oW8vhSRq$8ed8c7aeb3a8396a71e713a210369935ebccc38b65de17784109c5c2c4f641096da39e396ad5c94157c47bc5b98844586b3a708b69a5f3b0ab2affe377ee6bb8',1);
INSERT INTO teachers VALUES(572,'محمود','mahmoud','scrypt:32768:8:1$aTYycA4LfCaAEOCG$d7101102d011b654d12c0afa12cd287d1188b52dceab0ef6af89e81d26063a269cfd911877d39fa2885ad08729f285dd577bfdb7d278d9c913a94f26b68f5b5b',2);
INSERT INTO teachers VALUES(573,'منى','mona','scrypt:32768:8:1$Or11Ls4OOn72d1lB$6befbac69513be509e1d332c55a9268f1bd28bfd5b4515abdebc4c96db9daa1792d1a2b9846f8a2cde7a39e258d07418d121763e30aa3c03614af3f7dcfc2c04',2);
INSERT INTO teachers VALUES(574,'أحمد','ahmed','scrypt:32768:8:1$A0to5bvksLZHIteV$2a17ec669b4c152f39b4a5983f8e616d771b271eec34a5089424ea8d0fe39c3324b782cd12457be8a7090a5a64741c424b1fbba4955d631c740f8010bce5abe2',1);
INSERT INTO teachers VALUES(575,'سعاد','suad','scrypt:32768:8:1$hAkLE0JOIgFlXxgN$c6bc7b437796db0ef174aeabd28077a8c3376b8630469f369b89c82e0f8571a513e86c3ab31105e11006185a5d54a35c865d8f2b763d485f950749d262f00ea8',1);
INSERT INTO teachers VALUES(576,'محمود','mahmoud','scrypt:32768:8:1$KPThhfcG5O0SPiUW$012ba2854c5b03634821feaced5eb0ea215cb078791bc78271905b6c24d8cefc48de7206cd15932d8ebe32010e36446ea888a94503d83df7dd6effcad13d56b2',2);
INSERT INTO teachers VALUES(577,'منى','mona','scrypt:32768:8:1$gphnRHUsK2JQHcxw$ac520a3f2702d23e54ca2099d2a3a43224974e27ca4ce6288ea938caef0389bf580569dc10ea2125f870eca18109fdb31d0cf58e54d7a8f05e4158ee4f2934ff',2);
CREATE TABLE teacher_class_assignments (
    id INTEGER PRIMARY KEY AUTOINCREMENT,
    teacher_id INTEGER NOT NULL,
    class_id INTEGER NOT NULL,
    FOREIGN KEY(teacher_id) REFERENCES teachers(id),
    FOREIGN KEY(class_id) REFERENCES teacher_classes(id)
);
CREATE TABLE teacher_classes (
    id INTEGER PRIMARY KEY AUTOINCREMENT,
    class_name TEXT NOT NULL,
    section TEXT NOT NULL,
    period TEXT NOT NULL
, school_id INTEGER);
INSERT INTO teacher_classes VALUES(1,'الصف السابع','أ','صباحي',NULL);
INSERT INTO teacher_classes VALUES(2,'الصف الثامن','ب','صباحي',NULL);
INSERT INTO teacher_classes VALUES(3,'الصف السابع','ب','صباحي',NULL);
INSERT INTO teacher_classes VALUES(4,'الصف التاسع','أ','صباحي',NULL);
INSERT INTO teacher_classes VALUES(5,'الصف التاسع','ب','صباحي',NULL);
INSERT INTO teacher_classes VALUES(6,'الصف السابع','أ','صباحي',NULL);
INSERT INTO teacher_classes VALUES(7,'الصف الثامن','ب','صباحي',NULL);
INSERT INTO teacher_classes VALUES(8,'الصف السابع','ب','صباحي',NULL);
INSERT INTO teacher_classes VALUES(9,'الصف التاسع','أ','صباحي',NULL);
INSERT INTO teacher_classes VALUES(10,'الصف التاسع','ب','صباحي',NULL);
INSERT INTO teacher_classes VALUES(11,'العاشر ','أ','صباحي',NULL);
INSERT INTO teacher_classes VALUES(12,'الاول','أ','صباحي',NULL);
INSERT INTO teacher_classes VALUES(13,'الصف السابع','أ','صباحي',NULL);
INSERT INTO teacher_classes VALUES(14,'الصف الثامن','ب','صباحي',NULL);
INSERT INTO teacher_classes VALUES(15,'الصف السابع','ب','صباحي',NULL);
INSERT INTO teacher_classes VALUES(16,'الصف التاسع','أ','صباحي',NULL);
INSERT INTO teacher_classes VALUES(17,'الصف التاسع','ب','صباحي',NULL);
INSERT INTO teacher_classes VALUES(18,'الصف السابع','أ','صباحي',NULL);
INSERT INTO teacher_classes VALUES(19,'الصف الثامن','ب','صباحي',NULL);
INSERT INTO teacher_classes VALUES(20,'الصف السابع','ب','صباحي',NULL);
INSERT INTO teacher_classes VALUES(21,'الصف التاسع','أ','صباحي',NULL);
INSERT INTO teacher_classes VALUES(22,'الصف التاسع','ب','صباحي',NULL);
INSERT INTO teacher_classes VALUES(23,'الصف السابع','أ','صباحي',NULL);
INSERT INTO teacher_classes VALUES(24,'الصف الثامن','ب','صباحي',NULL);
INSERT INTO teacher_classes VALUES(25,'الصف السابع','ب','صباحي',NULL);
INSERT INTO teacher_classes VALUES(26,'الصف التاسع','أ','صباحي',NULL);
INSERT INTO teacher_classes VALUES(27,'الصف التاسع','ب','صباحي',NULL);
INSERT INTO teacher_classes VALUES(28,'الصف السابع','أ','صباحي',NULL);
INSERT INTO teacher_classes VALUES(29,'الصف الثامن','ب','صباحي',NULL);
INSERT INTO teacher_classes VALUES(30,'الصف السابع','ب','صباحي',NULL);
INSERT INTO teacher_classes VALUES(31,'الصف التاسع','أ','صباحي',NULL);
INSERT INTO teacher_classes VALUES(32,'الصف التاسع','ب','صباحي',NULL);
INSERT INTO teacher_classes VALUES(33,'الصف السابع','أ','صباحي',NULL);
INSERT INTO teacher_classes VALUES(34,'الصف الثامن','ب','صباحي',NULL);
INSERT INTO teacher_classes VALUES(35,'الصف السابع','ب','صباحي',NULL);
INSERT INTO teacher_classes VALUES(36,'الصف التاسع','أ','صباحي',NULL);
INSERT INTO teacher_classes VALUES(37,'الصف التاسع','ب','صباحي',NULL);
INSERT INTO teacher_classes VALUES(38,'الصف السابع','أ','صباحي',NULL);
INSERT INTO teacher_classes VALUES(39,'الصف الثامن','ب','صباحي',NULL);
INSERT INTO teacher_classes VALUES(40,'الصف السابع','ب','صباحي',NULL);
INSERT INTO teacher_classes VALUES(41,'الصف التاسع','أ','صباحي',NULL);
INSERT INTO teacher_classes VALUES(42,'الصف التاسع','ب','صباحي',NULL);
INSERT INTO teacher_classes VALUES(43,'Nn','د','صباحي',NULL);
INSERT INTO teacher_classes VALUES(44,'الصف السابع','أ','صباحي',NULL);
INSERT INTO teacher_classes VALUES(45,'الصف الثامن','ب','صباحي',NULL);
INSERT INTO teacher_classes VALUES(46,'الصف السابع','ب','صباحي',NULL);
INSERT INTO teacher_classes VALUES(47,'الصف التاسع','أ','صباحي',NULL);
INSERT INTO teacher_classes VALUES(48,'الصف التاسع','ب','صباحي',NULL);
INSERT INTO teacher_classes VALUES(49,'الصف السابع','أ','صباحي',NULL);
INSERT INTO teacher_classes VALUES(50,'الصف الثامن','ب','صباحي',NULL);
INSERT INTO teacher_classes VALUES(51,'الصف السابع','ب','صباحي',NULL);
INSERT INTO teacher_classes VALUES(52,'الصف التاسع','أ','صباحي',NULL);
INSERT INTO teacher_classes VALUES(53,'الصف التاسع','ب','صباحي',NULL);
INSERT INTO teacher_classes VALUES(54,'الصف السابع','أ','صباحي',NULL);
INSERT INTO teacher_classes VALUES(55,'الصف الثامن','ب','صباحي',NULL);
INSERT INTO teacher_classes VALUES(56,'الصف السابع','ب','صباحي',NULL);
INSERT INTO teacher_classes VALUES(57,'الصف التاسع','أ','صباحي',NULL);
INSERT INTO teacher_classes VALUES(58,'الصف التاسع','ب','صباحي',NULL);
INSERT INTO teacher_classes VALUES(59,'الصف السابع','أ','صباحي',NULL);
INSERT INTO teacher_classes VALUES(60,'الصف الثامن','ب','صباحي',NULL);
INSERT INTO teacher_classes VALUES(61,'الصف السابع','ب','صباحي',NULL);
INSERT INTO teacher_classes VALUES(62,'الصف التاسع','أ','صباحي',NULL);
INSERT INTO teacher_classes VALUES(63,'الصف التاسع','ب','صباحي',NULL);
INSERT INTO teacher_classes VALUES(64,'الصف السابع','أ','صباحي',NULL);
INSERT INTO teacher_classes VALUES(65,'الصف الثامن','ب','صباحي',NULL);
INSERT INTO teacher_classes VALUES(66,'الصف السابع','ب','صباحي',NULL);
INSERT INTO teacher_classes VALUES(67,'الصف التاسع','أ','صباحي',NULL);
INSERT INTO teacher_classes VALUES(68,'الصف التاسع','ب','صباحي',NULL);
INSERT INTO teacher_classes VALUES(69,'الصف السابع','أ','صباحي',NULL);
INSERT INTO teacher_classes VALUES(70,'الصف الثامن','ب','صباحي',NULL);
INSERT INTO teacher_classes VALUES(71,'الصف السابع','ب','صباحي',NULL);
INSERT INTO teacher_classes VALUES(72,'الصف التاسع','أ','صباحي',NULL);
INSERT INTO teacher_classes VALUES(73,'الصف التاسع','ب','صباحي',NULL);
INSERT INTO teacher_classes VALUES(74,'الصف السابع','أ','صباحي',NULL);
INSERT INTO teacher_classes VALUES(75,'الصف الثامن','ب','صباحي',NULL);
INSERT INTO teacher_classes VALUES(76,'الصف السابع','ب','صباحي',NULL);
INSERT INTO teacher_classes VALUES(77,'الصف التاسع','أ','صباحي',NULL);
INSERT INTO teacher_classes VALUES(78,'الصف التاسع','ب','صباحي',NULL);
INSERT INTO teacher_classes VALUES(79,'الصف السابع','أ','صباحي',NULL);
INSERT INTO teacher_classes VALUES(80,'الصف الثامن','ب','صباحي',NULL);
INSERT INTO teacher_classes VALUES(81,'الصف السابع','ب','صباحي',NULL);
INSERT INTO teacher_classes VALUES(82,'الصف التاسع','أ','صباحي',NULL);
INSERT INTO teacher_classes VALUES(83,'الصف التاسع','ب','صباحي',NULL);
INSERT INTO teacher_classes VALUES(84,'الصف السابع','أ','صباحي',NULL);
INSERT INTO teacher_classes VALUES(85,'الصف الثامن','ب','صباحي',NULL);
INSERT INTO teacher_classes VALUES(86,'الصف السابع','ب','صباحي',NULL);
INSERT INTO teacher_classes VALUES(87,'الصف التاسع','أ','صباحي',NULL);
INSERT INTO teacher_classes VALUES(88,'الصف التاسع','ب','صباحي',NULL);
INSERT INTO teacher_classes VALUES(89,'الصف السابع','أ','صباحي',NULL);
INSERT INTO teacher_classes VALUES(90,'الصف الثامن','ب','صباحي',NULL);
INSERT INTO teacher_classes VALUES(91,'الصف السابع','ب','صباحي',NULL);
INSERT INTO teacher_classes VALUES(92,'الصف التاسع','أ','صباحي',NULL);
INSERT INTO teacher_classes VALUES(93,'الصف التاسع','ب','صباحي',NULL);
INSERT INTO teacher_classes VALUES(94,'الصف السابع','أ','صباحي',NULL);
INSERT INTO teacher_classes VALUES(95,'الصف الثامن','ب','صباحي',NULL);
INSERT INTO teacher_classes VALUES(96,'الصف السابع','ب','صباحي',NULL);
INSERT INTO teacher_classes VALUES(97,'الصف التاسع','أ','صباحي',NULL);
INSERT INTO teacher_classes VALUES(98,'الصف التاسع','ب','صباحي',NULL);
INSERT INTO teacher_classes VALUES(99,'الصف السابع','أ','صباحي',NULL);
INSERT INTO teacher_classes VALUES(100,'الصف الثامن','ب','صباحي',NULL);
INSERT INTO teacher_classes VALUES(101,'الصف السابع','ب','صباحي',NULL);
INSERT INTO teacher_classes VALUES(102,'الصف التاسع','أ','صباحي',NULL);
INSERT INTO teacher_classes VALUES(103,'الصف التاسع','ب','صباحي',NULL);
INSERT INTO teacher_classes VALUES(104,'الثامن ','أ','صباحي',NULL);
INSERT INTO teacher_classes VALUES(105,'الصف السابع','أ','صباحي',NULL);
INSERT INTO teacher_classes VALUES(106,'الصف الثامن','ب','صباحي',NULL);
INSERT INTO teacher_classes VALUES(107,'الصف السابع','ب','صباحي',NULL);
INSERT INTO teacher_classes VALUES(108,'الصف التاسع','أ','صباحي',NULL);
INSERT INTO teacher_classes VALUES(109,'الصف التاسع','ب','صباحي',NULL);
INSERT INTO teacher_classes VALUES(110,'الصف السابع','أ','صباحي',NULL);
INSERT INTO teacher_classes VALUES(111,'الصف الثامن','ب','صباحي',NULL);
INSERT INTO teacher_classes VALUES(112,'الصف السابع','ب','صباحي',NULL);
INSERT INTO teacher_classes VALUES(113,'الصف التاسع','أ','صباحي',NULL);
INSERT INTO teacher_classes VALUES(114,'الصف التاسع','ب','صباحي',NULL);
INSERT INTO teacher_classes VALUES(115,'الصف السابع','أ','صباحي',NULL);
INSERT INTO teacher_classes VALUES(116,'الصف الثامن','ب','صباحي',NULL);
INSERT INTO teacher_classes VALUES(117,'الصف السابع','ب','صباحي',NULL);
INSERT INTO teacher_classes VALUES(118,'الصف التاسع','أ','صباحي',NULL);
INSERT INTO teacher_classes VALUES(119,'الصف التاسع','ب','صباحي',NULL);
INSERT INTO teacher_classes VALUES(120,'الصف السابع','أ','صباحي',NULL);
INSERT INTO teacher_classes VALUES(121,'الصف الثامن','ب','صباحي',NULL);
INSERT INTO teacher_classes VALUES(122,'الصف السابع','ب','صباحي',NULL);
INSERT INTO teacher_classes VALUES(123,'الصف التاسع','أ','صباحي',NULL);
INSERT INTO teacher_classes VALUES(124,'الصف التاسع','ب','صباحي',NULL);
INSERT INTO teacher_classes VALUES(125,'الصف السابع','أ','صباحي',NULL);
INSERT INTO teacher_classes VALUES(126,'الصف الثامن','ب','صباحي',NULL);
INSERT INTO teacher_classes VALUES(127,'الصف السابع','ب','صباحي',NULL);
INSERT INTO teacher_classes VALUES(128,'الصف التاسع','أ','صباحي',NULL);
INSERT INTO teacher_classes VALUES(129,'الصف التاسع','ب','صباحي',NULL);
INSERT INTO teacher_classes VALUES(130,'الصف السابع','أ','صباحي',NULL);
INSERT INTO teacher_classes VALUES(131,'الصف الثامن','ب','صباحي',NULL);
INSERT INTO teacher_classes VALUES(132,'الصف السابع','ب','صباحي',NULL);
INSERT INTO teacher_classes VALUES(133,'الصف التاسع','أ','صباحي',NULL);
INSERT INTO teacher_classes VALUES(134,'الصف التاسع','ب','صباحي',NULL);
INSERT INTO teacher_classes VALUES(135,'الصف السابع','أ','صباحي',NULL);
INSERT INTO teacher_classes VALUES(136,'الصف الثامن','ب','صباحي',NULL);
INSERT INTO teacher_classes VALUES(137,'الصف السابع','ب','صباحي',NULL);
INSERT INTO teacher_classes VALUES(138,'الصف التاسع','أ','صباحي',NULL);
INSERT INTO teacher_classes VALUES(139,'الصف التاسع','ب','صباحي',NULL);
INSERT INTO teacher_classes VALUES(140,'الصف السابع','أ','صباحي',NULL);
INSERT INTO teacher_classes VALUES(141,'الصف الثامن','ب','صباحي',NULL);
INSERT INTO teacher_classes VALUES(142,'الصف السابع','ب','صباحي',NULL);
INSERT INTO teacher_classes VALUES(143,'الصف التاسع','أ','صباحي',NULL);
INSERT INTO teacher_classes VALUES(144,'الصف التاسع','ب','صباحي',NULL);
INSERT INTO teacher_classes VALUES(145,'الصف السابع','أ','صباحي',NULL);
INSERT INTO teacher_classes VALUES(146,'الصف الثامن','ب','صباحي',NULL);
INSERT INTO teacher_classes VALUES(147,'الصف السابع','ب','صباحي',NULL);
INSERT INTO teacher_classes VALUES(148,'الصف التاسع','أ','صباحي',NULL);
INSERT INTO teacher_classes VALUES(149,'الصف التاسع','ب','صباحي',NULL);
INSERT INTO teacher_classes VALUES(150,'الصف السابع','أ','صباحي',NULL);
INSERT INTO teacher_classes VALUES(151,'الصف الثامن','ب','صباحي',NULL);
INSERT INTO teacher_classes VALUES(152,'الصف السابع','ب','صباحي',NULL);
INSERT INTO teacher_classes VALUES(153,'الصف التاسع','أ','صباحي',NULL);
INSERT INTO teacher_classes VALUES(154,'الصف التاسع','ب','صباحي',NULL);
INSERT INTO teacher_classes VALUES(155,'الصف السابع','أ','صباحي',NULL);
INSERT INTO teacher_classes VALUES(156,'الصف الثامن','ب','صباحي',NULL);
INSERT INTO teacher_classes VALUES(157,'الصف السابع','ب','صباحي',NULL);
INSERT INTO teacher_classes VALUES(158,'الصف التاسع','أ','صباحي',NULL);
INSERT INTO teacher_classes VALUES(159,'الصف التاسع','ب','صباحي',NULL);
INSERT INTO teacher_classes VALUES(160,'الصف السابع','أ','صباحي',NULL);
INSERT INTO teacher_classes VALUES(161,'الصف الثامن','ب','صباحي',NULL);
INSERT INTO teacher_classes VALUES(162,'الصف السابع','ب','صباحي',NULL);
INSERT INTO teacher_classes VALUES(163,'الصف التاسع','أ','صباحي',NULL);
INSERT INTO teacher_classes VALUES(164,'الصف التاسع','ب','صباحي',NULL);
INSERT INTO teacher_classes VALUES(165,'الصف السابع','أ','صباحي',NULL);
INSERT INTO teacher_classes VALUES(166,'الصف الثامن','ب','صباحي',NULL);
INSERT INTO teacher_classes VALUES(167,'الصف السابع','ب','صباحي',NULL);
INSERT INTO teacher_classes VALUES(168,'الصف التاسع','أ','صباحي',NULL);
INSERT INTO teacher_classes VALUES(169,'الصف التاسع','ب','صباحي',NULL);
INSERT INTO teacher_classes VALUES(170,'الصف السابع','أ','صباحي',NULL);
INSERT INTO teacher_classes VALUES(171,'الصف الثامن','ب','صباحي',NULL);
INSERT INTO teacher_classes VALUES(172,'الصف السابع','ب','صباحي',NULL);
INSERT INTO teacher_classes VALUES(173,'الصف التاسع','أ','صباحي',NULL);
INSERT INTO teacher_classes VALUES(174,'الصف التاسع','ب','صباحي',NULL);
INSERT INTO teacher_classes VALUES(175,'الصف السابع','أ','صباحي',NULL);
INSERT INTO teacher_classes VALUES(176,'الصف الثامن','ب','صباحي',NULL);
INSERT INTO teacher_classes VALUES(177,'الصف السابع','ب','صباحي',NULL);
INSERT INTO teacher_classes VALUES(178,'الصف التاسع','أ','صباحي',NULL);
INSERT INTO teacher_classes VALUES(179,'الصف التاسع','ب','صباحي',NULL);
INSERT INTO teacher_classes VALUES(180,'الصف السابع','أ','صباحي',NULL);
INSERT INTO teacher_classes VALUES(181,'الصف الثامن','ب','صباحي',NULL);
INSERT INTO teacher_classes VALUES(182,'الصف السابع','ب','صباحي',NULL);
INSERT INTO teacher_classes VALUES(183,'الصف التاسع','أ','صباحي',NULL);
INSERT INTO teacher_classes VALUES(184,'الصف التاسع','ب','صباحي',NULL);
INSERT INTO teacher_classes VALUES(185,'الصف السابع','أ','صباحي',NULL);
INSERT INTO teacher_classes VALUES(186,'الصف الثامن','ب','صباحي',NULL);
INSERT INTO teacher_classes VALUES(187,'الصف السابع','ب','صباحي',NULL);
INSERT INTO teacher_classes VALUES(188,'الصف التاسع','أ','صباحي',NULL);
INSERT INTO teacher_classes VALUES(189,'الصف التاسع','ب','صباحي',NULL);
INSERT INTO teacher_classes VALUES(190,'الصف السابع','أ','صباحي',NULL);
INSERT INTO teacher_classes VALUES(191,'الصف الثامن','ب','صباحي',NULL);
INSERT INTO teacher_classes VALUES(192,'الصف السابع','ب','صباحي',NULL);
INSERT INTO teacher_classes VALUES(193,'الصف التاسع','أ','صباحي',NULL);
INSERT INTO teacher_classes VALUES(194,'الصف التاسع','ب','صباحي',NULL);
INSERT INTO teacher_classes VALUES(195,'الصف السابع','أ','صباحي',NULL);
INSERT INTO teacher_classes VALUES(196,'الصف الثامن','ب','صباحي',NULL);
INSERT INTO teacher_classes VALUES(197,'الصف السابع','ب','صباحي',NULL);
INSERT INTO teacher_classes VALUES(198,'الصف التاسع','أ','صباحي',NULL);
INSERT INTO teacher_classes VALUES(199,'الصف التاسع','ب','صباحي',NULL);
INSERT INTO teacher_classes VALUES(200,'الصف السابع','أ','صباحي',NULL);
INSERT INTO teacher_classes VALUES(201,'الصف الثامن','ب','صباحي',NULL);
INSERT INTO teacher_classes VALUES(202,'الصف السابع','ب','صباحي',NULL);
INSERT INTO teacher_classes VALUES(203,'الصف التاسع','أ','صباحي',NULL);
INSERT INTO teacher_classes VALUES(204,'الصف التاسع','ب','صباحي',NULL);
INSERT INTO teacher_classes VALUES(205,'الصف السابع','أ','صباحي',NULL);
INSERT INTO teacher_classes VALUES(206,'الصف الثامن','ب','صباحي',NULL);
INSERT INTO teacher_classes VALUES(207,'الصف السابع','ب','صباحي',NULL);
INSERT INTO teacher_classes VALUES(208,'الصف التاسع','أ','صباحي',NULL);
INSERT INTO teacher_classes VALUES(209,'الصف التاسع','ب','صباحي',NULL);
INSERT INTO teacher_classes VALUES(210,'الصف السابع','أ','صباحي',NULL);
INSERT INTO teacher_classes VALUES(211,'الصف الثامن','ب','صباحي',NULL);
INSERT INTO teacher_classes VALUES(212,'الصف السابع','ب','صباحي',NULL);
INSERT INTO teacher_classes VALUES(213,'الصف التاسع','أ','صباحي',NULL);
INSERT INTO teacher_classes VALUES(214,'الصف التاسع','ب','صباحي',NULL);
INSERT INTO teacher_classes VALUES(215,'الصف السابع','أ','صباحي',NULL);
INSERT INTO teacher_classes VALUES(216,'الصف الثامن','ب','صباحي',NULL);
INSERT INTO teacher_classes VALUES(217,'الصف السابع','ب','صباحي',NULL);
INSERT INTO teacher_classes VALUES(218,'الصف التاسع','أ','صباحي',NULL);
INSERT INTO teacher_classes VALUES(219,'الصف التاسع','ب','صباحي',NULL);
INSERT INTO teacher_classes VALUES(220,'العاشر ','ب','صباحي',115);
INSERT INTO teacher_classes VALUES(221,'الصف السابع','أ','صباحي',NULL);
INSERT INTO teacher_classes VALUES(222,'الصف الثامن','ب','صباحي',NULL);
INSERT INTO teacher_classes VALUES(223,'الصف السابع','ب','صباحي',NULL);
INSERT INTO teacher_classes VALUES(224,'الصف التاسع','أ','صباحي',NULL);
INSERT INTO teacher_classes VALUES(225,'الصف التاسع','ب','صباحي',NULL);
INSERT INTO teacher_classes VALUES(226,'الصف السابع','أ','صباحي',NULL);
INSERT INTO teacher_classes VALUES(227,'الصف الثامن','ب','صباحي',NULL);
INSERT INTO teacher_classes VALUES(228,'الصف السابع','ب','صباحي',NULL);
INSERT INTO teacher_classes VALUES(229,'الصف التاسع','أ','صباحي',NULL);
INSERT INTO teacher_classes VALUES(230,'الصف التاسع','ب','صباحي',NULL);
INSERT INTO teacher_classes VALUES(231,'الصف السابع','أ','صباحي',NULL);
INSERT INTO teacher_classes VALUES(232,'الصف الثامن','ب','صباحي',NULL);
INSERT INTO teacher_classes VALUES(233,'الصف السابع','ب','صباحي',NULL);
INSERT INTO teacher_classes VALUES(234,'الصف التاسع','أ','صباحي',NULL);
INSERT INTO teacher_classes VALUES(235,'الصف التاسع','ب','صباحي',NULL);
INSERT INTO teacher_classes VALUES(236,'الصف السابع','أ','صباحي',NULL);
INSERT INTO teacher_classes VALUES(237,'الصف الثامن','ب','صباحي',NULL);
INSERT INTO teacher_classes VALUES(238,'الصف السابع','ب','صباحي',NULL);
INSERT INTO teacher_classes VALUES(239,'الصف التاسع','أ','صباحي',NULL);
INSERT INTO teacher_classes VALUES(240,'الصف التاسع','ب','صباحي',NULL);
INSERT INTO teacher_classes VALUES(241,'الصف السابع','أ','صباحي',NULL);
INSERT INTO teacher_classes VALUES(242,'الصف الثامن','ب','صباحي',NULL);
INSERT INTO teacher_classes VALUES(243,'الصف السابع','ب','صباحي',NULL);
INSERT INTO teacher_classes VALUES(244,'الصف التاسع','أ','صباحي',NULL);
INSERT INTO teacher_classes VALUES(245,'الصف التاسع','ب','صباحي',NULL);
INSERT INTO teacher_classes VALUES(246,'الصف السابع','أ','صباحي',NULL);
INSERT INTO teacher_classes VALUES(247,'الصف الثامن','ب','صباحي',NULL);
INSERT INTO teacher_classes VALUES(248,'الصف السابع','ب','صباحي',NULL);
INSERT INTO teacher_classes VALUES(249,'الصف التاسع','أ','صباحي',NULL);
INSERT INTO teacher_classes VALUES(250,'الصف التاسع','ب','صباحي',NULL);
INSERT INTO teacher_classes VALUES(251,'الصف السابع','أ','صباحي',NULL);
INSERT INTO teacher_classes VALUES(252,'الصف الثامن','ب','صباحي',NULL);
INSERT INTO teacher_classes VALUES(253,'الصف السابع','ب','صباحي',NULL);
INSERT INTO teacher_classes VALUES(254,'الصف التاسع','أ','صباحي',NULL);
INSERT INTO teacher_classes VALUES(255,'الصف التاسع','ب','صباحي',NULL);
INSERT INTO teacher_classes VALUES(256,'الصف السابع','أ','صباحي',NULL);
INSERT INTO teacher_classes VALUES(257,'الصف الثامن','ب','صباحي',NULL);
INSERT INTO teacher_classes VALUES(258,'الصف السابع','ب','صباحي',NULL);
INSERT INTO teacher_classes VALUES(259,'الصف التاسع','أ','صباحي',NULL);
INSERT INTO teacher_classes VALUES(260,'الصف التاسع','ب','صباحي',NULL);
INSERT INTO teacher_classes VALUES(261,'الصف السابع','أ','صباحي',NULL);
INSERT INTO teacher_classes VALUES(262,'الصف الثامن','ب','صباحي',NULL);
INSERT INTO teacher_classes VALUES(263,'الصف السابع','ب','صباحي',NULL);
INSERT INTO teacher_classes VALUES(264,'الصف التاسع','أ','صباحي',NULL);
INSERT INTO teacher_classes VALUES(265,'الصف التاسع','ب','صباحي',NULL);
INSERT INTO teacher_classes VALUES(266,'الصف السابع','أ','صباحي',NULL);
INSERT INTO teacher_classes VALUES(267,'الصف الثامن','ب','صباحي',NULL);
INSERT INTO teacher_classes VALUES(268,'الصف السابع','ب','صباحي',NULL);
INSERT INTO teacher_classes VALUES(269,'الصف التاسع','أ','صباحي',NULL);
INSERT INTO teacher_classes VALUES(270,'الصف التاسع','ب','صباحي',NULL);
INSERT INTO teacher_classes VALUES(271,'الصف السابع','أ','صباحي',NULL);
INSERT INTO teacher_classes VALUES(272,'الصف الثامن','ب','صباحي',NULL);
INSERT INTO teacher_classes VALUES(273,'الصف السابع','ب','صباحي',NULL);
INSERT INTO teacher_classes VALUES(274,'الصف التاسع','أ','صباحي',NULL);
INSERT INTO teacher_classes VALUES(275,'الصف التاسع','ب','صباحي',NULL);
INSERT INTO teacher_classes VALUES(276,'الصف السابع','أ','صباحي',NULL);
INSERT INTO teacher_classes VALUES(277,'الصف الثامن','ب','صباحي',NULL);
INSERT INTO teacher_classes VALUES(278,'الصف السابع','ب','صباحي',NULL);
INSERT INTO teacher_classes VALUES(279,'الصف التاسع','أ','صباحي',NULL);
INSERT INTO teacher_classes VALUES(280,'الصف التاسع','ب','صباحي',NULL);
INSERT INTO teacher_classes VALUES(281,'الصف السابع','أ','صباحي',NULL);
INSERT INTO teacher_classes VALUES(282,'الصف الثامن','ب','صباحي',NULL);
INSERT INTO teacher_classes VALUES(283,'الصف السابع','ب','صباحي',NULL);
INSERT INTO teacher_classes VALUES(284,'الصف التاسع','أ','صباحي',NULL);
INSERT INTO teacher_classes VALUES(285,'الصف التاسع','ب','صباحي',NULL);
INSERT INTO teacher_classes VALUES(286,'الصف السابع','أ','صباحي',NULL);
INSERT INTO teacher_classes VALUES(287,'الصف الثامن','ب','صباحي',NULL);
INSERT INTO teacher_classes VALUES(288,'الصف السابع','ب','صباحي',NULL);
INSERT INTO teacher_classes VALUES(289,'الصف التاسع','أ','صباحي',NULL);
INSERT INTO teacher_classes VALUES(290,'الصف التاسع','ب','صباحي',NULL);
INSERT INTO teacher_classes VALUES(291,'الصف السابع','أ','صباحي',NULL);
INSERT INTO teacher_classes VALUES(292,'الصف الثامن','ب','صباحي',NULL);
INSERT INTO teacher_classes VALUES(293,'الصف السابع','ب','صباحي',NULL);
INSERT INTO teacher_classes VALUES(294,'الصف التاسع','أ','صباحي',NULL);
INSERT INTO teacher_classes VALUES(295,'الصف التاسع','ب','صباحي',NULL);
INSERT INTO teacher_classes VALUES(296,'الصف السابع','أ','صباحي',NULL);
INSERT INTO teacher_classes VALUES(297,'الصف الثامن','ب','صباحي',NULL);
INSERT INTO teacher_classes VALUES(298,'الصف السابع','ب','صباحي',NULL);
INSERT INTO teacher_classes VALUES(299,'الصف التاسع','أ','صباحي',NULL);
INSERT INTO teacher_classes VALUES(300,'الصف التاسع','ب','صباحي',NULL);
INSERT INTO teacher_classes VALUES(301,'الصف السابع','أ','صباحي',NULL);
INSERT INTO teacher_classes VALUES(302,'الصف الثامن','ب','صباحي',NULL);
INSERT INTO teacher_classes VALUES(303,'الصف السابع','ب','صباحي',NULL);
INSERT INTO teacher_classes VALUES(304,'الصف التاسع','أ','صباحي',NULL);
INSERT INTO teacher_classes VALUES(305,'الصف التاسع','ب','صباحي',NULL);
INSERT INTO teacher_classes VALUES(306,'الصف السابع','أ','صباحي',NULL);
INSERT INTO teacher_classes VALUES(307,'الصف الثامن','ب','صباحي',NULL);
INSERT INTO teacher_classes VALUES(308,'الصف السابع','ب','صباحي',NULL);
INSERT INTO teacher_classes VALUES(309,'الصف التاسع','أ','صباحي',NULL);
INSERT INTO teacher_classes VALUES(310,'الصف التاسع','ب','صباحي',NULL);
INSERT INTO teacher_classes VALUES(311,'الصف السابع','أ','صباحي',NULL);
INSERT INTO teacher_classes VALUES(312,'الصف الثامن','ب','صباحي',NULL);
INSERT INTO teacher_classes VALUES(313,'الصف السابع','ب','صباحي',NULL);
INSERT INTO teacher_classes VALUES(314,'الصف التاسع','أ','صباحي',NULL);
INSERT INTO teacher_classes VALUES(315,'الصف التاسع','ب','صباحي',NULL);
INSERT INTO teacher_classes VALUES(316,'الصف السابع','أ','صباحي',NULL);
INSERT INTO teacher_classes VALUES(317,'الصف الثامن','ب','صباحي',NULL);
INSERT INTO teacher_classes VALUES(318,'الصف السابع','ب','صباحي',NULL);
INSERT INTO teacher_classes VALUES(319,'الصف التاسع','أ','صباحي',NULL);
INSERT INTO teacher_classes VALUES(320,'الصف التاسع','ب','صباحي',NULL);
INSERT INTO teacher_classes VALUES(321,'الصف السابع','أ','صباحي',NULL);
INSERT INTO teacher_classes VALUES(322,'الصف الثامن','ب','صباحي',NULL);
INSERT INTO teacher_classes VALUES(323,'الصف السابع','ب','صباحي',NULL);
INSERT INTO teacher_classes VALUES(324,'الصف التاسع','أ','صباحي',NULL);
INSERT INTO teacher_classes VALUES(325,'الصف التاسع','ب','صباحي',NULL);
INSERT INTO teacher_classes VALUES(326,'الصف السابع','أ','صباحي',NULL);
INSERT INTO teacher_classes VALUES(327,'الصف الثامن','ب','صباحي',NULL);
INSERT INTO teacher_classes VALUES(328,'الصف السابع','ب','صباحي',NULL);
INSERT INTO teacher_classes VALUES(329,'الصف التاسع','أ','صباحي',NULL);
INSERT INTO teacher_classes VALUES(330,'الصف التاسع','ب','صباحي',NULL);
INSERT INTO teacher_classes VALUES(331,'الصف السابع','أ','صباحي',NULL);
INSERT INTO teacher_classes VALUES(332,'الصف الثامن','ب','صباحي',NULL);
INSERT INTO teacher_classes VALUES(333,'الصف السابع','ب','صباحي',NULL);
INSERT INTO teacher_classes VALUES(334,'الصف التاسع','أ','صباحي',NULL);
INSERT INTO teacher_classes VALUES(335,'الصف التاسع','ب','صباحي',NULL);
INSERT INTO teacher_classes VALUES(336,'الصف السابع','أ','صباحي',NULL);
INSERT INTO teacher_classes VALUES(337,'الصف الثامن','ب','صباحي',NULL);
INSERT INTO teacher_classes VALUES(338,'الصف السابع','ب','صباحي',NULL);
INSERT INTO teacher_classes VALUES(339,'الصف التاسع','أ','صباحي',NULL);
INSERT INTO teacher_classes VALUES(340,'الصف التاسع','ب','صباحي',NULL);
INSERT INTO teacher_classes VALUES(341,'الصف السابع','أ','صباحي',NULL);
INSERT INTO teacher_classes VALUES(342,'الصف الثامن','ب','صباحي',NULL);
INSERT INTO teacher_classes VALUES(343,'الصف السابع','ب','صباحي',NULL);
INSERT INTO teacher_classes VALUES(344,'الصف التاسع','أ','صباحي',NULL);
INSERT INTO teacher_classes VALUES(345,'الصف التاسع','ب','صباحي',NULL);
INSERT INTO teacher_classes VALUES(346,'الصف السابع','أ','صباحي',NULL);
INSERT INTO teacher_classes VALUES(347,'الصف الثامن','ب','صباحي',NULL);
INSERT INTO teacher_classes VALUES(348,'الصف السابع','ب','صباحي',NULL);
INSERT INTO teacher_classes VALUES(349,'الصف التاسع','أ','صباحي',NULL);
INSERT INTO teacher_classes VALUES(350,'الصف التاسع','ب','صباحي',NULL);
INSERT INTO teacher_classes VALUES(351,'الصف السابع','أ','صباحي',NULL);
INSERT INTO teacher_classes VALUES(352,'الصف الثامن','ب','صباحي',NULL);
INSERT INTO teacher_classes VALUES(353,'الصف السابع','ب','صباحي',NULL);
INSERT INTO teacher_classes VALUES(354,'الصف التاسع','أ','صباحي',NULL);
INSERT INTO teacher_classes VALUES(355,'الصف التاسع','ب','صباحي',NULL);
INSERT INTO teacher_classes VALUES(356,'الصف السابع','أ','صباحي',NULL);
INSERT INTO teacher_classes VALUES(357,'الصف الثامن','ب','صباحي',NULL);
INSERT INTO teacher_classes VALUES(358,'الصف السابع','ب','صباحي',NULL);
INSERT INTO teacher_classes VALUES(359,'الصف التاسع','أ','صباحي',NULL);
INSERT INTO teacher_classes VALUES(360,'الصف التاسع','ب','صباحي',NULL);
INSERT INTO teacher_classes VALUES(361,'العاشر ','أ','صباحي',5);
INSERT INTO teacher_classes VALUES(362,'العاشر','ب','صباحي',5);
INSERT INTO teacher_classes VALUES(363,'العاشر ','ج','صباحي',5);
INSERT INTO teacher_classes VALUES(364,'الثامن ','أ','صباحي',5);
INSERT INTO teacher_classes VALUES(365,'الثامن','ب','صباحي',5);
INSERT INTO teacher_classes VALUES(366,'الثامن ','ج','صباحي',5);
INSERT INTO teacher_classes VALUES(367,'الحادي عشر اكاديمي ','أ','صباحي',5);
INSERT INTO teacher_classes VALUES(368,'الحادي عشر اكاديمي ','ب','صباحي',5);
INSERT INTO teacher_classes VALUES(369,'الحادي عشر اكاديمي ','ج','صباحي',5);
INSERT INTO teacher_classes VALUES(370,'الصف السابع','أ','صباحي',NULL);
INSERT INTO teacher_classes VALUES(371,'الصف الثامن','ب','صباحي',NULL);
INSERT INTO teacher_classes VALUES(372,'الصف السابع','ب','صباحي',NULL);
INSERT INTO teacher_classes VALUES(373,'الصف التاسع','أ','صباحي',NULL);
INSERT INTO teacher_classes VALUES(374,'الصف التاسع','ب','صباحي',NULL);
INSERT INTO teacher_classes VALUES(375,'الصف السابع','أ','صباحي',NULL);
INSERT INTO teacher_classes VALUES(376,'الصف الثامن','ب','صباحي',NULL);
INSERT INTO teacher_classes VALUES(377,'الصف السابع','ب','صباحي',NULL);
INSERT INTO teacher_classes VALUES(378,'الصف التاسع','أ','صباحي',NULL);
INSERT INTO teacher_classes VALUES(379,'الصف التاسع','ب','صباحي',NULL);
INSERT INTO teacher_classes VALUES(380,'الصف السابع','أ','صباحي',NULL);
INSERT INTO teacher_classes VALUES(381,'الصف الثامن','ب','صباحي',NULL);
INSERT INTO teacher_classes VALUES(382,'الصف السابع','ب','صباحي',NULL);
INSERT INTO teacher_classes VALUES(383,'الصف التاسع','أ','صباحي',NULL);
INSERT INTO teacher_classes VALUES(384,'الصف التاسع','ب','صباحي',NULL);
INSERT INTO teacher_classes VALUES(385,'الصف السابع','أ','صباحي',NULL);
INSERT INTO teacher_classes VALUES(386,'الصف الثامن','ب','صباحي',NULL);
INSERT INTO teacher_classes VALUES(387,'الصف السابع','ب','صباحي',NULL);
INSERT INTO teacher_classes VALUES(388,'الصف التاسع','أ','صباحي',NULL);
INSERT INTO teacher_classes VALUES(389,'الصف التاسع','ب','صباحي',NULL);
INSERT INTO teacher_classes VALUES(390,'الصف السابع','أ','صباحي',NULL);
INSERT INTO teacher_classes VALUES(391,'الصف الثامن','ب','صباحي',NULL);
INSERT INTO teacher_classes VALUES(392,'الصف السابع','ب','صباحي',NULL);
INSERT INTO teacher_classes VALUES(393,'الصف التاسع','أ','صباحي',NULL);
INSERT INTO teacher_classes VALUES(394,'الصف التاسع','ب','صباحي',NULL);
INSERT INTO teacher_classes VALUES(395,'الصف السابع','أ','صباحي',NULL);
INSERT INTO teacher_classes VALUES(396,'الصف الثامن','ب','صباحي',NULL);
INSERT INTO teacher_classes VALUES(397,'الصف السابع','ب','صباحي',NULL);
INSERT INTO teacher_classes VALUES(398,'الصف التاسع','أ','صباحي',NULL);
INSERT INTO teacher_classes VALUES(399,'الصف التاسع','ب','صباحي',NULL);
INSERT INTO teacher_classes VALUES(400,'الصف السابع','أ','صباحي',NULL);
INSERT INTO teacher_classes VALUES(401,'الصف الثامن','ب','صباحي',NULL);
INSERT INTO teacher_classes VALUES(402,'الصف السابع','ب','صباحي',NULL);
INSERT INTO teacher_classes VALUES(403,'الصف التاسع','أ','صباحي',NULL);
INSERT INTO teacher_classes VALUES(404,'الصف التاسع','ب','صباحي',NULL);
INSERT INTO teacher_classes VALUES(405,'الصف السابع','أ','صباحي',NULL);
INSERT INTO teacher_classes VALUES(406,'الصف الثامن','ب','صباحي',NULL);
INSERT INTO teacher_classes VALUES(407,'الصف السابع','ب','صباحي',NULL);
INSERT INTO teacher_classes VALUES(408,'الصف التاسع','أ','صباحي',NULL);
INSERT INTO teacher_classes VALUES(409,'الصف التاسع','ب','صباحي',NULL);
INSERT INTO teacher_classes VALUES(410,'الصف السابع','أ','صباحي',NULL);
INSERT INTO teacher_classes VALUES(411,'الصف الثامن','ب','صباحي',NULL);
INSERT INTO teacher_classes VALUES(412,'الصف السابع','ب','صباحي',NULL);
INSERT INTO teacher_classes VALUES(413,'الصف التاسع','أ','صباحي',NULL);
INSERT INTO teacher_classes VALUES(414,'الصف التاسع','ب','صباحي',NULL);
INSERT INTO teacher_classes VALUES(415,'الصف السابع','أ','صباحي',NULL);
INSERT INTO teacher_classes VALUES(416,'الصف الثامن','ب','صباحي',NULL);
INSERT INTO teacher_classes VALUES(417,'الصف السابع','ب','صباحي',NULL);
INSERT INTO teacher_classes VALUES(418,'الصف التاسع','أ','صباحي',NULL);
INSERT INTO teacher_classes VALUES(419,'الصف التاسع','ب','صباحي',NULL);
INSERT INTO teacher_classes VALUES(420,'الصف السابع','أ','صباحي',NULL);
INSERT INTO teacher_classes VALUES(421,'الصف الثامن','ب','صباحي',NULL);
INSERT INTO teacher_classes VALUES(422,'الصف السابع','ب','صباحي',NULL);
INSERT INTO teacher_classes VALUES(423,'الصف التاسع','أ','صباحي',NULL);
INSERT INTO teacher_classes VALUES(424,'الصف التاسع','ب','صباحي',NULL);
INSERT INTO teacher_classes VALUES(425,'الصف السابع','أ','صباحي',NULL);
INSERT INTO teacher_classes VALUES(426,'الصف الثامن','ب','صباحي',NULL);
INSERT INTO teacher_classes VALUES(427,'الصف السابع','ب','صباحي',NULL);
INSERT INTO teacher_classes VALUES(428,'الصف التاسع','أ','صباحي',NULL);
INSERT INTO teacher_classes VALUES(429,'الصف التاسع','ب','صباحي',NULL);
INSERT INTO teacher_classes VALUES(430,'الصف السابع','أ','صباحي',NULL);
INSERT INTO teacher_classes VALUES(431,'الصف الثامن','ب','صباحي',NULL);
INSERT INTO teacher_classes VALUES(432,'الصف السابع','ب','صباحي',NULL);
INSERT INTO teacher_classes VALUES(433,'الصف التاسع','أ','صباحي',NULL);
INSERT INTO teacher_classes VALUES(434,'الصف التاسع','ب','صباحي',NULL);
INSERT INTO teacher_classes VALUES(435,'الصف السابع','أ','صباحي',NULL);
INSERT INTO teacher_classes VALUES(436,'الصف الثامن','ب','صباحي',NULL);
INSERT INTO teacher_classes VALUES(437,'الصف السابع','ب','صباحي',NULL);
INSERT INTO teacher_classes VALUES(438,'الصف التاسع','أ','صباحي',NULL);
INSERT INTO teacher_classes VALUES(439,'الصف التاسع','ب','صباحي',NULL);
INSERT INTO teacher_classes VALUES(440,'الصف السابع','أ','صباحي',NULL);
INSERT INTO teacher_classes VALUES(441,'الصف الثامن','ب','صباحي',NULL);
INSERT INTO teacher_classes VALUES(442,'الصف السابع','ب','صباحي',NULL);
INSERT INTO teacher_classes VALUES(443,'الصف التاسع','أ','صباحي',NULL);
INSERT INTO teacher_classes VALUES(444,'الصف التاسع','ب','صباحي',NULL);
INSERT INTO teacher_classes VALUES(445,'الصف السابع','أ','صباحي',NULL);
INSERT INTO teacher_classes VALUES(446,'الصف الثامن','ب','صباحي',NULL);
INSERT INTO teacher_classes VALUES(447,'الصف السابع','ب','صباحي',NULL);
INSERT INTO teacher_classes VALUES(448,'الصف التاسع','أ','صباحي',NULL);
INSERT INTO teacher_classes VALUES(449,'الصف التاسع','ب','صباحي',NULL);
INSERT INTO teacher_classes VALUES(450,'الصف السابع','أ','صباحي',NULL);
INSERT INTO teacher_classes VALUES(451,'الصف الثامن','ب','صباحي',NULL);
INSERT INTO teacher_classes VALUES(452,'الصف السابع','ب','صباحي',NULL);
INSERT INTO teacher_classes VALUES(453,'الصف التاسع','أ','صباحي',NULL);
INSERT INTO teacher_classes VALUES(454,'الصف التاسع','ب','صباحي',NULL);
INSERT INTO teacher_classes VALUES(455,'الصف السابع','أ','صباحي',NULL);
INSERT INTO teacher_classes VALUES(456,'الصف الثامن','ب','صباحي',NULL);
INSERT INTO teacher_classes VALUES(457,'الصف السابع','ب','صباحي',NULL);
INSERT INTO teacher_classes VALUES(458,'الصف التاسع','أ','صباحي',NULL);
INSERT INTO teacher_classes VALUES(459,'الصف التاسع','ب','صباحي',NULL);
INSERT INTO teacher_classes VALUES(460,'الصف السابع','أ','صباحي',NULL);
INSERT INTO teacher_classes VALUES(461,'الصف الثامن','ب','صباحي',NULL);
INSERT INTO teacher_classes VALUES(462,'الصف السابع','ب','صباحي',NULL);
INSERT INTO teacher_classes VALUES(463,'الصف التاسع','أ','صباحي',NULL);
INSERT INTO teacher_classes VALUES(464,'الصف التاسع','ب','صباحي',NULL);
INSERT INTO teacher_classes VALUES(465,'الصف السابع','أ','صباحي',NULL);
INSERT INTO teacher_classes VALUES(466,'الصف الثامن','ب','صباحي',NULL);
INSERT INTO teacher_classes VALUES(467,'الصف السابع','ب','صباحي',NULL);
INSERT INTO teacher_classes VALUES(468,'الصف التاسع','أ','صباحي',NULL);
INSERT INTO teacher_classes VALUES(469,'الصف التاسع','ب','صباحي',NULL);
INSERT INTO teacher_classes VALUES(470,'الصف السابع','أ','صباحي',NULL);
INSERT INTO teacher_classes VALUES(471,'الصف الثامن','ب','صباحي',NULL);
INSERT INTO teacher_classes VALUES(472,'الصف السابع','ب','صباحي',NULL);
INSERT INTO teacher_classes VALUES(473,'الصف التاسع','أ','صباحي',NULL);
INSERT INTO teacher_classes VALUES(474,'الصف التاسع','ب','صباحي',NULL);
INSERT INTO teacher_classes VALUES(475,'الصف السابع','أ','صباحي',NULL);
INSERT INTO teacher_classes VALUES(476,'الصف الثامن','ب','صباحي',NULL);
INSERT INTO teacher_classes VALUES(477,'الصف السابع','ب','صباحي',NULL);
INSERT INTO teacher_classes VALUES(478,'الصف التاسع','أ','صباحي',NULL);
INSERT INTO teacher_classes VALUES(479,'الصف التاسع','ب','صباحي',NULL);
INSERT INTO teacher_classes VALUES(480,'الصف السابع','أ','صباحي',NULL);
INSERT INTO teacher_classes VALUES(481,'الصف الثامن','ب','صباحي',NULL);
INSERT INTO teacher_classes VALUES(482,'الصف السابع','ب','صباحي',NULL);
INSERT INTO teacher_classes VALUES(483,'الصف التاسع','أ','صباحي',NULL);
INSERT INTO teacher_classes VALUES(484,'الصف التاسع','ب','صباحي',NULL);
INSERT INTO teacher_classes VALUES(485,'الصف السابع','أ','صباحي',NULL);
INSERT INTO teacher_classes VALUES(486,'الصف الثامن','ب','صباحي',NULL);
INSERT INTO teacher_classes VALUES(487,'الصف السابع','ب','صباحي',NULL);
INSERT INTO teacher_classes VALUES(488,'الصف التاسع','أ','صباحي',NULL);
INSERT INTO teacher_classes VALUES(489,'الصف التاسع','ب','صباحي',NULL);
INSERT INTO teacher_classes VALUES(490,'الصف السابع','أ','صباحي',NULL);
INSERT INTO teacher_classes VALUES(491,'الصف الثامن','ب','صباحي',NULL);
INSERT INTO teacher_classes VALUES(492,'الصف السابع','ب','صباحي',NULL);
INSERT INTO teacher_classes VALUES(493,'الصف التاسع','أ','صباحي',NULL);
INSERT INTO teacher_classes VALUES(494,'الصف التاسع','ب','صباحي',NULL);
INSERT INTO teacher_classes VALUES(495,'الصف السابع','أ','صباحي',NULL);
INSERT INTO teacher_classes VALUES(496,'الصف الثامن','ب','صباحي',NULL);
INSERT INTO teacher_classes VALUES(497,'الصف السابع','ب','صباحي',NULL);
INSERT INTO teacher_classes VALUES(498,'الصف التاسع','أ','صباحي',NULL);
INSERT INTO teacher_classes VALUES(499,'الصف التاسع','ب','صباحي',NULL);
INSERT INTO teacher_classes VALUES(500,'الصف السابع','أ','صباحي',NULL);
INSERT INTO teacher_classes VALUES(501,'الصف الثامن','ب','صباحي',NULL);
INSERT INTO teacher_classes VALUES(502,'الصف السابع','ب','صباحي',NULL);
INSERT INTO teacher_classes VALUES(503,'الصف التاسع','أ','صباحي',NULL);
INSERT INTO teacher_classes VALUES(504,'الصف التاسع','ب','صباحي',NULL);
INSERT INTO teacher_classes VALUES(505,'الصف السابع','أ','صباحي',NULL);
INSERT INTO teacher_classes VALUES(506,'الصف الثامن','ب','صباحي',NULL);
INSERT INTO teacher_classes VALUES(507,'الصف السابع','ب','صباحي',NULL);
INSERT INTO teacher_classes VALUES(508,'الصف التاسع','أ','صباحي',NULL);
INSERT INTO teacher_classes VALUES(509,'الصف التاسع','ب','صباحي',NULL);
INSERT INTO teacher_classes VALUES(510,'الصف السابع','أ','صباحي',NULL);
INSERT INTO teacher_classes VALUES(511,'الصف الثامن','ب','صباحي',NULL);
INSERT INTO teacher_classes VALUES(512,'الصف السابع','ب','صباحي',NULL);
INSERT INTO teacher_classes VALUES(513,'الصف التاسع','أ','صباحي',NULL);
INSERT INTO teacher_classes VALUES(514,'الصف التاسع','ب','صباحي',NULL);
INSERT INTO teacher_classes VALUES(515,'الصف السابع','أ','صباحي',NULL);
INSERT INTO teacher_classes VALUES(516,'الصف الثامن','ب','صباحي',NULL);
INSERT INTO teacher_classes VALUES(517,'الصف السابع','ب','صباحي',NULL);
INSERT INTO teacher_classes VALUES(518,'الصف التاسع','أ','صباحي',NULL);
INSERT INTO teacher_classes VALUES(519,'الصف التاسع','ب','صباحي',NULL);
INSERT INTO teacher_classes VALUES(520,'الصف السابع','أ','صباحي',NULL);
INSERT INTO teacher_classes VALUES(521,'الصف الثامن','ب','صباحي',NULL);
INSERT INTO teacher_classes VALUES(522,'الصف السابع','ب','صباحي',NULL);
INSERT INTO teacher_classes VALUES(523,'الصف التاسع','أ','صباحي',NULL);
INSERT INTO teacher_classes VALUES(524,'الصف التاسع','ب','صباحي',NULL);
INSERT INTO teacher_classes VALUES(525,'الصف السابع','أ','صباحي',NULL);
INSERT INTO teacher_classes VALUES(526,'الصف الثامن','ب','صباحي',NULL);
INSERT INTO teacher_classes VALUES(527,'الصف السابع','ب','صباحي',NULL);
INSERT INTO teacher_classes VALUES(528,'الصف التاسع','أ','صباحي',NULL);
INSERT INTO teacher_classes VALUES(529,'الصف التاسع','ب','صباحي',NULL);
INSERT INTO teacher_classes VALUES(530,'الصف السابع','أ','صباحي',NULL);
INSERT INTO teacher_classes VALUES(531,'الصف الثامن','ب','صباحي',NULL);
INSERT INTO teacher_classes VALUES(532,'الصف السابع','ب','صباحي',NULL);
INSERT INTO teacher_classes VALUES(533,'الصف التاسع','أ','صباحي',NULL);
INSERT INTO teacher_classes VALUES(534,'الصف التاسع','ب','صباحي',NULL);
INSERT INTO teacher_classes VALUES(535,'الصف السابع','أ','صباحي',NULL);
INSERT INTO teacher_classes VALUES(536,'الصف الثامن','ب','صباحي',NULL);
INSERT INTO teacher_classes VALUES(537,'الصف السابع','ب','صباحي',NULL);
INSERT INTO teacher_classes VALUES(538,'الصف التاسع','أ','صباحي',NULL);
INSERT INTO teacher_classes VALUES(539,'الصف التاسع','ب','صباحي',NULL);
INSERT INTO teacher_classes VALUES(540,'الصف السابع','أ','صباحي',NULL);
INSERT INTO teacher_classes VALUES(541,'الصف الثامن','ب','صباحي',NULL);
INSERT INTO teacher_classes VALUES(542,'الصف السابع','ب','صباحي',NULL);
INSERT INTO teacher_classes VALUES(543,'الصف التاسع','أ','صباحي',NULL);
INSERT INTO teacher_classes VALUES(544,'الصف التاسع','ب','صباحي',NULL);
INSERT INTO teacher_classes VALUES(545,'الصف السابع','أ','صباحي',NULL);
INSERT INTO teacher_classes VALUES(546,'الصف الثامن','ب','صباحي',NULL);
INSERT INTO teacher_classes VALUES(547,'الصف السابع','ب','صباحي',NULL);
INSERT INTO teacher_classes VALUES(548,'الصف التاسع','أ','صباحي',NULL);
INSERT INTO teacher_classes VALUES(549,'الصف التاسع','ب','صباحي',NULL);
INSERT INTO teacher_classes VALUES(550,'الثاني','أ','صباحي',5);
INSERT INTO teacher_classes VALUES(551,'العاشر ','أ','صباحي',5);
CREATE TABLE class_teachers (
    id INTEGER PRIMARY KEY AUTOINCREMENT,
    class_id INTEGER NOT NULL,
    teacher_id INTEGER NOT NULL,
    FOREIGN KEY (class_id) REFERENCES teacher_classes(id),
    FOREIGN KEY (teacher_id) REFERENCES teachers(id)
);
INSERT INTO class_teachers VALUES(1,1,1);
INSERT INTO class_teachers VALUES(2,2,1);
INSERT INTO class_teachers VALUES(3,3,2);
INSERT INTO class_teachers VALUES(4,4,3);
INSERT INTO class_teachers VALUES(5,5,4);
INSERT INTO class_teachers VALUES(6,1,1);
INSERT INTO class_teachers VALUES(7,2,1);
INSERT INTO class_teachers VALUES(8,3,2);
INSERT INTO class_teachers VALUES(9,4,3);
INSERT INTO class_teachers VALUES(10,5,4);
INSERT INTO class_teachers VALUES(11,11,9);
INSERT INTO class_teachers VALUES(12,11,10);
INSERT INTO class_teachers VALUES(13,12,10);
INSERT INTO class_teachers VALUES(14,1,1);
INSERT INTO class_teachers VALUES(15,2,1);
INSERT INTO class_teachers VALUES(16,3,2);
INSERT INTO class_teachers VALUES(17,4,3);
INSERT INTO class_teachers VALUES(18,5,4);
INSERT INTO class_teachers VALUES(19,1,1);
INSERT INTO class_teachers VALUES(20,2,1);
INSERT INTO class_teachers VALUES(21,3,2);
INSERT INTO class_teachers VALUES(22,4,3);
INSERT INTO class_teachers VALUES(23,5,4);
INSERT INTO class_teachers VALUES(24,1,1);
INSERT INTO class_teachers VALUES(25,2,1);
INSERT INTO class_teachers VALUES(26,3,2);
INSERT INTO class_teachers VALUES(27,4,3);
INSERT INTO class_teachers VALUES(28,5,4);
INSERT INTO class_teachers VALUES(29,1,1);
INSERT INTO class_teachers VALUES(30,2,1);
INSERT INTO class_teachers VALUES(31,3,2);
INSERT INTO class_teachers VALUES(32,4,3);
INSERT INTO class_teachers VALUES(33,5,4);
INSERT INTO class_teachers VALUES(34,1,1);
INSERT INTO class_teachers VALUES(35,2,1);
INSERT INTO class_teachers VALUES(36,3,2);
INSERT INTO class_teachers VALUES(37,4,3);
INSERT INTO class_teachers VALUES(38,5,4);
INSERT INTO class_teachers VALUES(39,1,1);
INSERT INTO class_teachers VALUES(40,2,1);
INSERT INTO class_teachers VALUES(41,3,2);
INSERT INTO class_teachers VALUES(42,4,3);
INSERT INTO class_teachers VALUES(43,5,4);
INSERT INTO class_teachers VALUES(44,43,88);
INSERT INTO class_teachers VALUES(45,1,1);
INSERT INTO class_teachers VALUES(46,2,1);
INSERT INTO class_teachers VALUES(47,3,2);
INSERT INTO class_teachers VALUES(48,4,3);
INSERT INTO class_teachers VALUES(49,5,4);
INSERT INTO class_teachers VALUES(50,1,1);
INSERT INTO class_teachers VALUES(51,2,1);
INSERT INTO class_teachers VALUES(52,3,2);
INSERT INTO class_teachers VALUES(53,4,3);
INSERT INTO class_teachers VALUES(54,5,4);
INSERT INTO class_teachers VALUES(55,1,1);
INSERT INTO class_teachers VALUES(56,2,1);
INSERT INTO class_teachers VALUES(57,3,2);
INSERT INTO class_teachers VALUES(58,4,3);
INSERT INTO class_teachers VALUES(59,5,4);
INSERT INTO class_teachers VALUES(60,1,1);
INSERT INTO class_teachers VALUES(61,2,1);
INSERT INTO class_teachers VALUES(62,3,2);
INSERT INTO class_teachers VALUES(63,4,3);
INSERT INTO class_teachers VALUES(64,5,4);
INSERT INTO class_teachers VALUES(65,1,1);
INSERT INTO class_teachers VALUES(66,2,1);
INSERT INTO class_teachers VALUES(67,3,2);
INSERT INTO class_teachers VALUES(68,4,3);
INSERT INTO class_teachers VALUES(69,5,4);
INSERT INTO class_teachers VALUES(70,1,1);
INSERT INTO class_teachers VALUES(71,2,1);
INSERT INTO class_teachers VALUES(72,3,2);
INSERT INTO class_teachers VALUES(73,4,3);
INSERT INTO class_teachers VALUES(74,5,4);
INSERT INTO class_teachers VALUES(75,1,1);
INSERT INTO class_teachers VALUES(76,2,1);
INSERT INTO class_teachers VALUES(77,3,2);
INSERT INTO class_teachers VALUES(78,4,3);
INSERT INTO class_teachers VALUES(79,5,4);
INSERT INTO class_teachers VALUES(80,1,1);
INSERT INTO class_teachers VALUES(81,2,1);
INSERT INTO class_teachers VALUES(82,3,2);
INSERT INTO class_teachers VALUES(83,4,3);
INSERT INTO class_teachers VALUES(84,5,4);
INSERT INTO class_teachers VALUES(85,1,1);
INSERT INTO class_teachers VALUES(86,2,1);
INSERT INTO class_teachers VALUES(87,3,2);
INSERT INTO class_teachers VALUES(88,4,3);
INSERT INTO class_teachers VALUES(89,5,4);
INSERT INTO class_teachers VALUES(90,1,1);
INSERT INTO class_teachers VALUES(91,2,1);
INSERT INTO class_teachers VALUES(92,3,2);
INSERT INTO class_teachers VALUES(93,4,3);
INSERT INTO class_teachers VALUES(94,5,4);
INSERT INTO class_teachers VALUES(95,1,1);
INSERT INTO class_teachers VALUES(96,2,1);
INSERT INTO class_teachers VALUES(97,3,2);
INSERT INTO class_teachers VALUES(98,4,3);
INSERT INTO class_teachers VALUES(99,5,4);
INSERT INTO class_teachers VALUES(100,1,1);
INSERT INTO class_teachers VALUES(101,2,1);
INSERT INTO class_teachers VALUES(102,3,2);
INSERT INTO class_teachers VALUES(103,4,3);
INSERT INTO class_teachers VALUES(104,5,4);
INSERT INTO class_teachers VALUES(105,104,10);
INSERT INTO class_teachers VALUES(106,6,88);
INSERT INTO class_teachers VALUES(107,1,1);
INSERT INTO class_teachers VALUES(108,2,1);
INSERT INTO class_teachers VALUES(109,3,2);
INSERT INTO class_teachers VALUES(110,4,3);
INSERT INTO class_teachers VALUES(111,5,4);
INSERT INTO class_teachers VALUES(112,1,1);
INSERT INTO class_teachers VALUES(113,2,1);
INSERT INTO class_teachers VALUES(114,3,2);
INSERT INTO class_teachers VALUES(115,4,3);
INSERT INTO class_teachers VALUES(116,5,4);
INSERT INTO class_teachers VALUES(117,1,1);
INSERT INTO class_teachers VALUES(118,2,1);
INSERT INTO class_teachers VALUES(119,3,2);
INSERT INTO class_teachers VALUES(120,4,3);
INSERT INTO class_teachers VALUES(121,5,4);
INSERT INTO class_teachers VALUES(122,1,1);
INSERT INTO class_teachers VALUES(123,2,1);
INSERT INTO class_teachers VALUES(124,3,2);
INSERT INTO class_teachers VALUES(125,4,3);
INSERT INTO class_teachers VALUES(126,5,4);
INSERT INTO class_teachers VALUES(127,1,1);
INSERT INTO class_teachers VALUES(128,2,1);
INSERT INTO class_teachers VALUES(129,3,2);
INSERT INTO class_teachers VALUES(130,4,3);
INSERT INTO class_teachers VALUES(131,5,4);
INSERT INTO class_teachers VALUES(132,1,1);
INSERT INTO class_teachers VALUES(133,2,1);
INSERT INTO class_teachers VALUES(134,3,2);
INSERT INTO class_teachers VALUES(135,4,3);
INSERT INTO class_teachers VALUES(136,5,4);
INSERT INTO class_teachers VALUES(137,1,1);
INSERT INTO class_teachers VALUES(138,2,1);
INSERT INTO class_teachers VALUES(139,3,2);
INSERT INTO class_teachers VALUES(140,4,3);
INSERT INTO class_teachers VALUES(141,5,4);
INSERT INTO class_teachers VALUES(142,1,1);
INSERT INTO class_teachers VALUES(143,2,1);
INSERT INTO class_teachers VALUES(144,3,2);
INSERT INTO class_teachers VALUES(145,4,3);
INSERT INTO class_teachers VALUES(146,5,4);
INSERT INTO class_teachers VALUES(147,1,1);
INSERT INTO class_teachers VALUES(148,2,1);
INSERT INTO class_teachers VALUES(149,3,2);
INSERT INTO class_teachers VALUES(150,4,3);
INSERT INTO class_teachers VALUES(151,5,4);
INSERT INTO class_teachers VALUES(152,1,1);
INSERT INTO class_teachers VALUES(153,2,1);
INSERT INTO class_teachers VALUES(154,3,2);
INSERT INTO class_teachers VALUES(155,4,3);
INSERT INTO class_teachers VALUES(156,5,4);
INSERT INTO class_teachers VALUES(157,1,1);
INSERT INTO class_teachers VALUES(158,2,1);
INSERT INTO class_teachers VALUES(159,3,2);
INSERT INTO class_teachers VALUES(160,4,3);
INSERT INTO class_teachers VALUES(161,5,4);
INSERT INTO class_teachers VALUES(162,1,1);
INSERT INTO class_teachers VALUES(163,2,1);
INSERT INTO class_teachers VALUES(164,3,2);
INSERT INTO class_teachers VALUES(165,4,3);
INSERT INTO class_teachers VALUES(166,5,4);
INSERT INTO class_teachers VALUES(167,1,1);
INSERT INTO class_teachers VALUES(168,2,1);
INSERT INTO class_teachers VALUES(169,3,2);
INSERT INTO class_teachers VALUES(170,4,3);
INSERT INTO class_teachers VALUES(171,5,4);
INSERT INTO class_teachers VALUES(172,1,1);
INSERT INTO class_teachers VALUES(173,2,1);
INSERT INTO class_teachers VALUES(174,3,2);
INSERT INTO class_teachers VALUES(175,4,3);
INSERT INTO class_teachers VALUES(176,5,4);
INSERT INTO class_teachers VALUES(177,1,1);
INSERT INTO class_teachers VALUES(178,2,1);
INSERT INTO class_teachers VALUES(179,3,2);
INSERT INTO class_teachers VALUES(180,4,3);
INSERT INTO class_teachers VALUES(181,5,4);
INSERT INTO class_teachers VALUES(182,1,1);
INSERT INTO class_teachers VALUES(183,2,1);
INSERT INTO class_teachers VALUES(184,3,2);
INSERT INTO class_teachers VALUES(185,4,3);
INSERT INTO class_teachers VALUES(186,5,4);
INSERT INTO class_teachers VALUES(187,1,1);
INSERT INTO class_teachers VALUES(188,2,1);
INSERT INTO class_teachers VALUES(189,3,2);
INSERT INTO class_teachers VALUES(190,4,3);
INSERT INTO class_teachers VALUES(191,5,4);
INSERT INTO class_teachers VALUES(192,1,1);
INSERT INTO class_teachers VALUES(193,2,1);
INSERT INTO class_teachers VALUES(194,3,2);
INSERT INTO class_teachers VALUES(195,4,3);
INSERT INTO class_teachers VALUES(196,5,4);
INSERT INTO class_teachers VALUES(197,1,1);
INSERT INTO class_teachers VALUES(198,2,1);
INSERT INTO class_teachers VALUES(199,3,2);
INSERT INTO class_teachers VALUES(200,4,3);
INSERT INTO class_teachers VALUES(201,5,4);
INSERT INTO class_teachers VALUES(202,1,1);
INSERT INTO class_teachers VALUES(203,2,1);
INSERT INTO class_teachers VALUES(204,3,2);
INSERT INTO class_teachers VALUES(205,4,3);
INSERT INTO class_teachers VALUES(206,5,4);
INSERT INTO class_teachers VALUES(207,1,1);
INSERT INTO class_teachers VALUES(208,2,1);
INSERT INTO class_teachers VALUES(209,3,2);
INSERT INTO class_teachers VALUES(210,4,3);
INSERT INTO class_teachers VALUES(211,5,4);
INSERT INTO class_teachers VALUES(212,1,1);
INSERT INTO class_teachers VALUES(213,2,1);
INSERT INTO class_teachers VALUES(214,3,2);
INSERT INTO class_teachers VALUES(215,4,3);
INSERT INTO class_teachers VALUES(216,5,4);
INSERT INTO class_teachers VALUES(217,1,1);
INSERT INTO class_teachers VALUES(218,2,1);
INSERT INTO class_teachers VALUES(219,3,2);
INSERT INTO class_teachers VALUES(220,4,3);
INSERT INTO class_teachers VALUES(221,5,4);
INSERT INTO class_teachers VALUES(222,220,257);
INSERT INTO class_teachers VALUES(223,1,1);
INSERT INTO class_teachers VALUES(224,2,1);
INSERT INTO class_teachers VALUES(225,3,2);
INSERT INTO class_teachers VALUES(226,4,3);
INSERT INTO class_teachers VALUES(227,5,4);
INSERT INTO class_teachers VALUES(228,1,1);
INSERT INTO class_teachers VALUES(229,2,1);
INSERT INTO class_teachers VALUES(230,3,2);
INSERT INTO class_teachers VALUES(231,4,3);
INSERT INTO class_teachers VALUES(232,5,4);
INSERT INTO class_teachers VALUES(233,1,1);
INSERT INTO class_teachers VALUES(234,2,1);
INSERT INTO class_teachers VALUES(235,3,2);
INSERT INTO class_teachers VALUES(236,4,3);
INSERT INTO class_teachers VALUES(237,5,4);
INSERT INTO class_teachers VALUES(238,1,1);
INSERT INTO class_teachers VALUES(239,2,1);
INSERT INTO class_teachers VALUES(240,3,2);
INSERT INTO class_teachers VALUES(241,4,3);
INSERT INTO class_teachers VALUES(242,5,4);
INSERT INTO class_teachers VALUES(243,1,1);
INSERT INTO class_teachers VALUES(244,2,1);
INSERT INTO class_teachers VALUES(245,3,2);
INSERT INTO class_teachers VALUES(246,4,3);
INSERT INTO class_teachers VALUES(247,5,4);
INSERT INTO class_teachers VALUES(248,1,1);
INSERT INTO class_teachers VALUES(249,2,1);
INSERT INTO class_teachers VALUES(250,3,2);
INSERT INTO class_teachers VALUES(251,4,3);
INSERT INTO class_teachers VALUES(252,5,4);
INSERT INTO class_teachers VALUES(253,1,1);
INSERT INTO class_teachers VALUES(254,2,1);
INSERT INTO class_teachers VALUES(255,3,2);
INSERT INTO class_teachers VALUES(256,4,3);
INSERT INTO class_teachers VALUES(257,5,4);
INSERT INTO class_teachers VALUES(258,1,1);
INSERT INTO class_teachers VALUES(259,2,1);
INSERT INTO class_teachers VALUES(260,3,2);
INSERT INTO class_teachers VALUES(261,4,3);
INSERT INTO class_teachers VALUES(262,5,4);
INSERT INTO class_teachers VALUES(263,1,1);
INSERT INTO class_teachers VALUES(264,2,1);
INSERT INTO class_teachers VALUES(265,3,2);
INSERT INTO class_teachers VALUES(266,4,3);
INSERT INTO class_teachers VALUES(267,5,4);
INSERT INTO class_teachers VALUES(268,1,1);
INSERT INTO class_teachers VALUES(269,2,1);
INSERT INTO class_teachers VALUES(270,3,2);
INSERT INTO class_teachers VALUES(271,4,3);
INSERT INTO class_teachers VALUES(272,5,4);
INSERT INTO class_teachers VALUES(273,1,1);
INSERT INTO class_teachers VALUES(274,2,1);
INSERT INTO class_teachers VALUES(275,3,2);
INSERT INTO class_teachers VALUES(276,4,3);
INSERT INTO class_teachers VALUES(277,5,4);
INSERT INTO class_teachers VALUES(278,1,1);
INSERT INTO class_teachers VALUES(279,2,1);
INSERT INTO class_teachers VALUES(280,3,2);
INSERT INTO class_teachers VALUES(281,4,3);
INSERT INTO class_teachers VALUES(282,5,4);
INSERT INTO class_teachers VALUES(283,1,1);
INSERT INTO class_teachers VALUES(284,2,1);
INSERT INTO class_teachers VALUES(285,3,2);
INSERT INTO class_teachers VALUES(286,4,3);
INSERT INTO class_teachers VALUES(287,5,4);
INSERT INTO class_teachers VALUES(288,1,1);
INSERT INTO class_teachers VALUES(289,2,1);
INSERT INTO class_teachers VALUES(290,3,2);
INSERT INTO class_teachers VALUES(291,4,3);
INSERT INTO class_teachers VALUES(292,5,4);
INSERT INTO class_teachers VALUES(293,1,1);
INSERT INTO class_teachers VALUES(294,2,1);
INSERT INTO class_teachers VALUES(295,3,2);
INSERT INTO class_teachers VALUES(296,4,3);
INSERT INTO class_teachers VALUES(297,5,4);
INSERT INTO class_teachers VALUES(298,1,1);
INSERT INTO class_teachers VALUES(299,2,1);
INSERT INTO class_teachers VALUES(300,3,2);
INSERT INTO class_teachers VALUES(301,4,3);
INSERT INTO class_teachers VALUES(302,5,4);
INSERT INTO class_teachers VALUES(303,1,1);
INSERT INTO class_teachers VALUES(304,2,1);
INSERT INTO class_teachers VALUES(305,3,2);
INSERT INTO class_teachers VALUES(306,4,3);
INSERT INTO class_teachers VALUES(307,5,4);
INSERT INTO class_teachers VALUES(308,1,1);
INSERT INTO class_teachers VALUES(309,2,1);
INSERT INTO class_teachers VALUES(310,3,2);
INSERT INTO class_teachers VALUES(311,4,3);
INSERT INTO class_teachers VALUES(312,5,4);
INSERT INTO class_teachers VALUES(313,1,1);
INSERT INTO class_teachers VALUES(314,2,1);
INSERT INTO class_teachers VALUES(315,3,2);
INSERT INTO class_teachers VALUES(316,4,3);
INSERT INTO class_teachers VALUES(317,5,4);
INSERT INTO class_teachers VALUES(318,1,1);
INSERT INTO class_teachers VALUES(319,2,1);
INSERT INTO class_teachers VALUES(320,3,2);
INSERT INTO class_teachers VALUES(321,4,3);
INSERT INTO class_teachers VALUES(322,5,4);
INSERT INTO class_teachers VALUES(323,1,1);
INSERT INTO class_teachers VALUES(324,2,1);
INSERT INTO class_teachers VALUES(325,3,2);
INSERT INTO class_teachers VALUES(326,4,3);
INSERT INTO class_teachers VALUES(327,5,4);
INSERT INTO class_teachers VALUES(328,1,1);
INSERT INTO class_teachers VALUES(329,2,1);
INSERT INTO class_teachers VALUES(330,3,2);
INSERT INTO class_teachers VALUES(331,4,3);
INSERT INTO class_teachers VALUES(332,5,4);
INSERT INTO class_teachers VALUES(333,1,1);
INSERT INTO class_teachers VALUES(334,2,1);
INSERT INTO class_teachers VALUES(335,3,2);
INSERT INTO class_teachers VALUES(336,4,3);
INSERT INTO class_teachers VALUES(337,5,4);
INSERT INTO class_teachers VALUES(338,1,1);
INSERT INTO class_teachers VALUES(339,2,1);
INSERT INTO class_teachers VALUES(340,3,2);
INSERT INTO class_teachers VALUES(341,4,3);
INSERT INTO class_teachers VALUES(342,5,4);
INSERT INTO class_teachers VALUES(343,1,1);
INSERT INTO class_teachers VALUES(344,2,1);
INSERT INTO class_teachers VALUES(345,3,2);
INSERT INTO class_teachers VALUES(346,4,3);
INSERT INTO class_teachers VALUES(347,5,4);
INSERT INTO class_teachers VALUES(348,1,1);
INSERT INTO class_teachers VALUES(349,2,1);
INSERT INTO class_teachers VALUES(350,3,2);
INSERT INTO class_teachers VALUES(351,4,3);
INSERT INTO class_teachers VALUES(352,5,4);
INSERT INTO class_teachers VALUES(353,1,1);
INSERT INTO class_teachers VALUES(354,2,1);
INSERT INTO class_teachers VALUES(355,3,2);
INSERT INTO class_teachers VALUES(356,4,3);
INSERT INTO class_teachers VALUES(357,5,4);
INSERT INTO class_teachers VALUES(358,1,1);
INSERT INTO class_teachers VALUES(359,2,1);
INSERT INTO class_teachers VALUES(360,3,2);
INSERT INTO class_teachers VALUES(361,4,3);
INSERT INTO class_teachers VALUES(362,5,4);
INSERT INTO class_teachers VALUES(363,361,370);
INSERT INTO class_teachers VALUES(364,362,370);
INSERT INTO class_teachers VALUES(365,363,370);
INSERT INTO class_teachers VALUES(366,364,370);
INSERT INTO class_teachers VALUES(367,365,370);
INSERT INTO class_teachers VALUES(368,366,370);
INSERT INTO class_teachers VALUES(369,367,370);
INSERT INTO class_teachers VALUES(370,368,370);
INSERT INTO class_teachers VALUES(371,369,370);
INSERT INTO class_teachers VALUES(372,1,1);
INSERT INTO class_teachers VALUES(373,2,1);
INSERT INTO class_teachers VALUES(374,3,2);
INSERT INTO class_teachers VALUES(375,4,3);
INSERT INTO class_teachers VALUES(376,5,4);
INSERT INTO class_teachers VALUES(377,1,1);
INSERT INTO class_teachers VALUES(378,2,1);
INSERT INTO class_teachers VALUES(379,3,2);
INSERT INTO class_teachers VALUES(380,4,3);
INSERT INTO class_teachers VALUES(381,5,4);
INSERT INTO class_teachers VALUES(382,1,1);
INSERT INTO class_teachers VALUES(383,2,1);
INSERT INTO class_teachers VALUES(384,3,2);
INSERT INTO class_teachers VALUES(385,4,3);
INSERT INTO class_teachers VALUES(386,5,4);
INSERT INTO class_teachers VALUES(387,1,1);
INSERT INTO class_teachers VALUES(388,2,1);
INSERT INTO class_teachers VALUES(389,3,2);
INSERT INTO class_teachers VALUES(390,4,3);
INSERT INTO class_teachers VALUES(391,5,4);
INSERT INTO class_teachers VALUES(392,1,1);
INSERT INTO class_teachers VALUES(393,2,1);
INSERT INTO class_teachers VALUES(394,3,2);
INSERT INTO class_teachers VALUES(395,4,3);
INSERT INTO class_teachers VALUES(396,5,4);
INSERT INTO class_teachers VALUES(397,1,1);
INSERT INTO class_teachers VALUES(398,2,1);
INSERT INTO class_teachers VALUES(399,3,2);
INSERT INTO class_teachers VALUES(400,4,3);
INSERT INTO class_teachers VALUES(401,5,4);
INSERT INTO class_teachers VALUES(402,1,1);
INSERT INTO class_teachers VALUES(403,2,1);
INSERT INTO class_teachers VALUES(404,3,2);
INSERT INTO class_teachers VALUES(405,4,3);
INSERT INTO class_teachers VALUES(406,5,4);
INSERT INTO class_teachers VALUES(407,1,1);
INSERT INTO class_teachers VALUES(408,2,1);
INSERT INTO class_teachers VALUES(409,3,2);
INSERT INTO class_teachers VALUES(410,4,3);
INSERT INTO class_teachers VALUES(411,5,4);
INSERT INTO class_teachers VALUES(412,1,1);
INSERT INTO class_teachers VALUES(413,2,1);
INSERT INTO class_teachers VALUES(414,3,2);
INSERT INTO class_teachers VALUES(415,4,3);
INSERT INTO class_teachers VALUES(416,5,4);
INSERT INTO class_teachers VALUES(417,1,1);
INSERT INTO class_teachers VALUES(418,2,1);
INSERT INTO class_teachers VALUES(419,3,2);
INSERT INTO class_teachers VALUES(420,4,3);
INSERT INTO class_teachers VALUES(421,5,4);
INSERT INTO class_teachers VALUES(422,1,1);
INSERT INTO class_teachers VALUES(423,2,1);
INSERT INTO class_teachers VALUES(424,3,2);
INSERT INTO class_teachers VALUES(425,4,3);
INSERT INTO class_teachers VALUES(426,5,4);
INSERT INTO class_teachers VALUES(427,1,1);
INSERT INTO class_teachers VALUES(428,2,1);
INSERT INTO class_teachers VALUES(429,3,2);
INSERT INTO class_teachers VALUES(430,4,3);
INSERT INTO class_teachers VALUES(431,5,4);
INSERT INTO class_teachers VALUES(432,1,1);
INSERT INTO class_teachers VALUES(433,2,1);
INSERT INTO class_teachers VALUES(434,3,2);
INSERT INTO class_teachers VALUES(435,4,3);
INSERT INTO class_teachers VALUES(436,5,4);
INSERT INTO class_teachers VALUES(437,1,1);
INSERT INTO class_teachers VALUES(438,2,1);
INSERT INTO class_teachers VALUES(439,3,2);
INSERT INTO class_teachers VALUES(440,4,3);
INSERT INTO class_teachers VALUES(441,5,4);
INSERT INTO class_teachers VALUES(442,1,1);
INSERT INTO class_teachers VALUES(443,2,1);
INSERT INTO class_teachers VALUES(444,3,2);
INSERT INTO class_teachers VALUES(445,4,3);
INSERT INTO class_teachers VALUES(446,5,4);
INSERT INTO class_teachers VALUES(447,1,1);
INSERT INTO class_teachers VALUES(448,2,1);
INSERT INTO class_teachers VALUES(449,3,2);
INSERT INTO class_teachers VALUES(450,4,3);
INSERT INTO class_teachers VALUES(451,5,4);
INSERT INTO class_teachers VALUES(452,1,1);
INSERT INTO class_teachers VALUES(453,2,1);
INSERT INTO class_teachers VALUES(454,3,2);
INSERT INTO class_teachers VALUES(455,4,3);
INSERT INTO class_teachers VALUES(456,5,4);
INSERT INTO class_teachers VALUES(457,1,1);
INSERT INTO class_teachers VALUES(458,2,1);
INSERT INTO class_teachers VALUES(459,3,2);
INSERT INTO class_teachers VALUES(460,4,3);
INSERT INTO class_teachers VALUES(461,5,4);
INSERT INTO class_teachers VALUES(462,1,1);
INSERT INTO class_teachers VALUES(463,2,1);
INSERT INTO class_teachers VALUES(464,3,2);
INSERT INTO class_teachers VALUES(465,4,3);
INSERT INTO class_teachers VALUES(466,5,4);
INSERT INTO class_teachers VALUES(467,1,1);
INSERT INTO class_teachers VALUES(468,2,1);
INSERT INTO class_teachers VALUES(469,3,2);
INSERT INTO class_teachers VALUES(470,4,3);
INSERT INTO class_teachers VALUES(471,5,4);
INSERT INTO class_teachers VALUES(472,1,1);
INSERT INTO class_teachers VALUES(473,2,1);
INSERT INTO class_teachers VALUES(474,3,2);
INSERT INTO class_teachers VALUES(475,4,3);
INSERT INTO class_teachers VALUES(476,5,4);
INSERT INTO class_teachers VALUES(477,1,1);
INSERT INTO class_teachers VALUES(478,2,1);
INSERT INTO class_teachers VALUES(479,3,2);
INSERT INTO class_teachers VALUES(480,4,3);
INSERT INTO class_teachers VALUES(481,5,4);
INSERT INTO class_teachers VALUES(482,1,1);
INSERT INTO class_teachers VALUES(483,2,1);
INSERT INTO class_teachers VALUES(484,3,2);
INSERT INTO class_teachers VALUES(485,4,3);
INSERT INTO class_teachers VALUES(486,5,4);
INSERT INTO class_teachers VALUES(487,1,1);
INSERT INTO class_teachers VALUES(488,2,1);
INSERT INTO class_teachers VALUES(489,3,2);
INSERT INTO class_teachers VALUES(490,4,3);
INSERT INTO class_teachers VALUES(491,5,4);
INSERT INTO class_teachers VALUES(492,1,1);
INSERT INTO class_teachers VALUES(493,2,1);
INSERT INTO class_teachers VALUES(494,3,2);
INSERT INTO class_teachers VALUES(495,4,3);
INSERT INTO class_teachers VALUES(496,5,4);
INSERT INTO class_teachers VALUES(497,1,1);
INSERT INTO class_teachers VALUES(498,2,1);
INSERT INTO class_teachers VALUES(499,3,2);
INSERT INTO class_teachers VALUES(500,4,3);
INSERT INTO class_teachers VALUES(501,5,4);
INSERT INTO class_teachers VALUES(502,1,1);
INSERT INTO class_teachers VALUES(503,2,1);
INSERT INTO class_teachers VALUES(504,3,2);
INSERT INTO class_teachers VALUES(505,4,3);
INSERT INTO class_teachers VALUES(506,5,4);
INSERT INTO class_teachers VALUES(507,1,1);
INSERT INTO class_teachers VALUES(508,2,1);
INSERT INTO class_teachers VALUES(509,3,2);
INSERT INTO class_teachers VALUES(510,4,3);
INSERT INTO class_teachers VALUES(511,5,4);
INSERT INTO class_teachers VALUES(512,1,1);
INSERT INTO class_teachers VALUES(513,2,1);
INSERT INTO class_teachers VALUES(514,3,2);
INSERT INTO class_teachers VALUES(515,4,3);
INSERT INTO class_teachers VALUES(516,5,4);
INSERT INTO class_teachers VALUES(517,1,1);
INSERT INTO class_teachers VALUES(518,2,1);
INSERT INTO class_teachers VALUES(519,3,2);
INSERT INTO class_teachers VALUES(520,4,3);
INSERT INTO class_teachers VALUES(521,5,4);
INSERT INTO class_teachers VALUES(522,1,1);
INSERT INTO class_teachers VALUES(523,2,1);
INSERT INTO class_teachers VALUES(524,3,2);
INSERT INTO class_teachers VALUES(525,4,3);
INSERT INTO class_teachers VALUES(526,5,4);
INSERT INTO class_teachers VALUES(527,1,1);
INSERT INTO class_teachers VALUES(528,2,1);
INSERT INTO class_teachers VALUES(529,3,2);
INSERT INTO class_teachers VALUES(530,4,3);
INSERT INTO class_teachers VALUES(531,5,4);
INSERT INTO class_teachers VALUES(532,1,1);
INSERT INTO class_teachers VALUES(533,2,1);
INSERT INTO class_teachers VALUES(534,3,2);
INSERT INTO class_teachers VALUES(535,4,3);
INSERT INTO class_teachers VALUES(536,5,4);
INSERT INTO class_teachers VALUES(537,1,1);
INSERT INTO class_teachers VALUES(538,2,1);
INSERT INTO class_teachers VALUES(539,3,2);
INSERT INTO class_teachers VALUES(540,4,3);
INSERT INTO class_teachers VALUES(541,5,4);
INSERT INTO class_teachers VALUES(542,1,1);
INSERT INTO class_teachers VALUES(543,2,1);
INSERT INTO class_teachers VALUES(544,3,2);
INSERT INTO class_teachers VALUES(545,4,3);
INSERT INTO class_teachers VALUES(546,5,4);
INSERT INTO class_teachers VALUES(547,1,1);
INSERT INTO class_teachers VALUES(548,2,1);
INSERT INTO class_teachers VALUES(549,3,2);
INSERT INTO class_teachers VALUES(550,4,3);
INSERT INTO class_teachers VALUES(551,5,4);
INSERT INTO class_teachers VALUES(552,550,45);
INSERT INTO class_teachers VALUES(553,551,451);
CREATE TABLE subjects (
        id INTEGER PRIMARY KEY AUTOINCREMENT,
        subject_name TEXT NOT NULL UNIQUE
    );
INSERT INTO subjects VALUES(1,'لغة عربية');
INSERT INTO subjects VALUES(2,'لغة إنجليزية');
INSERT INTO subjects VALUES(3,'رياضيات');
INSERT INTO subjects VALUES(4,'مهارات رقمية');
INSERT INTO subjects VALUES(68,'وزوو');
INSERT INTO subjects VALUES(69,'تتتتتااا');
INSERT INTO subjects VALUES(163,'حاسوب');
CREATE TABLE teacher_subjects (
        id INTEGER PRIMARY KEY AUTOINCREMENT,
        teacher_id INTEGER NOT NULL,
        subject_id INTEGER NOT NULL,
        FOREIGN KEY (teacher_id) REFERENCES teachers(id) ON DELETE CASCADE,
        FOREIGN KEY (subject_id) REFERENCES subjects(id) ON DELETE CASCADE,
        UNIQUE (teacher_id, subject_id)
    );
INSERT INTO teacher_subjects VALUES(1,1,3);
INSERT INTO teacher_subjects VALUES(2,2,1);
INSERT INTO teacher_subjects VALUES(3,3,2);
INSERT INTO teacher_subjects VALUES(4,4,4);
CREATE TABLE class_subjects (
        id INTEGER PRIMARY KEY AUTOINCREMENT,
        class_id INTEGER NOT NULL,
        subject_id INTEGER NOT NULL,
        teacher_id INTEGER NOT NULL,
        FOREIGN KEY (class_id) REFERENCES teacher_classes(id) ON DELETE CASCADE,
        FOREIGN KEY (subject_id) REFERENCES subjects(id) ON DELETE CASCADE,
        FOREIGN KEY (teacher_id) REFERENCES teachers(id) ON DELETE CASCADE,
        UNIQUE (class_id, subject_id, teacher_id)
    );
CREATE TABLE subject_teachers (
    id INTEGER PRIMARY KEY AUTOINCREMENT,
    subject_id INTEGER NOT NULL,
    teacher_id INTEGER NOT NULL,
    FOREIGN KEY(subject_id) REFERENCES subjects(id),
    FOREIGN KEY(teacher_id) REFERENCES teachers(id),
    UNIQUE(subject_id, teacher_id)  -- لضمان عدم تكرار الربط
);
INSERT INTO subject_teachers VALUES(15,163,257);
CREATE TABLE users (
    id INTEGER PRIMARY KEY AUTOINCREMENT,
    username TEXT UNIQUE NOT NULL,
    password TEXT NOT NULL,
    role TEXT NOT NULL CHECK(role IN ('admin', 'teacher', 'student', 'superadmin')),
    school_id INTEGER REFERENCES schools(id)
);
INSERT INTO users VALUES(1,'superadmin','scrypt:32768:8:1$TZKxgduVXXJeXgE8$0d29f810b67308189a1e73b62d8854fcced835ac542a4e8c734a52cd47dcf289a853cf3e2c110c9caa9d4a2835bd0b79370a6db97cfa19773e230540b7ccbb45','superadmin',NULL);
CREATE TABLE superadmins (
        id INTEGER PRIMARY KEY AUTOINCREMENT,
        username TEXT NOT NULL UNIQUE,
        password TEXT NOT NULL
    );
INSERT INTO superadmins VALUES(1,'superadmin','scrypt:32768:8:1$P9mFPNSC5C7TUnxH$9ff38ce4bb7d9840a895a4f553f24e067a0d655efb7ff46cb0d30fea1fee1d36e4ae0d5b237bf34bf7c99bc6d13fb92ee0aba769f19f3457fbdeef2f1cce8f99');
INSERT INTO sqlite_sequence VALUES('students',280);
INSERT INTO sqlite_sequence VALUES('attendance',119);
INSERT INTO sqlite_sequence VALUES('student_tracking',61);
INSERT INTO sqlite_sequence VALUES('schools',285);
INSERT INTO sqlite_sequence VALUES('teachers',577);
INSERT INTO sqlite_sequence VALUES('teacher_classes',551);
INSERT INTO sqlite_sequence VALUES('class_teachers',553);
INSERT INTO sqlite_sequence VALUES('subjects',419);
INSERT INTO sqlite_sequence VALUES('teacher_subjects',412);
INSERT INTO sqlite_sequence VALUES('subject_teachers',15);
INSERT INTO sqlite_sequence VALUES('users',1);
INSERT INTO sqlite_sequence VALUES('superadmins',6);
COMMIT;
